inst_id,source,name,country,city_expected,homepage,csrankings_faculty,ror_query,ror_id,ror_name,ror_city,lat,lon,score,similarity,domain_match,coords_from,city_note,override_note,status,geocode_precision,geocode_query,geocode_display,shift_from_city_km
pt-universidade-de-lisboa,csrankings,Universidade de Lisboa,pt,,https://dei.tecnico.ulisboa.pt/en/,278,Universidade de Lisboa,01c27hj86,University of Lisbon,Lisbon,38.7330911,-9.1607543,1.00,1.00,1,,,,auto,street,"Universidade de Lisboa, Lisbon","Universidade NOVA de Lisboa - Campus de Campolide, Rua de Campolide, Campolide, Lisboa, 10",1.30
gb-university-of-edinburgh,csrankings,University of Edinburgh,gb,,https://informatics.ed.ac.uk/,175,University of Edinburgh,01nrxwf90,University of Edinburgh,Edinburgh,55.9440765,-3.1883736,1.00,1.00,1,,,,auto,street,"University of Edinburgh, Edinburgh","University of Edinburgh, St Patrick Square, Pleasance, Southside, City of Edinburgh, Alba ",1.02
fr-cristal,csrankings,CRIStAL,fr,,https://www.cristal.univ-lille.fr,145,Université de Lille,02kzqn938,Université de Lille,Lille,50.6070271,3.1374381,1.00,1.00,0,,,"CRIStAL is UMR 9189, hosted on the Lille campus",auto,street,"CRIStAL, Lille","CRIStAL, Avenue Henri Poincaré, Cité Scientifique, Villeneuve-d'Ascq, Lille, Nord, Hauts-d",6.53
nl-tu-delft,csrankings,TU Delft,nl,,https://www.tudelft.nl/en/eemcs,145,TU Delft,02e2c7k09,Delft University of Technology,Delft,51.9988274,4.3739604,1.00,1.00,1,,,,auto,street,"TU Delft, Delft","Technische Universiteit Delft, Kruithuisweg, Ruiven, Delft, Zuid-Holland, Nederland, 2629 ",1.53
at-tu-wien,csrankings,TU Wien,at,,https://informatics.tuwien.ac.at/,120,TU Wien,04d836q62,TU Wien,Vienna,48.1985397,16.3698617,1.00,1.00,0,,,,auto,building,"TU Wien, Vienna","TU Wien, Hauptgebäude, 13, Karlsplatz, Freihausviertel, Wieden, Wien, 1040, Österreich",1.12
gb-university-college-london,csrankings,University College London,gb,,https://www.ucl.ac.uk/computer-science/,120,University College London,02jx3x895,University College London,London,51.524203,-0.1330007,1.00,1.00,0,,,,auto,street,"University College London, London","University College London, Southampton Row, Bloomsbury, London Borough of Camden, Greater ",1.81
se-chalmers-gu,csrankings,Chalmers/GU,se,,https://www.chalmers.se/en/departments/cse/,118,Chalmers University of Technology,040wg7k59,Chalmers University of Technology,Gothenburg,57.7004642,11.9719516,1.00,1.00,1,,,CSRankings merges Chalmers and Gothenburg University,auto,street,"Chalmers/GU, Gothenburg","Chalmersgatan, Vasastaden, Centrum, Göteborg, Göteborgs Stad, Västra Götalands län, 411 38",0.81
dk-university-of-copenhagen,csrankings,University of Copenhagen,dk,,https://di.ku.dk/english/,116,University of Copenhagen,035b05819,University of Copenhagen,Copenhagen,55.6801502,12.572327,1.00,1.00,1,,,,auto,street,"University of Copenhagen, Copenhagen","Københavns Universitet, Frue Plads, Nørrevold, Indre By, København, Københavns Kommune, Re",0.63
dk-dtu,csrankings,DTU,dk,,https://www.compute.dtu.dk/,115,Technical University of Denmark,04qtj9h94,Technical University of Denmark,Kongens Lyngby,55.7854145,12.5202151,1.00,1.00,1,,,,auto,street,"DTU, Kongens Lyngby","Danmarks Tekniske Universitet, Fysikvej, Fuglevad, Lundtofte, Kongens Lyngby, Lyngby-Taarb",1.96
es-university-of-a-coru-a,csrankings,University of A Coruña,es,,https://pdi.udc.es,114,University of A Coruña,01qckj285,Universidade da Coruña,A Coruña,43.3708694,-8.3902487,1.00,1.00,0,,,,auto,street,"Universidade da Coruña, A Coruña","Reitorado da Universidade da Coruña, Paseo Alcalde Francisco Vázquez, A Mestranza, Cidade ",0.47
gb-queen-s-university-belfast,csrankings,Queen's University Belfast,gb,,https://www.qub.ac.uk,112,Queen's University Belfast,00hswnk62,Queen's University Belfast,Belfast,54.5842881,-5.9336562,1.00,1.00,1,,,,auto,street,"Queen's University Belfast, Belfast","Queen's University Belfast, Cleaver Gardens, Upper Falls, Lower Malone, Belfast City Distr",1.49
de-tu-munich,csrankings,TU Munich,de,,https://www.cs.cit.tum.de/en/cs/home/,109,Technische Universität München,02kkvpp62,Technical University of Munich,Munich,48.1481003,11.5660883,1.00,1.00,1,,,Bare 'TU Munich' matched EU Business School's Munich campus,auto,street,"TU Munich, Munich","Technische Universität, Gabelsbergerstraße, Kunstareal, St. Benno-Viertel, Maxvorstadt, Mü",1.38
gb-university-of-glasgow,csrankings,University of Glasgow,gb,,https://www.gla.ac.uk/schools/computing/,107,University of Glasgow,00vtgdb53,University of Glasgow,Glasgow,55.8716587,-4.2883961,1.00,1.00,0,,,,auto,street,"University of Glasgow, Glasgow","University of Glasgow, Cloisters, Hillhead, Kelvinhaugh, Glasgow, Glasgow City, Alba / Sco",2.05
gb-university-of-oxford,csrankings,University of Oxford,gb,,https://www.cs.ox.ac.uk/,102,University of Oxford,052gg0110,University of Oxford,Oxford,51.75222,-1.25596,1.00,1.00,1,,,,auto,city_centroid,,,0.00
gb-university-of-southampton,csrankings,University of Southampton,gb,,https://www.ecs.soton.ac.uk/,100,University of Southampton,01ryk1543,University of Southampton,Southampton,50.90395,-1.40428,1.00,1.00,0,,,,auto,city_centroid,,,0.00
it-politecnico-di-milano,csrankings,Politecnico di Milano,it,,https://www.deib.polimi.it/eng/home-page,99,Politecnico di Milano,01nffqt88,Politecnico di Milano,Milan,45.4800101,9.2282387,1.00,1.00,1,,,,auto,street,"Politecnico di Milano, Milan","Politecnico di Milano, Sede Milano Città Studi, Via Dino Compagni, Vallazze, Città Studi, ",3.49
dk-it-university-of-copenhagen,csrankings,IT University of Copenhagen,dk,,https://en.itu.dk/,98,IT University of Copenhagen,02309jg23,IT University of Copenhagen,Copenhagen,55.6596553,12.5910769,1.00,1.00,1,,,,auto,street,"IT University of Copenhagen, Copenhagen","IT-Universitetet, Emil Holms Kanal, Islands Brygge, Ballonparken, København, Københavns Ko",2.42
ch-epfl,csrankings,EPFL,ch,,https://www.epfl.ch/schools/ic/,97,École Polytechnique Fédérale de Lausanne,02s376052,École Polytechnique Fédérale de Lausanne,Lausanne,46.518238,6.5682154,1.00,1.00,0,,,,auto,street,"EPFL, Route Cantonale, Écublens","Accueil-information EPFL, Route Cantonale, Quartier Sorge, Ecublens, District de l'Ouest l",4.95
gb-university-of-cambridge,csrankings,University of Cambridge,gb,,https://www.cst.cam.ac.uk/,96,University of Cambridge,013meh722,University of Cambridge,Cambridge,52.1955028,0.1302392,1.00,1.00,1,,,,auto,building,"University of Cambridge, Cambridge","University of Cambridge, 82-88, Hills Road, Petersfield, Cambridge, Cambridgeshire, Cambri",1.05
gb-imperial-college-london,csrankings,Imperial College London,gb,,https://www.imperial.ac.uk/computing/,95,Imperial College London,041kmwe10,Imperial College London,London,51.4989595,-0.1756407,1.00,1.00,1,,,,auto,street,"Imperial College London, London","Imperial College London, Exhibition Road, Brompton, City of Westminster, Greater London, E",3.61
it-sapienza-university-of-rome,csrankings,Sapienza University of Rome,it,,https://www.diag.uniroma1.it/en,95,Sapienza University of Rome,02be6w209,Sapienza University of Rome,Rome,41.89193,12.51133,1.00,1.00,1,,,,auto,city_centroid,,,0.00
se-kth-royal-inst-of-technology,csrankings,KTH Royal Inst. of Technology,se,,https://eecs.kth.se/,92,KTH Royal Inst. of Technology,026vcq606,KTH Royal Institute of Technology,Stockholm,59.3498665,18.0706321,1.00,0.90,1,,,,auto,street,"KTH Royal Institute of Technology, Valhallavägen, Stockholm","Kungliga Tekniska högskolan, Valhallavägen, Norra Djurgården, Norra innerstadens stadsdels",2.28
se-uppsala-university,csrankings,Uppsala University,se,,https://www.it.uu.se/,91,Uppsala University,048a87296,Uppsala University,Uppsala,59.8576363,17.6294616,1.00,1.00,0,,,,auto,street,"Uppsala University, Uppsala","Uppsala universitet, Sankt Olofsgatan, Främre Luthagen, Fjärdingen, Uppsala, Uppsala kommu",0.54
fr-ecole-normale-superieure-de-lyon,csrankings,Ecole Normale Superieure de Lyon,fr,,https://informatique.ens-lyon.fr,89,Ecole Normale Superieure de Lyon,04zmssz18,École Normale Supérieure de Lyon,Lyon,45.7332169,4.8332419,1.00,1.00,0,,,,auto,building,"Ecole Normale Superieure de Lyon, Lyon","École Normale Supérieure de Lyon - Site René Descartes, 15, Parvis René Descartes, Le Bon ",2.10
gb-royal-holloway-univ-of-london,csrankings,Royal Holloway Univ. of London,gb,,https://pure.royalholloway.ac.uk,87,"Royal Holloway, University of London",04g2vpn86,Royal Holloway University of London,Egham,51.4244496,-0.5642554,0.97,0.99,0,,,,auto,street,Royal Holloway Univ. of London,"Royal Holloway, Whitehall Lane, Stroude, Runnymede, Surrey, England, TW20 9TP, United King",1.14
gb-university-of-liverpool,csrankings,University of Liverpool,gb,,https://www.liverpool.ac.uk/computer-science/,86,University of Liverpool,04xs57h96,University of Liverpool,Liverpool,53.4072429,-2.9658326,1.00,1.00,0,,,,auto,street,"University of Liverpool, Liverpool","University of Liverpool, Grove Street, Knowledge Quarter, Edge Hill, Liverpool, Liverpool ",0.88
gb-university-of-bristol,csrankings,University of Bristol,gb,,https://www.bristol.ac.uk/engineering/schools/computer-science/,83,University of Bristol,0524sp257,University of Bristol,Bristol,51.4905582,-2.6304825,1.00,1.00,0,,,,auto,district,University of Bristol,"University of Bristol, Barrow Gurney, North Somerset, England, BS9 3RZ, United Kingdom",4.57
gb-university-of-manchester,csrankings,University of Manchester,gb,,https://www.cs.manchester.ac.uk/,83,University of Manchester,027m9bs27,University of Manchester,Manchester,53.4660226,-2.2330858,1.00,1.00,0,,,,auto,street,"University of Manchester, Manchester","University of Manchester, Oxford Road, Brunswick, Chorlton-on-Medlock, Manchester, Greater",1.68
nl-university-of-twente,csrankings,University of Twente,nl,,https://www.utwente.nl/en/eemcs/,81,University of Twente,006hf6230,University of Twente,Enschede,52.2425267,6.8567575,1.00,1.00,1,,,,auto,street,"University of Twente, Enschede","University of Twente, De Zul, Enschede, Overijssel, Nederland, 7522 LV, Nederland",3.78
gb-university-of-essex,csrankings,University of Essex,gb,,https://www.essex.ac.uk,80,University of Essex,02nkf1q06,University of Essex,Colchester,51.8773639,0.9498751,1.00,1.00,1,,,,auto,street,"University of Essex, Colchester","University of Essex, Ballantyne Drive, Hythe, Colchester, Essex, England, CO2 8GL, United ",3.40
gb-cardiff-university,csrankings,Cardiff University,gb,,https://www.cardiff.ac.uk/computer-science,77,Cardiff University,03kk7td41,Cardiff University,Cardiff,51.5067253,-3.1894874,1.00,1.00,0,,,,auto,street,"Cardiff University, Cardiff","Cardiff University, The Philog, Whitchurch, Cardiff, Cymru / Wales, CF14 1RA, United Kingd",3.04
gb-university-of-york,csrankings,University of York,gb,,https://www.york.ac.uk/computer-science/,77,University of York,04m01e293,University of York,York,53.9453912,-1.0314589,1.00,1.00,1,,,,auto,street,"University of York, York","University of York, Mitchel's Lane, Bleak House Farm, Fulford, York, York and North Yorksh",3.62
it-university-of-salerno,csrankings,University of Salerno,it,,https://www.unisa.it,77,University of Salerno,0192m2k53,University of Salerno,Fisciano,40.77175,14.79454,1.00,1.00,1,,,,auto,city_centroid,,,0.00
nl-tu-eindhoven,csrankings,TU Eindhoven,nl,,https://www.win.tue.nl,77,Eindhoven University of Technology,02c2kyt77,Eindhoven University of Technology,Eindhoven,51.4508349,5.4831382,1.00,1.00,1,,,,auto,street,"TU Eindhoven, Eindhoven","TU Eindhoven, John F. Kennedylaan, Woenselse Watermolen, Woensel-Zuid, Eindhoven, Noord-Br",1.17
es-polytechnic-univ-of-catalonia,csrankings,Polytechnic Univ. of Catalonia,es,,https://www.cs.upc.edu/,76,Universitat Politècnica de Catalunya,03mb6wj31,Universitat Politècnica de Catalunya,Barcelona,41.3892354,2.1157546,1.00,1.00,1,,,,auto,street,"Universitat Politècnica de Catalunya, Barcelona","Rectorat de la Universitat Politècnica de Catalunya, Carrer de Bet Figueras, Zona Universi",3.61
gb-king-s-college-london,csrankings,King's College London,gb,,https://www.kcl.ac.uk/informatics,76,King's College London,0220mzb33,King's College London,London,51.50853,-0.12574,1.00,1.00,0,,,,auto,city_centroid,,,0.00
gb-university-of-sheffield,csrankings,University of Sheffield,gb,,https://www.sheffield.ac.uk/cs,76,University of Sheffield,05krs5044,University of Sheffield,Sheffield,53.3729622,-1.5059315,1.00,1.00,1,,,,auto,street,"University of Sheffield, Sheffield","University of Sheffield, Western Bank, Saint George's Quarter, Netherthorpe, Sheffield, So",2.88
ee-university-of-tartu,csrankings,University of Tartu,ee,,https://cs.ut.ee/,70,University of Tartu,03z77qz90,University of Tartu,Tartu,58.381014,26.7195598,1.00,1.00,1,,,,auto,building,"University of Tartu, Tartu","Tartu Ülikool, 18, Ülikooli, Vanalinn, Kesklinn, Tartu linn, Tartu maakond, 50090, Eesti",0.33
at-graz-university-of-technology,csrankings,Graz University of Technology,at,,https://www.tugraz.at/fakultaeten/csbme/home,69,Graz University of Technology,00d7xrm67,Graz University of Technology,Graz,47.0582807,15.4602462,1.00,1.00,1,,,,auto,street,"Graz University of Technology, Graz","Technische Universität Graz, Eduard-Richter-Gasse, Herz-Jesu-Viertel, Katastralgemeinde St",1.71
fi-aalto-university,csrankings,Aalto University,fi,,https://www.aalto.fi/en/department-of-computer-science,69,Aalto University,020hwjq30,Aalto University,Espoo,60.1844626,24.8235709,1.00,1.00,1,,,,auto,street,"Aalto University, Espoo","Aalto-yliopisto, Anna Sinebrychoffin kuja, Kivimies, Otaniemi, Suur-Tapiola, Espoo, Helsin",9.75
pl-university-of-warsaw,csrankings,University of Warsaw,pl,,https://www.mimuw.edu.pl/en/,69,University of Warsaw,039bjqg32,University of Warsaw,Warsaw,52.2216394,21.007377,1.00,1.00,0,,,,auto,building,"University of Warsaw, Warsaw","Politechnika Warszawska, 1, Plac Politechniki, Koszyki, Śródmieście Południowe, Śródmieści",0.95
nl-vu-amsterdam,csrankings,VU Amsterdam,nl,,https://vu.nl/en/about-vu/faculties/faculty-of-science/departments/computer-science,68,VU Amsterdam,008xxew50,Vrije Universiteit Amsterdam,Amsterdam,52.3340539,4.8651882,1.00,1.00,1,,,,auto,building,"VU Amsterdam, Amsterdam","Vrije Universiteit Amsterdam, 1105, De Boelelaan, VU-kwartier, Zuidas, Zuid, Amsterdam, No",4.75
gb-brunel-university-london,csrankings,Brunel University London,gb,,https://www.brunel.ac.uk/computer-science,67,Brunel University London,00dn4t376,Brunel University of London,London,51.5318525,-0.4662887,1.00,1.00,1,,,,auto,street,"Brunel University London, London","Brunel University, Kingston Lane, Hillingdon, London Borough of Hillingdon, Greater London",23.70
ch-eth-zurich,csrankings,ETH Zurich,ch,,https://inf.ethz.ch/,65,ETH Zurich,05a28rw58,ETH Zurich,Zurich,47.3748552,8.5488914,1.00,1.00,1,,,,auto,street,"ETH Zürich, Rämistrasse, Zürich","Zürich UNI / ETH, Rämistrasse, Hochschulen, Altstadt, Zürich, Bezirk Zürich, Zürich, 8006,",0.91
gb-university-of-warwick,csrankings,University of Warwick,gb,,https://warwick.ac.uk/fac/sci/dcs/,65,University of Warwick,01a77tt86,University of Warwick,Coventry,52.3813073,-1.5639569,1.00,1.00,0,,,,auto,street,"University of Warwick, Coventry","University of Warwick, Kirby Corner Road, Kirby Corner, Canley, Coventry, West Midlands, E",4.50
gr-ntua,csrankings,NTUA,gr,,https://www.ece.ntua.gr,65,National Technical University of Athens,03cx6bg69,National Technical University of Athens,Athens,37.98376,23.72784,1.00,1.00,1,,,,auto,city_centroid,,,0.00
it-university-of-pisa,csrankings,University of Pisa,it,,https://di.unipi.it/en/,65,University of Pisa,03ad39j10,University of Pisa,Pisa,43.70853,10.4036,1.00,1.00,1,,,,auto,city_centroid,,,0.00
de-tu-berlin,csrankings,TU Berlin,de,,https://www.tu.berlin/en/eecs,64,TU Berlin,03v4gjf40,Technische Universität Berlin,Berlin,52.5110159,13.3269541,1.00,1.00,0,,,,auto,street,"TU Berlin, Berlin","Technische Universität Berlin, Waghäuseler Straße, Güntzelkiez, Wilmersdorf, Charlottenbur",5.85
ie-university-college-dublin,csrankings,University College Dublin,ie,,https://www.ucd.ie/cs/,64,University College Dublin,05m7pjf47,University College Dublin,Dublin,53.33306,-6.24889,1.00,1.00,1,,,,auto,city_centroid,,,0.00
gb-university-of-birmingham,csrankings,University of Birmingham,gb,,https://www.birmingham.ac.uk/schools/computer-science/,63,University of Birmingham,03angcq70,University of Birmingham,Birmingham,52.48142,-1.89983,1.00,1.00,0,,,,auto,city_centroid,,,0.00
gb-university-of-nottingham,csrankings,University of Nottingham,gb,,https://www.nottingham.ac.uk/computerscience/,63,University of Nottingham,01ee9ar58,University of Nottingham,Nottingham,52.9387428,-1.2002957,1.00,1.00,0,,,,auto,street,"University of Nottingham, Nottingham","University of Nottingham, University Boulevard, Dunkirk, City of Nottingham, East Midlands",3.72
gb-university-of-kent,csrankings,University of Kent,gb,,https://www.cs.kent.ac.uk,62,University of Kent,00xkeyj56,University of Kent,Canterbury,51.2950874,1.0673313,1.00,1.00,1,,,,auto,street,"University of Kent, Canterbury","University of Kent, Verwood Close, St. Stephen's, Canterbury, Kent, England, CT2 7HS, Unit",1.99
gb-lancaster-university,csrankings,Lancaster University,gb,,https://www.lancaster.ac.uk/scc/,61,Lancaster University,04f2nsd36,Lancaster University,Lancaster,54.0098429,-2.7875768,1.00,1.00,1,,,,auto,street,"Lancaster University, Lancaster","Lancaster University, North Spine, Bowland College, Hala, Bailrigg, Lancaster, Lancashire,",4.15
gb-queen-mary-university-of-london,csrankings,Queen Mary University of London,gb,,https://www.qmul.ac.uk/eecs/,61,Queen Mary University of London,026zzn846,Queen Mary University of London,London,51.5247403,-0.0393136,1.00,1.00,0,,,,auto,building,"Queen Mary University of London, London","Queen Mary University of London, 327, Mile End Road, Mile End, London Borough of Tower Ham",6.25
de-karlsruhe-inst-of-technology,csrankings,Karlsruhe Inst. of Technology,de,,https://www.informatik.kit.edu/english/,60,Karlsruhe Institute of Technology,04t3en479,Karlsruhe Institute of Technology,Karlsruhe,49.00937,8.40444,1.00,1.00,1,,,,auto,city_centroid,,,0.00
gb-heriot-watt-university,csrankings,Heriot-Watt University,gb,,https://www.hw.ac.uk/about/our-schools/mathematical-and-computer-sciences/,60,Heriot-Watt University,04mghma93,Heriot-Watt University,Edinburgh,55.9102959,-3.3234475,1.00,1.00,0,,,,auto,street,"Heriot-Watt University, Edinburgh","Heriot-Watt University, The Avenue, Malcolmstone, Currie, City of Edinburgh, Alba / Scotla",9.17
nl-radboud-university,csrankings,Radboud University,nl,,https://www.cs.ru.nl,60,Radboud University Nijmegen,016xsfp80,Radboud University Nijmegen,Nijmegen,51.8215173,5.8634329,1.00,1.00,1,,,,auto,street,"Radboud University, Nijmegen","Radboud Universiteit, d'Almarasweg, Heijendaal, Nijmegen-Midden, Nijmegen, Gelderland, Ned",2.45
be-ku-leuven,csrankings,KU Leuven,be,,https://wms.cs.kuleuven.be/cs/english,59,KU Leuven,05f950310,KU Leuven,Leuven,50.87959,4.70093,1.00,1.00,1,,,,auto,city_centroid,,,0.00
gr-university-of-piraeus,csrankings,University of Piraeus,gr,,https://www.ds.unipi.gr,59,University of Piraeus,02qs84g94,University of Piraeus,Piraeus,37.94203,23.64619,1.00,1.00,1,,,,auto,city_centroid,,,0.00
dk-aarhus-university,csrankings,Aarhus University,dk,,https://cs.au.dk/,58,Aarhus University,01aj84f44,Aarhus University,Aarhus,56.1670905,10.2026177,1.00,1.00,1,,,,auto,street,"Aarhus University, Aarhus","Aarhus Universitet, Katrinebjergvej, Katrinebjerg, Haslevangen, Hasle, Aarhus, Aarhus Komm",1.26
gb-university-of-bath,csrankings,University of Bath,gb,,https://www.bath.ac.uk/departments/department-of-computer-science/,58,University of Bath,002h8g185,University of Bath,Bath,51.3766938,-2.3234206,1.00,1.00,0,,,,auto,street,"University of Bath, Bath","University of Bath, Claverton Down Road, Claverton Down, Bath, Bath and North East Somerse",2.66
nl-utrecht-university,csrankings,Utrecht University,nl,,https://www.uu.nl,58,Utrecht University,04pp8hn57,Utrecht University,Utrecht,52.09083,5.12222,1.00,1.00,1,,,,auto,city_centroid,,,0.00
de-max-planck-society,csrankings,Max Planck Society,de,,https://www.mpi-inf.mpg.de/,57,Max Planck Society,01hhn8329,Max Planck Society,Munich,48.13743,11.57549,1.00,1.00,0,,,,auto,city_centroid,,,0.00
nl-university-of-amsterdam,csrankings,University of Amsterdam,nl,,https://ivi.uva.nl/,57,University of Amsterdam,04dkp9463,University of Amsterdam,Amsterdam,52.3681334,4.8898042,1.00,1.00,1,,,,auto,street,"University of Amsterdam, Amsterdam","Universiteit van Amsterdam, Spui, Centrum, Amsterdam, Noord-Holland, Nederland, 1012 XA, N",0.66
gb-university-of-leeds,csrankings,University of Leeds,gb,,https://eps.leeds.ac.uk/computing,55,University of Leeds,024mrxd33,University of Leeds,Leeds,53.8065718,-1.5557853,1.00,1.00,1,,,,auto,street,"University of Leeds, Leeds","University of Leeds, Calverley Street, Little Woodhouse, Arena Quarter, Woodhouse, Leeds, ",1.24
ie-trinity-college-dublin,csrankings,Trinity College Dublin,ie,,https://www.scss.tcd.ie,55,Trinity College Dublin,02tyrky19,Trinity College Dublin,Dublin,53.3437061,-6.2544278,1.00,1.00,1,,,,auto,street,"Trinity College Dublin, Dublin","Trinity College Dublin, College Green, Mansion House A ED, Dublin, County Dublin, Leinster",1.24
de-cispa-helmholtz-center,csrankings,CISPA Helmholtz Center,de,,https://cispa.saarland,54,CISPA Helmholtz Center for Information Security,02njgxr09,Helmholtz Center for Information Security,Saarbrücken,49.2593473,7.0509733,1.00,0.93,0,,,,auto,street,"CISPA Helmholtz Center, Saarbrücken","CISPA – Helmholtz Center for Information Security, Stuhlsatzenhaus, Universität, St. Johan",4.21
de-rwth-aachen-university,csrankings,RWTH Aachen University,de,,https://www.informatik.rwth-aachen.de/,54,RWTH Aachen University,04xfq0f34,RWTH Aachen University,Aachen,50.7791732,6.0689207,1.00,1.00,0,,,,auto,street,"RWTH Aachen University, Aachen","RWTH Aachen, Altstraße, Forst, Aachen-Mitte, Aachen, Städteregion Aachen, Nordrhein-Westfa",1.06
de-tu-dresden,csrankings,TU Dresden,de,,https://tu-dresden.de/ing/informatik,54,TU Dresden,042aqky30,Technische Universität Dresden,Dresden,51.029867,13.7303171,1.00,1.00,1,,,,auto,street,"TU Dresden, Dresden","Technische Universität Dresden, George-Bähr-Straße, Schweizer Viertel, Südvorstadt-West, R",2.40
dk-aalborg-university,csrankings,Aalborg University,dk,,https://www.cs.aau.dk/,54,Aalborg University,04m5j1k67,Aalborg University,Aalborg,57.0159209,9.9753108,1.00,1.00,1,,,,auto,street,"Aalborg University, Aalborg","Aalborg Universitet, Niels Jernes Vej, NOVI Science Park, Universitetsbyen, Sønder Trander",4.95
cz-masaryk-university,csrankings,Masaryk University,cz,,https://www.muni.cz,53,Masaryk University,02j46qs45,Masaryk University,Brno,49.2099967,16.5992487,1.00,1.00,1,,,,auto,building,"Masaryk University, Brno","Fakulta informatiky Masarykovy univerzity, 554/68a, Botanická, Ponava, Brno-Královo Pole, ",1.76
gb-university-of-surrey,csrankings,University of Surrey,gb,,https://www.surrey.ac.uk,53,University of Surrey,00ks66431,University of Surrey,Guildford,51.2430782,-0.5900545,1.00,1.00,1,,,,auto,street,"University of Surrey, Guildford","University of Surrey, Weyside Road, Bellfields, Guildford, Surrey, England, GU2 7XH, Unite",1.39
es-university-of-murcia,csrankings,University of Murcia,es,,https://webs.um.es,52,University of Murcia,03p3aeb86,Universidad de Murcia,Murcia,37.9321597,-1.1625399,1.00,1.00,1,,,,auto,street,"University of Murcia, Murcia","Hospital Clínico Universitario Virgen de la Arrixaca, Avenida Primero de Mayo, El Palmar o",6.73
de-tu-darmstadt,csrankings,TU Darmstadt,de,,https://www.informatik.tu-darmstadt.de/,50,TU Darmstadt,05n911h24,Technische Universität Darmstadt,Darmstadt,49.8611518,8.681944,1.00,1.00,1,,,,auto,street,"TU Darmstadt, Darmstadt","Technische Universität Darmstadt, Landgraf-Georg-Straße, Mathildenhöhe, Darmstadt-Ost, Dar",2.55
gb-open-university-uk,csrankings,Open University UK,gb,,https://stem.open.ac.uk,50,Open University UK,05mzfcs16,The Open University,Milton Keynes,52.0245378,-0.7092748,1.00,0.81,1,,,,auto,street,"The Open University, Milton Keynes","The Open University, University Roundabout, Tower Gate, Walton, Monkston, Milton Keynes, C",3.71
de-lmu-munich,csrankings,LMU Munich,de,,https://www.ifi.lmu.de/,49,LMU Munich,05591te55,Ludwig-Maximilians-Universität München,Munich,48.149703,11.5805338,0.95,0.86,1,,,,auto,building,"LMU Munich, Munich","Universitätsbibliothek der LMU München, 1, Geschwister-Scholl-Platz, Schönfeldvorstadt, Ma",1.42
de-university-of-t-bingen,csrankings,University of Tübingen,de,,https://uni-tuebingen.de/en/faculties/faculty-of-science/departments/computer-science/department/,49,University of Tübingen,03a1kwz48,University of Tübingen,Tübingen,48.52266,9.05222,1.00,1.00,0,,,,auto,city_centroid,,,0.00
gb-middlesex-university,csrankings,Middlesex University,gb,,https://www.mdx.ac.uk,49,Middlesex University,01rv4p989,Middlesex University,London,51.5896303,-0.2279502,1.00,1.00,1,,,,auto,street,"Middlesex University, London","Middlesex University, The Burroughs, The Hyde, Hendon, London Borough of Barnet, Greater L",11.46
gr-university-of-athens,csrankings,University of Athens,gr,,https://cgi.di.uoa.gr,49,University of Athens,04gnjpq42,National and Kapodistrian University of Athens,Athens,37.98376,23.72784,1.00,1.00,1,,,,auto,city_centroid,,,0.00
gb-city-university-of-london,csrankings,City University of London,gb,,https://www.city.ac.uk/about/schools/science-technology/computer-science,48,City University of London,047ybhc09,"City St George's, University of London",London,51.5276574,-0.103605,1.00,1.00,0,,,,auto,street,"City University of London, London","City St George’s, University of London, Earlstoke Street, St Luke's, Angel, Clerkenwell, L",2.62
at-ist-austria,csrankings,IST Austria,at,,https://ist.ac.at/en/research/,47,IST Austria,03gnh5541,Institute of Science and Technology Austria,Klosterneuburg,48.310515,16.2594155,1.00,1.00,0,,,,auto,street,"IST Austria, Klosterneuburg","Maria Gugging/IST Austria, Am Campus, Katastralgemeinde Gugging, Maria Gugging, Klosterneu",4.90
gb-goldsmiths-university-of-london,csrankings,Goldsmiths University of London,gb,,https://www.gold.ac.uk/computing/,47,Goldsmiths University of London,01khx4a30,Goldsmiths University of London,London,51.4736302,-0.0372464,1.00,1.00,1,,,,auto,street,"Goldsmiths University of London, London","Goldsmiths, University of London Campus, Lewisham Way, New Cross, London Borough of Lewish",7.25
gb-university-of-st-andrews,csrankings,University of St Andrews,gb,,https://www.st-andrews.ac.uk/computer-science/,46,University of St Andrews,02wn5qz54,University of St Andrews,St Andrews,56.3398554,-2.8117775,1.00,1.00,0,,,,auto,street,"University of St Andrews, St Andrews","University of St Andrews, North Street, Ladyhead, St Andrews, Fife, Alba / Scotland, KY16 ",0.80
de-saarland-university,csrankings,Saarland University,de,,https://www.uni-saarland.de/en/department/computer-science.html,45,Saarland University,01jdpyv68,Saarland University,Saarbrücken,49.2542421,7.0415117,1.00,1.00,0,,,,auto,street,"Saarland University, Saarbrücken","Universität des Saarlandes, Campus, Universität, St. Johann, Bezirk Mitte, Saarbrücken, Re",3.33
de-university-of-l-beck,csrankings,University of Lübeck,de,,https://www.imis.uni-luebeck.de,45,University of Lübeck,00t3r8h32,University of Lübeck,Lübeck,53.86893,10.68729,1.00,1.00,0,,,,auto,city_centroid,,,0.00
fi-tampere-university,csrankings,Tampere University,fi,,https://www.tuni.fi,45,Tampere University,033003e23,Tampere University,Tampere,61.4934627,23.77895,1.00,1.00,0,,,,auto,building,"Tampere University, Tampere","Tampereen yliopisto - Keskustakampus, 4, Kalevantie, Tulli, Keskustan suuralue, Tampere, T",0.76
nl-cwi,csrankings,CWI,nl,,https://www.cwi.nl/en/,45,Centrum Wiskunde & Informatica,00x7ekv49,Centrum Wiskunde & Informatica,Amsterdam,52.3564959,4.9521303,1.00,1.00,1,,,,auto,building,"CWI, Amsterdam","CWI, 123, Science Park, Oost, Amsterdam, Noord-Holland, Nederland, 1098 XG, Nederland",4.67
no-ntnu,csrankings,NTNU,no,,https://www.ntnu.edu/idi,44,Norwegian University of Science and Technology,05xg72x27,Norwegian University of Science and Technology,Trondheim,63.4290323,10.3865593,1.00,1.00,0,,,,auto,street,"NTNU, Trondheim","NTNU Vitenskapsmuseet, Erling Skakkes gate, Nidarø, Kalvskinnet, Midtbyen, Trondheim, Trøn",0.45
de-university-of-stuttgart,csrankings,University of Stuttgart,de,,https://www.f05.uni-stuttgart.de/en/cs/,43,University of Stuttgart,04vnq7t77,University of Stuttgart,Stuttgart,48.78232,9.17702,1.00,1.00,0,,,,auto,city_centroid,,,0.00
it-university-of-trento,csrankings,University of Trento,it,,https://disi.unitn.it,43,University of Trento,05trd4x28,University of Trento,Trento,46.06787,11.12108,1.00,1.00,1,,,,auto,city_centroid,,,0.00
cz-charles-university,csrankings,Charles University,cz,,https://cs.mff.cuni.cz/en,41,Charles University,024d6js02,Charles University,Prague,50.0888947,14.4162757,1.00,1.00,1,,,,auto,street,"Charles University, Prague","Filozofická fakulta Univerzity Karlovy, Kaprova, Josefov, obvod Praha 1, Praha, 116 93, Če",0.33
de-ruhr-university-bochum,csrankings,Ruhr-University Bochum,de,,https://www.ini.rub.de,41,Ruhr-University Bochum,04tsk2644,Ruhr University Bochum,Bochum,51.4441576,7.2610046,0.95,0.95,0,,,,auto,building,"Ruhr-University Bochum, Bochum","Ruhr-Universität Bochum, 150, Universitätsstraße, Querenburg, Bochum-Süd, Bochum, Nordrhei",5.19
de-university-of-hamburg,csrankings,University of Hamburg,de,,https://www.inf.uni-hamburg.de/en.html,41,University of Hamburg,00g30e956,Universität Hamburg,Hamburg,53.5909051,9.9753758,1.00,1.00,0,,,,auto,district,"University of Hamburg, Hamburg","Universität Hamburg, Rothenburgsort, Hamburg-Mitte, Hamburg, 20539, Deutschland",4.62
nl-leiden-university,csrankings,Leiden University,nl,,https://liacs.leidenuniv.nl/,41,Leiden University,027bh9e22,Leiden University,Leiden,52.1686355,4.4597028,1.00,1.00,0,,,,auto,street,"Leiden University, Leiden","Universiteit Leiden, Vondellaan, Vondelkwartier, Boerhaave, Leiden, Zuid-Holland, Nederlan",2.55
it-univ-of-modena-and-reggio-emilia,csrankings,Univ. of Modena and Reggio Emilia,it,,https://personale.unimore.it,40,Univ. of Modena and Reggio Emilia,02d4c4y02,University of Modena and Reggio Emilia,Modena,44.64783,10.92539,0.86,0.90,1,,,,auto,city_centroid,,,0.00
at-jku-linz,csrankings,JKU Linz,at,,https://informatik.jku.at/,39,Johannes Kepler University Linz,052r2xn60,Johannes Kepler University of Linz,Linz,48.3360899,14.3205799,0.94,0.95,1,,,Matched Sigmund Freud Privatuniversität,auto,street,"JKU Linz, Linz","Johannes-Kepler-Universität Linz, Wolfauerstraße, Dornach-Auhof, Linz, Oberösterreich, 404",4.17
de-tu-kaiserslautern,csrankings,TU Kaiserslautern,de,,https://anthonywlin.github.io,39,Rheinland-Pfälzische Technische Universität Kaiserslautern-Landau,01qrts582,Rheinland-Pfälzische Technische Universität Kaiserslautern-Landau,Landau,49.2040667,8.1072687,1.00,1.00,0,,,"Matched the Hochschule Kaiserslautern, a different institution in the same city",auto,building,"TU Kaiserslautern, Landau","Rheinland-Pfälzische Technische Universität Kaiserslautern-Landau, 7, Fortstraße, West, Ke",0.94
gb-durham-university,csrankings,Durham University,gb,,https://www.durham.ac.uk/departments/academic/computer-science/,39,Durham University,01v29qb04,Durham University,Durham,54.7672268,-1.5721956,1.00,1.00,0,,,,auto,street,"Durham University, Durham","Durham University, A690, Viaduct, Crossgate, City of Durham, Durham, County Durham, North ",1.08
no-university-of-bergen,csrankings,University of Bergen,no,,https://www.ii.uib.no,39,University of Bergen,03zga2b32,University of Bergen,Bergen,60.39299,5.32415,1.00,1.00,0,,,,auto,city_centroid,,,0.00
pt-universidade-nova-de-lisboa,csrankings,Universidade NOVA de Lisboa,pt,,https://userweb.fct.unl.pt,39,Universidade NOVA de Lisboa,02xankh89,Universidade Nova de Lisboa,Lisbon,38.7328407,-9.1602002,1.00,1.00,1,,,,auto,street,"Universidade NOVA de Lisboa, Lisbon","Universidade Nova de Lisboa, Corredor Verde Monsanto-Parque Eduardo VII, Campolide, Lisboa",1.25
de-heidelberg-university,csrankings,Heidelberg University,de,,https://www.informatik.uni-heidelberg.de/,38,Heidelberg University,038t36y30,Heidelberg University,Heidelberg,49.4186003,8.6692402,1.00,1.00,1,,,,auto,street,"Heidelberg University, Heidelberg","Universität Heidelberg, Ziegelhäuser Landstraße, Neuenheim, Heidelberg, Baden-Württemberg,",1.98
de-tu-dortmund,csrankings,TU Dortmund,de,,https://ls4-www.cs.tu-dortmund.de,37,TU Dortmund,01k97gp34,TU Dortmund University,Dortmund,51.4914844,7.4122739,1.00,1.00,0,,,,auto,street,"TU Dortmund, Dortmund","Technische Universität Dortmund, Universitätsstraße, Studentendorf Dortmund, Groß-Barop, B",4.54
fi-university-of-helsinki,csrankings,University of Helsinki,fi,,https://www.helsinki.fi/en/faculty-science/faculty/computer-science,37,University of Helsinki,040af2s02,University of Helsinki,Helsinki,60.1727636,24.9486006,1.00,1.00,1,,,,auto,building,"University of Helsinki, Helsinki","Helsingin yliopisto, 12, Vuorikatu, Kaisaniemi, Kluuvi, Eteläinen suurpiiri, Helsinki, Hel",0.81
at-university-of-klagenfurt,csrankings,University of Klagenfurt,at,,https://www.aau.at/en/tewi/,36,University of Klagenfurt,05q9m0937,University of Klagenfurt,Klagenfurt,46.6164026,14.2646809,1.00,1.00,1,,,,auto,street,"University of Klagenfurt, Klagenfurt","Universität Klagenfurt, Wörthersee-Südufer-Straße, St. Martin, Klagenfurt am Wörthersee, K",3.24
fr-eurecom,csrankings,EURECOM,fr,,https://www.eurecom.fr,36,EURECOM,00sse7z02,EURECOM,Valbonne,43.6143795,7.0712057,1.00,1.00,1,,,,auto,building,EURECOM,"EURECOM, 450, Route des Chappes, Sophia Antipolis, Biot, Grasse, Alpes-Maritimes, Provence",6.16
fr-universit-jean-monnet,csrankings,Université Jean Monnet,fr,,https://perso.univ-st-etienne.fr,36,Université Jean Monnet,030bahv93,Université Jean Monnet,Saint-Etienne,45.4230567,4.4257212,1.00,1.00,1,,,,auto,building,"Université Jean Monnet, Saint-Etienne","Université Jean Monnet, 25, Rue du Docteur Paul Michelon, La Palle, Terrenoire, Saint-Étie",3.04
gr-aueb,csrankings,AUEB,gr,,https://www.dept.aueb.gr/en/cs,36,Athens University of Economics and Business,03s262162,Athens University of Economics and Business,Athens,37.98376,23.72784,1.00,1.00,1,,,,auto,city_centroid,,,0.00
fr-ecole-normale-superieure,csrankings,Ecole Normale Superieure,fr,,https://www.di.ens.fr/,35,Ecole Normale Superieure,05a0dhs15,École Normale Supérieure - PSL,Paris,48.8430502,2.3460158,1.00,0.89,0,,,,auto,street,"Ecole Normale Superieure, Paris","École normale supérieure - Université PSL, Rue Lhomond, Quartier du Val-de-Grâce, Paris 5e",1.17
nl-maastricht-university,csrankings,Maastricht University,nl,,https://dke.maastrichtuniversity.nl,35,Maastricht University,02jz4aj89,Maastricht University,Maastricht,50.8472117,5.6859518,1.00,1.00,1,,,,auto,building,"Maastricht University, Maastricht","Maastricht University, 4-6, Minderbroedersberg, Kommelkwartier, Maastricht-Centrum, Maastr",0.24
at-university-of-vienna,csrankings,University of Vienna,at,,https://informatik.univie.ac.at/en/,34,University of Vienna,03prydq77,University of Vienna,Vienna,48.2131278,16.3606855,1.00,1.00,1,,,,auto,building,"University of Vienna, Vienna","Universität Wien, 1, Universitätsring, Regierungsviertel, Katastralgemeinde Innere Stadt, ",0.99
no-uit-the-arctic-univ-of-norway,csrankings,UiT The Arctic Univ. of Norway,no,,https://uit.no,34,UiT The Arctic University of Norway,00wge5k78,UiT The Arctic University of Norway,Tromsø,69.6489,18.95508,1.00,1.00,1,,,,auto,city_centroid,,,0.00
ch-universit-della-svizzera-italiana,csrankings,Università della Svizzera italiana,ch,,https://search.usi.ch,33,Università della Svizzera italiana,03c4atk17,Università della Svizzera italiana,Lugano,46.0109126,8.9581205,1.00,1.00,0,,,,auto,street,"Università della Svizzera italiana, Lugano","Università della Svizzera Italiana, Via Zurigo, Molino Nuovo, Lugano, Circolo di Lugano ov",0.17
de-hasso-plattner-institute,csrankings,Hasso Plattner Institute,de,,https://hpi.de,33,Hasso Plattner Institute,058rn5r42,Hasso Plattner Institute,Potsdam,52.39886,13.06566,1.00,1.00,0,,,,auto,city_centroid,,,0.00
fr-universit-paris-dauphine,csrankings,Université Paris Dauphine,fr,,https://www.lamsade.dauphine.fr,33,Université Paris Dauphine,052bz7812,Université Paris Dauphine-PSL,Paris,48.8701102,2.2734842,0.92,0.96,0,,,,auto,building,"Université Paris Dauphine, Paris","Université Paris-Dauphine, 1, Place du Maréchal de Lattre de Tassigny, Quartier de la Port",5.81
gb-loughborough-university,csrankings,Loughborough University,gb,,https://www.lboro.ac.uk,33,Loughborough University,04vg4w365,Loughborough University,Loughborough,52.763845,-1.2372582,1.00,1.00,1,,,,auto,street,"Loughborough University, Loughborough","Loughborough University, Woodbrook Road, Shelthorpe, Loughborough, Charnwood, Leicestershi",2.53
gb-university-of-strathclyde,csrankings,University of Strathclyde,gb,,https://pureportal.strath.ac.uk,33,University of Strathclyde,00n3w3b69,University of Strathclyde,Glasgow,55.8618812,-4.2419566,1.00,1.00,1,,,,auto,street,"University of Strathclyde, Glasgow","University of Strathclyde, Stirling Road, Townhead, Glasgow, Glasgow City, Alba / Scotland",1.04
gr-university-of-crete,csrankings,University of Crete,gr,,https://www.csd.uoc.gr,33,University of Crete,00dr28g20,University of Crete,Rethymno,35.36555,24.48232,1.00,1.00,1,,,,auto,city_centroid,,,0.00
pl-university-of-wroclaw,csrankings,University of Wroclaw,pl,,https://www.ii.uni.wroc.pl,33,University of Wroclaw,00yae6e25,University of Wrocław,Wroclaw,51.1068045,17.0600813,1.00,0.95,0,,,,auto,street,"University of Wroclaw, Wroclaw","Politechnika Wrocławska, Bulwar Politechniki Wrocławskiej, Manhattan, Plac Grunwaldzki, Wr",2.02
cz-czech-technical-university,csrankings,Czech Technical University,cz,,https://cmp.felk.cvut.cz,32,Czech Technical University in Prague,03kqpb082,Czech Technical University in Prague,Prague,50.1029026,14.3946353,1.00,1.00,1,,,,auto,building,"Czech Technical University, Prague","České vysoké učení technické v Praze, 1580/3, Jugoslávských partyzánů, Nový Bubeneč, Ořech",2.49
de-university-of-erlangen-nuremberg,csrankings,University of Erlangen–Nuremberg,de,,https://lme.tf.fau.de,32,University of Erlangen–Nuremberg,00f7hpc57,Friedrich-Alexander-Universität Erlangen-Nürnberg,Erlangen,49.59099,11.00783,1.00,0.97,1,,,,auto,city_centroid,,,0.00
de-university-of-siegen,csrankings,University of Siegen,de,,https://www.eti.uni-siegen.de,32,University of Siegen,02azyry73,University of Siegen,Siegen,50.87481,8.02431,1.00,1.00,1,,,,auto,city_centroid,,,0.00
gb-birkbeck-university-of-london,csrankings,Birkbeck University of London,gb,,https://www.dcs.bbk.ac.uk,32,Birkbeck University of London,02mb95055,"Birkbeck, University of London",London,51.5218449,-0.1302155,0.97,0.98,1,,,,auto,street,"Birkbeck University of London, London","Birkbeck College, Malet Street, Bloomsbury, London Borough of Camden, Greater London, Engl",1.51
gb-university-of-sussex,csrankings,University of Sussex,gb,,https://www.sussex.ac.uk,32,University of Sussex,00ayhx656,University of Sussex,Brighton,50.8636364,-0.0856695,1.00,1.00,1,,,,auto,street,"University of Sussex, Brighton","University of Sussex, Biology Road, Coldean, Brighton, Brighton and Hove, England, BN1 9PX",5.44
de-university-of-w-rzburg,csrankings,University of Würzburg,de,,https://www.informatik.uni-wuerzburg.de,30,University of Würzburg,00fbnyb24,University of Würzburg,Würzburg,49.79391,9.95121,1.00,1.00,0,,,,auto,city_centroid,,,0.00
nl-university-of-groningen,csrankings,University of Groningen,nl,,https://www.rug.nl,30,University of Groningen,012p63287,University of Groningen,Groningen,53.2194416,6.5629863,1.00,1.00,1,,,,auto,street,"University of Groningen, Groningen","Rijksuniversiteit Groningen, Broerplein, Binnenstad-noord, Binnenstad, Centrum, Groningen,",0.25
de-university-of-g-ttingen,csrankings,University of Göttingen,de,,https://www.uni-goettingen.de/en/institute+of+computer+science/619480.html,29,University of Göttingen,01y9bpm73,University of Göttingen,Göttingen,51.53443,9.93228,1.00,1.00,0,,,,auto,city_centroid,,,0.00
gb-university-of-aberdeen,csrankings,University of Aberdeen,gb,,https://www.abdn.ac.uk,29,University of Aberdeen,016476m91,University of Aberdeen,Aberdeen,57.1645542,-2.1018424,1.00,1.00,1,,,,auto,street,"University of Aberdeen, Aberdeen","University of Aberdeen, Regent Walk, Linksfield, Seaton and Linksfield, Aberdeen City, Alb",2.33
gr-university-of-ioannina,csrankings,University of Ioannina,gr,,https://cs.uoi.gr,29,University of Ioannina,01qg3j183,University of Ioannina,Ioannina,39.66486,20.85189,1.00,1.00,1,,,,auto,city_centroid,,,0.00
pl-ipi-pan,csrankings,IPI PAN,pl,,https://ipipan.waw.pl,29,Instytut Podstaw Informatyki Polskiej Akademii Nauk,017fyx225,Institute of Art,Warsaw,52.2258111,20.9499124,0.83,0.81,0,pl-university-of-warsaw,coords borrowed from pl-university-of-warsaw,"ROR identity unresolved (best match is ""Institute of Art""); city Warsaw is correct, coordinates anchored",auto,street,"IPI PAN, Warsaw","Instytut Podstaw Informatyki Polskiej Akademii Nauk, Władysława Warneńczyka, Odolany, Wola",4.24
fr-ecole-normale-superieure-de-cachan,csrankings,Ecole Normale Superieure de Cachan,fr,,https://www.lsv.ens-cachan.fr,28,Ecole Normale Superieure de Cachan,04zmssz18,École Normale Supérieure de Lyon,Lyon,45.7332169,4.8332419,0.93,0.88,0,,,,auto,building,"École Normale Supérieure de Lyon, Lyon","École Normale Supérieure de Lyon - Site René Descartes, 15, Parvis René Descartes, Le Bon ",2.10
gb-university-of-exeter,csrankings,University of Exeter,gb,,https://computerscience.exeter.ac.uk/,28,University of Exeter,03yghzc09,University of Exeter,Exeter,50.7369372,-3.5347349,1.00,1.00,1,,,,auto,district,University of Exeter,"University of Exeter, Quethiock, Cornwall, England, EX4 4QD, United Kingdom",1.57
lu-university-of-luxembourg,csrankings,University of Luxembourg,lu,,https://wwwen.uni.lu,28,University of Luxembourg,036x5ad56,University of Luxembourg,Luxembourg,49.5036259,5.9487155,1.00,1.00,1,,,,auto,street,"University of Luxembourg, Luxembourg","Université du Luxembourg, Avenue des Sidérurgistes, Belval, Esch-sur-Alzette, Canton Esch-",17.76
be-universit-libre-de-bruxelles,csrankings,Université libre de Bruxelles,be,,https://www.ulb.ac.be,27,Université libre de Bruxelles,01r9htc13,Université Libre de Bruxelles,Brussels,50.8134719,4.3812534,1.00,1.00,0,,,,auto,street,"Université libre de Bruxelles, Brussels","Université libre de Bruxelles (Campus du Solbosch), Avenue Adolphe Buyl - Adolphe Buyllaan",4.70
cz-brno-university-of-technology,csrankings,Brno University of Technology,cz,,https://www.fit.vut.cz,27,Brno University of Technology,03613d656,Brno University of Technology,Brno,49.2265457,16.5954323,1.00,1.00,0,,,,auto,street,Brno University of Technology,"Fakulta informačních technologií VUT, Božetěchova, Královo Pole, Brno-Královo Pole, Brno, ",3.60
de-university-of-magdeburg,csrankings,University of Magdeburg,de,,https://isgwww.cs.uni-magdeburg.de,27,Otto von Guericke University Magdeburg,00ggpsq73,Otto-von-Guericke-Universität Magdeburg,Magdeburg,52.1405894,11.6455823,1.00,1.00,0,,,,auto,building,"Otto-von-Guericke-Universität Magdeburg, Magdeburg","Otto-von-Guericke Business School Magdeburg, 2, Universitätsplatz, Universitätsviertel, Al",1.82
de-university-of-oldenburg,csrankings,University of Oldenburg,de,,https://uol.de,27,University of Oldenburg,033n9gh91,Carl von Ossietzky Universität Oldenburg,Oldenburg,53.1467285,8.1828852,1.00,1.00,0,,,,auto,building,"University of Oldenburg, Oldenburg","Carl von Ossietzky Universität Oldenburg, 99, Uhlhornsweg, Kennedyviertel, Bloherfelde, 5.",2.21
es-imdea-software-institute,csrankings,IMDEA Software Institute,es,,https://software.imdea.org,27,IMDEA Software Institute,04xvfkh51,IMDEA Software Institute,Pozuelo de Alarcón,40.43293,-3.81338,1.00,1.00,1,,,,auto,city_centroid,,,0.00
ch-university-of-zurich,csrankings,University of Zurich,ch,,https://www.ifi.uzh.ch/en.html,26,University of Zurich,02crff812,University of Zurich,Zurich,47.36667,8.55,1.00,1.00,1,,,,auto,city_centroid,,,0.00
de-bundeswehr-university-munich,csrankings,Bundeswehr University Munich,de,,https://www.unibw.de/home-en/departments/department-of-computer-science,26,Universität der Bundeswehr München,05kkv3f82,Universität der Bundeswehr München,Munich,48.0766313,11.6359736,1.00,1.00,1,,,,auto,street,"Bundeswehr University Munich, Munich","Universität der Bundeswehr München, Finsinger Feld, Gewerbegebiet Ottobrunn Nord, Ottobrun",8.12
de-university-of-augsburg,csrankings,University of Augsburg,de,,https://www.uni-augsburg.de,26,University of Augsburg,03p14d497,University of Augsburg,Augsburg,48.3338636,10.8989031,1.00,1.00,1,,,,auto,street,"University of Augsburg, Augsburg","Universität, Salomon-Idler-Straße, Universitätsviertel, Augsburg, Bayern, 86159, Deutschla",4.19
de-university-of-bonn,csrankings,University of Bonn,de,,https://www.informatik.uni-bonn.de/en,26,University of Bonn,041nas322,University of Bonn,Bonn,50.7338124,7.1022465,1.00,1.00,1,,,,auto,street,"University of Bonn, Bonn","Rheinische Friedrich-Wilhelms-Universität Bonn, Arkadenhof, Bonn-Zentrum, Stadtbezirk Bonn",0.48
gb-aberystwyth-university,csrankings,Aberystwyth University,gb,,https://www.aber.ac.uk/en/cs/,26,Aberystwyth University,015m2p889,Aberystwyth University,Aberystwyth,52.4155496,-4.0650542,1.00,1.00,1,,,,auto,street,"Aberystwyth University, Aberystwyth","Aberystwyth University, Heol-Y-Llan, Llanbadarn Fawr, Aberystwyth, Ceredigion, Cymru / Wal",1.21
it-university-of-catania,csrankings,University of Catania,it,,https://www.dmi.unict.it,26,University of Catania,03a64bh57,University of Catania,Catania,37.49223,15.07041,1.00,1.00,1,,,,auto,city_centroid,,,0.00
de-university-of-hannover,csrankings,University of Hannover,de,,https://www.tnt.uni-hannover.de,25,Leibniz University Hannover,0304hq317,Leibniz University Hannover,Hanover,52.3685695,9.7657307,1.00,1.00,0,,,,auto,building,"University of Hannover, Hanover","Tierärztliche Hochschule Hannover, 15, Bischofsholer Damm, Bult, Südstadt-Bult, Hannover, ",2.22
de-goethe-university-frankfurt,csrankings,Goethe University Frankfurt,de,,https://www.goethe-university-frankfurt.de/106076806/Institute_of_Computer_Science,24,Goethe University Frankfurt,04cvxnb49,Goethe University Frankfurt,Frankfurt am Main,50.1267579,8.6733032,1.00,1.00,0,,,,auto,building,"Goethe University Frankfurt, Frankfurt am Main","Gleichstellungsbüro der Goethe-Universität, 122-123, Eschersheimer Landstraße, Westend Nor",1.47
de-university-of-duisburg-essen,csrankings,University of Duisburg-Essen,de,,https://www.uni-due.de,24,University of Duisburg-Essen,04mz5ra38,University of Duisburg-Essen,Essen,51.4290899,6.800858,1.00,1.00,1,,,,auto,street,"Universität Duisburg-Essen, Duisburg","Universität Duisburg-Essen, L+M-Bereich, Lerchenpfad, Neudorf-Nord, Duisburg-Mitte, Duisbu",14.97
de-university-of-regensburg,csrankings,University of Regensburg,de,,https://www.uni-regensburg.de/en/informatics-data-science,24,University of Regensburg,01eezs655,University of Regensburg,Regensburg,49.01513,12.10161,1.00,1.00,1,,,,auto,city_centroid,,,0.00
de-university-of-m-nster,csrankings,University of Münster,de,,https://www.uni-muenster.de,23,University of Münster,00pd74e08,University of Münster,Münster,51.9673422,7.5992433,1.00,1.00,0,,,,auto,street,"University of Münster, Münster","Universität Münster, Dahlweg, Schützenhof, Mitte-Süd, Münster-Mitte, Münster, Nordrhein-We",1.90
fr-inria,csrankings,INRIA,fr,,https://cambium.inria.fr,23,Institut National de Recherche en Informatique et en Automatique,02kvxyf05,Institut national de recherche en sciences et technologies du numérique,Le Chesnay-Rocquencourt,48.8378053,2.1030783,1.00,1.00,1,,,National body across nine centres; members need per-person centre resolution,auto,street,"INRIA, Le Chesnay-Rocquencourt","Inria, Chemin de Bailly A Rocquencourt, Rocquencourt, Le Chesnay-Rocquencourt, Versailles,",2.81
it-bocconi-university,csrankings,Bocconi University,it,,https://cs.unibocconi.eu,23,Bocconi University,05crjpb27,Bocconi University,Milan,45.4499044,9.1892641,1.00,1.00,0,,,,auto,street,"Bocconi University, Milan","Università Bocconi, Via Leopoldo Sabbatini, Vigentina, Municipio 5, Milano, Rodano, Milano",1.60
se-m-lardalen-university,csrankings,Mälardalen University,se,,https://www.es.mdh.se,23,Mälardalen University,033vfbz75,Mälardalen University,Västerås,59.61617,16.55276,1.00,1.00,1,,,,auto,city_centroid,,,0.00
at-university-of-salzburg,csrankings,University of Salzburg,at,,https://www.cosy.sbg.ac.at,22,University of Salzburg,05gs8cd61,University of Salzburg,Salzburg,47.79941,13.04399,1.00,1.00,0,,,,auto,city_centroid,,,0.00
de-university-of-koblenz-landau,csrankings,University of Koblenz-Landau,de,,https://www.uni-koblenz.de/en/computer-science,22,University of Koblenz-Landau,0433e6t24,Universität Koblenz,Koblenz,50.3635854,7.5583077,1.00,0.86,1,,,,auto,building,"Universität Koblenz, Koblenz","Universität Koblenz, 1, Universitätsstraße, Metternich, Koblenz, Rheinland-Pfalz, 56070, D",1.83
de-university-of-ulm,csrankings,University of Ulm,de,,https://www.uni-ulm.de,21,University of Ulm,032000t02,Universität Ulm,Ulm,48.39841,9.99155,1.00,1.00,1,,,,auto,city_centroid,,,0.00
gb-university-of-dundee,csrankings,University of Dundee,gb,,https://www.computing.dundee.ac.uk,21,University of Dundee,03h2bxq36,University of Dundee,Dundee,56.4579676,-2.9821483,1.00,1.00,1,,,,auto,street,"University of Dundee, Dundee","University of Dundee, Nethergate, Seabraes, City Centre, Dundee, Dundee City, Alba / Scotl",1.32
nl-tilburg-university,csrankings,Tilburg University,nl,,https://www.tilburguniversity.edu/about/schools/tshd/departments/dca,21,Tilburg University,04b8v1s79,Tilburg University,Tilburg,51.5669358,5.0502386,1.00,1.00,1,,,,auto,street,"Tilburg University, Tilburg","Tilburg University, Meerkoldreef, Het Zand, West, Tilburg, Noord-Brabant, Nederland, 5042 ",3.11
de-friedrich-schiller-university-jena,csrankings,Friedrich Schiller University Jena,de,,https://www.fmi.uni-jena.de,20,Friedrich Schiller University Jena,05qpz1x62,Friedrich Schiller University Jena,Jena,50.92878,11.5899,1.00,1.00,0,,,,auto,city_centroid,,,0.00
de-humboldt-university-of-berlin,csrankings,Humboldt University of Berlin,de,,https://www.informatik.hu-berlin.de/en,20,Humboldt University of Berlin,01hcx6992,Humboldt-Universität zu Berlin,Berlin,52.5183402,13.3929202,0.88,0.85,0,,,,auto,building,"Humboldt University of Berlin, Berlin","Humboldt-Universität zu Berlin, 6, Unter den Linden, Friedrichswerder, Dorotheenstadt, Mit",1.37
de-paderborn-university,csrankings,Paderborn University,de,,https://cs.uni-paderborn.de,20,Paderborn University,058kzsd48,Paderborn University,Paderborn,51.707521,8.7724141,1.00,1.00,0,,,,auto,building,"Paderborn University, Paderborn","Universität Paderborn, 100, Warburger Straße, Univiertel, Paderborn, Kreis Paderborn, Nord",1.78
de-university-of-freiburg,csrankings,University of Freiburg,de,,https://www.informatik.uni-freiburg.de/,20,University of Freiburg,0245cg223,University of Freiburg,Freiburg im Breisgau,47.9959,7.85222,1.00,1.00,0,,,,auto,city_centroid,,,0.00
de-university-of-kiel,csrankings,University of Kiel,de,,https://www.zs.informatik.uni-kiel.de,20,Kiel University,04v76ef78,Christian-Albrechts-Universität zu Kiel,Kiel,54.3458218,10.113073,1.00,1.00,1,,,,auto,street,"Christian-Albrechts-Universität zu Kiel, Kiel","Christian-Albrechts-Universität zu Kiel, Hasselmannstraße, Schützenpark, Südfriedhof, Kiel",3.07
de-university-of-leipzig,csrankings,University of Leipzig,de,,https://www.informatik.uni-leipzig.de,20,University of Leipzig,03s7gtk40,Leipzig University,Leipzig,51.3384539,12.3786386,1.00,1.00,0,,,,auto,street,"Leipzig University, Leipzig","Universität Leipzig, Universitätsstraße, Zentrum, Mitte, Leipzig, Sachsen, 04109, Deutschl",0.53
de-freie-universitaet-berlin,csrankings,Freie Universitaet Berlin,de,,https://www.mi.fu-berlin.de/en/inf/,19,Freie Universitaet Berlin,046ak2485,Freie Universität Berlin,Berlin,52.4528565,13.2907249,0.96,0.98,0,,,,auto,street,"Freie Universitaet Berlin, Berlin","Freie Universität Berlin, Lansstraße, Dahlem, Steglitz-Zehlendorf, Berlin, 14195, Deutschl",11.36
de-hamburg-university-of-technology,csrankings,Hamburg University of Technology,de,,https://www.tuhh.de/tuhh/en/schools/electrical-engineering-computer-science-and-mathematics,19,Hamburg University of Technology,04bs1pb34,Hamburg University of Technology,Hamburg,53.4610001,9.9692264,1.00,1.00,1,,,,auto,street,"Hamburg University of Technology, Hamburg","Technische Universität Hamburg, Denickestraße, Harburg, Hamburg, 21073, Deutschland",10.10
de-tu-braunschweig,csrankings,TU Braunschweig,de,,https://www.ibr.cs.tu-bs.de,19,TU Braunschweig,010nsgg66,Technische Universität Braunschweig,Braunschweig,52.2761359,10.5410923,1.00,1.00,0,,,,auto,street,"TU Braunschweig, Braunschweig","TU Braunschweig, Hans-Sommer-Straße, Östliches Ringgebiet, Braunschweig, Niedersachsen, 38",1.50
de-university-of-bremen,csrankings,University of Bremen,de,,https://www.informatik.uni-bremen.de,19,University of Bremen,04ers2y35,University of Bremen,Bremen,53.1079646,8.8556646,1.00,1.00,0,,,,auto,building,"University of Bremen, Bremen","Universität Bremen, 1, Bibliothekstraße, Lehe, Horn-Lehe, Bremen-Ost, Bremen, 28359, Deuts",4.82
de-university-of-rostock,csrankings,University of Rostock,de,,https://vcg.informatik.uni-rostock.de,19,University of Rostock,03zdwsf69,University of Rostock,Rostock,54.0887,12.14049,1.00,1.00,0,,,,auto,city_centroid,,,0.00
de-university-of-wuppertal,csrankings,University of Wuppertal,de,,https://www-num.math.uni-wuppertal.de,19,University of Wuppertal,00613ak93,University of Wuppertal,Wuppertal,51.25627,7.14816,1.00,1.00,1,,,,auto,city_centroid,,,0.00
it-university-of-padova,csrankings,University of Padova,it,,https://www.math.unipd.it,19,University of Padova,00240q980,University of Padua,Padua,45.4066496,11.8774407,1.00,1.00,1,,,,auto,building,"University of Padova, Padua","Università di Padova, 2, Via Otto Febbraio, San Giuseppe, Padova, Veneto, 35122, Italia",0.67
at-university-of-innsbruck,csrankings,University of Innsbruck,at,,https://www.uibk.ac.at/en/informatik/,18,University of Innsbruck,054pv6659,Universität Innsbruck,Innsbruck,47.2596957,11.3872319,1.00,1.00,1,,,,auto,street,"Universität Innsbruck, Innsbruck","Universitätsgelände Medizinische Universität Innsbruck, Schöpfstraße, Wilten, Innsbruck, T",0.64
de-tu-ilmenau,csrankings,TU Ilmenau,de,,https://www.tu-ilmenau.de,18,TU Ilmenau,01weqhp73,Technische Universität Ilmenau,Ilmenau,50.6824953,10.936496,1.00,1.00,1,,,,auto,street,"TU Ilmenau, Ilmenau","Technische Universität Ilmenau, Bücheloher Straße, Unterpörlitz, Ilmenau, Ilm-Kreis, Thüri",1.26
de-university-of-bayreuth,csrankings,University of Bayreuth,de,,https://www.ai2.uni-bayreuth.de,18,University of Bayreuth,0234wmv40,University of Bayreuth,Bayreuth,49.9270796,11.5872266,1.00,1.00,0,,,,auto,building,"University of Bayreuth, Bayreuth","Universität Bayreuth, 30, Universitätsstraße, Cosima-Wagner- / Nürnberger- / Universitätss",2.38
it-university-of-sannio,csrankings,University of Sannio,it,,https://www.unisannio.it,18,University of Sannio,04vc81p87,University of Sannio,Benevento,41.1307,14.77816,1.00,1.00,1,,,,auto,city_centroid,,,0.00
cy-cyprus-university-of-technology,csrankings,Cyprus University of Technology,cy,,https://www.cut.ac.cy/faculties/fet/eecei/,17,Cyprus University of Technology,05qt8tf94,Cyprus University of Technology,Limassol,34.6763788,33.044583,1.00,1.00,1,,,,auto,street,"Cyprus University of Technology, Limassol","Cyprus University of Technology, Athinon, Καθολική, Λεμεσός, Δήμος Λεμεσού, Επαρχία Λεμεσο",1.05
de-university-of-bamberg,csrankings,University of Bamberg,de,,https://www.uni-bamberg.de,17,University of Bamberg,01c1w6d29,University of Bamberg,Bamberg,49.89873,10.90067,1.00,1.00,0,,,,auto,city_centroid,,,0.00
es-imdea-networks-institute,csrankings,IMDEA Networks Institute,es,,https://networks.imdea.org,17,IMDEA Networks,04mm9fg30,IMDEA Networks,Leganés,40.3367214,-3.770745,1.00,1.00,0,,,,auto,building,"IMDEA Networks, Leganés","Fundación Imdea Networks, 22, Avenida del Mar Mediterráneo, Campo de Tiro, San Nicasio, Le",1.23
it-university-of-cagliari,csrankings,University of Cagliari,it,,https://web.unica.it/unica/en/dip_matinfo.page,17,University of Cagliari,003109y17,University of Cagliari,Cagliari,39.23054,9.11917,1.00,1.00,0,,,,auto,city_centroid,,,0.00
be-university-of-antwerp,csrankings,University of Antwerp,be,,https://www.uantwerpen.be,16,University of Antwerp,008x57b05,University of Antwerp,Antwerp,51.1843856,4.4199387,1.00,1.00,0,,,,auto,street,"University of Antwerp, Antwerp","Campus Middelheim Universiteit Antwerpen, Lindendreef, Middelheim, Antwerpen, Vlaanderen, ",4.24
de-bielefeld-university,csrankings,Bielefeld University,de,,https://www.uni-bielefeld.de/fakultaeten/technische-fakultaet/,16,Bielefeld University,02hpadn98,Bielefeld University,Bielefeld,52.03333,8.53333,1.00,1.00,1,,,,auto,city_centroid,,,0.00
de-tu-chemnitz,csrankings,TU Chemnitz,de,,https://www.tu-chemnitz.de,16,TU Chemnitz,00a208s56,Chemnitz University of Technology,Chemnitz,50.8142025,12.9293622,1.00,1.00,0,,,,auto,street,"TU Chemnitz, Chemnitz","Technische Universität Chemnitz, Bernsdorfer Straße, Bernsdorf, Chemnitz, Lichtenau, Sachs",2.39
de-university-of-konstanz,csrankings,University of Konstanz,de,,https://www.informatik.uni-konstanz.de/en/,16,University of Konstanz,0546hnb39,University of Konstanz,Konstanz,47.6899569,9.1882624,1.00,1.00,1,,,,auto,building,"University of Konstanz, Konstanz","Universität Konstanz, 10, Universitätsstraße, Egg, Konstanz, VVG der Stadt Konstanz, Landk",3.42
de-university-of-passau,csrankings,University of Passau,de,,https://www.fim.uni-passau.de,16,University of Passau,05ydjnb78,University of Passau,Passau,48.5675495,13.452108,1.00,1.00,0,,,,auto,street,"University of Passau, Passau","Universität Passau, Augustinergasse, Altstadt, Passau, Bayern, 94032, Deutschland",1.54
cy-university-of-nicosia,csrankings,University of Nicosia,cy,,https://www.unic.ac.cy,15,University of Nicosia,04v18t651,University of Nicosia,Nicosia,35.1660481,33.3149405,1.00,1.00,1,,,,auto,street,"University of Nicosia, Nicosia","University of Nicosia, Λεωφόρος Γρίβα Διγενή, Έγκωμη, Λευκωσία - Lefkoşa, Δήμος Λευκωσίας,",4.59
es-universidad-rey-juan-carlos,csrankings,Universidad Rey Juan Carlos,es,,https://www.tsc.urjc.es,15,Universidad Rey Juan Carlos,01v5cv687,Universidad Rey Juan Carlos,Madrid,40.4271892,-3.7186407,1.00,1.00,1,,,,auto,building,"Universidad Rey Juan Carlos, Madrid","Universidad Rey Juan Carlos, 21, Calle de Quintana, Argüelles, Moncloa-Aravaca, Madrid, Co",1.81
hu-university-of-szeged,csrankings,University of Szeged,hu,,https://www.inf.u-szeged.hu,15,University of Szeged,01pnej532,University of Szeged,Szeged,46.2500455,20.1465034,1.00,1.00,0,,,,auto,building,"University of Szeged, Szeged","Szegedi Tudományegyetem, 13, Dugonics tér, Belváros, Szeged, Szegedi járás, Csongrád-Csaná",0.35
it-gssi,csrankings,GSSI,it,,https://cs.gssi.it,15,Gran Sasso Science Institute,043qcb444,Gran Sasso Science Institute,L’Aquila,42.3455885,13.4004688,1.00,1.00,1,,,,auto,building,"GSSI, L’Aquila","Gran Sasso Science Institute, 7, Viale Francesco Crispi, Quarto di San Giorgio, Torretta, ",0.56
de-tu-clausthal,csrankings,TU Clausthal,de,,https://www.isse.tu-clausthal.de,14,TU Clausthal,04qb8nc58,Clausthal University of Technology,Clausthal-Zellerfeld,51.806073,10.3370092,1.00,1.00,1,,,,auto,street,"TU Clausthal, Clausthal-Zellerfeld","TU Clausthal, Erzstraße, Clausthal, Clausthal-Zellerfeld, Landkreis Goslar, Niedersachsen,",0.39
de-university-of-kassel,csrankings,University of Kassel,de,,https://www.uni-kassel.de/eecs/en,14,University of Kassel,04zc7p361,University of Kassel,Kassel,51.31667,9.5,1.00,1.00,1,,,,auto,city_centroid,,,0.00
de-university-of-potsdam,csrankings,University of Potsdam,de,,https://www.uni-potsdam.de/en/cs,14,University of Potsdam,03bnmw459,University of Potsdam,Potsdam,52.39886,13.06566,1.00,1.00,0,,,,auto,city_centroid,,,0.00
ie-maynooth-university,csrankings,Maynooth University,ie,,https://www.maynoothuniversity.ie/computer-science,14,Maynooth University,048nfjm95,"National University of Ireland, Maynooth",Maynooth,53.3821766,-6.5987338,1.00,1.00,0,,,,auto,street,"Maynooth University, Maynooth","Maynooth University, Kilcock Road, Maynooth ED, The Municipal District of Clane — Maynooth",0.46
se-lund-university,csrankings,Lund University,se,,https://cs.lth.se,14,Lund University,012a77v79,Lund University,Lund,55.7126504,13.2107587,1.00,1.00,0,,,,auto,building,"Lund University, Lund","Lunds Tekniska Högskola, Box 118, Tornavägen, Norra universitetsområdet, Norr, Lund, Lunds",1.33
se-malm-university,csrankings,Malmö University,se,,https://mau.se,14,Malmö University,05wp7an13,Malmö University,Malmo,55.6088853,12.9932225,1.00,1.00,1,,,,auto,street,"Malmö University, Malmo","Malmö universitet, Solhöjdsgatan, Västra Hamnen, Norr, Malmö, Malmö kommun, Skåne län, 211",0.58
de-thws,csrankings,THWS,de,,https://fiw.thws.de,13,Technische Hochschule Würzburg-Schweinfurt,01k5h5v15,Technical University of Applied Sciences Würzburg-Schweinfurt,Würzburg,49.7876141,9.9337894,1.00,1.00,0,,,,auto,street,"THWS, Würzburg","THWS, Zwinger, Innenstadt, Würzburg Altstadt, Würzburg, Bayern, 97070, Deutschland",1.43
de-university-of-d-sseldorf,csrankings,University of Düsseldorf,de,,https://www.cs.hhu.de,13,Heinrich Heine University Düsseldorf,024z2rq82,Heinrich Heine University Düsseldorf,Düsseldorf,51.1907733,6.7935167,1.00,1.00,0,,,,auto,building,"Heinrich Heine University Düsseldorf, Düsseldorf","Heinrich-Heine-Universität Düsseldorf, 1, Universitätsstraße, Bilk, Stadtbezirk 3, Düsseld",3.65
de-brandenburg-univ-of-technology,csrankings,Brandenburg Univ. of Technology,de,,https://www.b-tu.de/en/institut-fuer-informatik,12,Brandenburg University of Technology Cottbus-Senftenberg,02wxx3e24,Brandenburg University of Technology Cottbus-Senftenberg,Senftenberg,51.52517,14.00164,1.00,1.00,1,,,,auto,city_centroid,,,0.00
mt-university-of-malta,csrankings,University of Malta,mt,,https://www.um.edu.mt/ict/cs/,12,University of Malta,03a62bv60,University of Malta,Msida,35.9020939,14.4834607,1.00,1.00,1,,,,auto,street,"University of Malta, Msida","L-Università ta' Malta, Triq Roberto Ranieri Costaguti, L-Imsida, Reġjun tal-Lvant, MSD 20",1.07
de-bauhaus-university-weimar,csrankings,Bauhaus University Weimar,de,,https://www.uni-weimar.de/en/media/structure/computer-science-department,11,Bauhaus University Weimar,033bb5z47,Bauhaus-Universität Weimar,Weimar,50.9757134,11.3301092,1.00,1.00,0,,,,auto,building,"Bauhaus University Weimar, Weimar","Bauhaus-Universität Weimar, 7-9, Bauhausstraße, Südstadt, Weimar, Thüringen, 99423, Deutsc",0.52
de-university-of-marburg,csrankings,University of Marburg,de,,https://www.uni-marburg.de/en/fb12,11,Philipps-Universität Marburg,01rdrb571,Philipps University of Marburg,Marburg,50.80904,8.77069,1.00,1.00,1,,,Matched Wismar University of Applied Sciences 450 km away,auto,city_centroid,,,0.00
de-university-of-osnabr-ck,csrankings,University of Osnabrück,de,,https://www.informatik.uni-osnabrueck.de,11,Osnabrück University,04qmmjx98,Osnabrück University,Osnabrück,52.27264,8.0498,1.00,1.00,0,,,,auto,city_centroid,,,0.00
ch-university-of-fribourg,csrankings,University of Fribourg,ch,,https://www.unifr.ch,10,University of Fribourg,022fs9h90,University of Fribourg,Fribourg,46.80237,7.15128,1.00,1.00,1,,,,auto,city_centroid,,,0.00
de-university-of-mannheim,csrankings,University of Mannheim,de,,https://www.wim.uni-mannheim.de/en/,10,Universität Mannheim,03nt4av35,Stadt Mannheim,Mannheim,49.4823658,8.5061279,0.93,0.76,1,,,ROR identity unresolved (best match is the city government); city Mannheim is correct so the coordinate stands,auto,street,"Stadt Mannheim, Mannheim","Stadt Mannheim, Hans-Reschke-Ufer, Oststadt, Schwetzingerstadt/Oststadt, Mannheim, Baden-W",2.93
de-university-of-trier,csrankings,University of Trier,de,,https://www.uni-trier.de,10,University of Trier,02778hg05,Universität Trier,Trier,49.75565,6.63935,1.00,1.00,0,,,,auto,city_centroid,,,0.00
lv-university-of-latvia,csrankings,University of Latvia,lv,,https://www.lu.lv/en/about-us/structure/institutes/ul-institute-of-mathematics-and-computer-science/,10,University of Latvia,05g3mes96,University of Latvia,Riga,56.9507589,24.1162755,1.00,1.00,0,,,,auto,building,"University of Latvia, Riga","Latvijas Universitāte, 19, Raiņa bulvāris, Centrs, Centra apkaime, Rīga, LV-1050, Latvija",0.82
sk-kempelen-institute-kinit,csrankings,Kempelen Institute - KInIT,sk,,https://kinit.sk,9,Kempelen Institute of Intelligent Technologies,02j78kr76,Kempelen Institute of Intelligent Technologies,Bratislava,48.14816,17.10674,1.00,1.00,1,,,,auto,city_centroid,,,0.00
ch-university-of-basel,csrankings,University of Basel,ch,,https://dmi.unibas.ch,8,University of Basel,02s6k3f65,University of Basel,Basel,47.55839,7.57327,1.00,1.00,1,,,,auto,city_centroid,,,0.00
de-university-of-halle-wittenberg,csrankings,University of Halle-Wittenberg,de,,https://www.informatik.uni-halle.de,8,Martin Luther University Halle-Wittenberg,05gqaka33,Martin Luther University Halle-Wittenberg,Halle,51.48158,11.97947,1.00,1.00,0,,,,auto,city_centroid,,,0.00
de-university-of-mainz,csrankings,University of Mainz,de,,https://www.cs.uni-mainz.de,8,University of Mainz,031bsb921,University of Mannheim,Mannheim,49.4891,8.46694,0.94,0.83,0,,,,auto,city_centroid,,,0.00
es-universidad-de-zaragoza,csrankings,Universidad de Zaragoza,es,,https://webdiis.unizar.es,8,Universidad de Zaragoza,012a91z28,Universidad de Zaragoza,Zaragoza,41.65606,-0.87734,1.00,1.00,1,,,,auto,city_centroid,,,0.00
it-university-of-molise,csrankings,University of Molise,it,,https://docenti.unimol.it,8,University of Molise,04z08z627,University of Molise,Campobasso,41.55947,14.66737,1.00,1.00,0,,,,auto,city_centroid,,,0.00
de-jacobs-university-bremen,csrankings,Jacobs University Bremen,de,,https://constructor.university/research/school-of-computer-science-and-engineering,7,Jacobs University Bremen,02yrs2n53,Constructor University,Bremen,53.1675194,8.6511191,1.00,1.00,1,,,,auto,building,"Jacobs University Bremen, Bremen","Constructor University, 1, Campus Ring, Tauwerkquartier, Grohn, Vegesack, Bremen-Nord, Bre",14.57
it-scuola-superiore-sant-anna,csrankings,Scuola Superiore Sant'Anna,it,,https://retis.sssup.it,7,Scuola Superiore Sant'Anna,025602r80,Scuola Superiore Sant'Anna,Pisa,43.7206078,10.4026444,1.00,1.00,0,,,,auto,building,"Scuola Superiore Sant'Anna, Pisa","Scuola Superiore Sant'Anna, 33, Piazza Martiri della Libertà, San Francesco, Pisa, Toscana",1.35
it-university-of-l-aquila,csrankings,University of L'Aquila,it,,https://www.disim.univaq.it/,7,University of L'Aquila,01j9p1r26,University of L'Aquila,L’Aquila,42.35055,13.39954,1.00,1.00,1,,,,auto,city_centroid,,,0.00
ro-babe-bolyai-university,csrankings,Babeș-Bolyai University,ro,,https://www.cs.ubbcluj.ro,7,Babeș-Bolyai University,02rmd1t30,Babeș-Bolyai University,Cluj-Napoca,46.7677836,23.5919766,1.00,1.00,1,,,,auto,building,"Babeș-Bolyai University, Cluj-Napoca","Universitatea Babeș-Bolyai, 1, Strada Mihail Kogălniceanu, Centru, Cluj-Napoca, Zona Metro",0.62
bg-insait,csrankings,INSAIT,bg,,https://insait.ai,6,INSAIT,,,Sofia,42.66982,23.3714994,,,,bg-su,coords borrowed from bg-su,"Founded 2022; not in ROR. Anchored to Sofia University, its host campus",anchored,street,"INSAIT, Sofia","INSAIT, Йозеф Мургаш, м. Къро, София, Младост, Столична, София-град, 1787, България",4.95
ch-university-of-bern,csrankings,University of Bern,ch,,https://www.iam.unibe.ch,6,University of Bern,02k7v4d05,University of Bern,Bern,46.9509726,7.4386841,1.00,1.00,1,,,,auto,street,"University of Bern, Bern","Universität Bern, Kleine Westtangente, Länggasse, Stadtteil II, Bern, Verwaltungskreis Ber",0.74
de-tu-freiberg,csrankings,TU Freiberg,de,,https://tu-freiberg.de,6,TU Bergakademie Freiberg,031vc2293,TU Bergakademie Freiberg,Freiberg,50.9249694,13.3316359,1.00,1.00,0,,,,auto,street,"TU Bergakademie Freiberg, Freiberg","TU Bergakademie Freiberg, Petersstraße, Petriviertel, Altstadt, Freiberg, Mittelsachsen, S",1.64
ee-tallinn-university-of-technology,csrankings,Tallinn University of Technology,ee,,https://taltech.ee/en/school-of-information-technologies,6,Tallinn University of Technology,0443cwa12,Tallinn University of Technology,Tallinn,59.3949741,24.6676189,1.00,1.00,1,,,,auto,building,"Tallinn University of Technology, Tallinn","Tallinna Tehnikaülikool, 5, Ehitajate tee, Mustamäe, Mustamäe linnaosa, Tallinn, Harju maa",6.74
de-university-of-cologne,csrankings,University of Cologne,de,,https://cs.uni-koeln.de,5,University of Cologne,00rcxh774,University of Cologne,Cologne,50.9280445,6.9281305,1.00,1.00,0,,,,auto,building,"University of Cologne, Cologne","Universität zu Köln, 1, Lindenstraße, Rathenauviertel, Südstadt, Neustadt/Süd, Innenstadt,",1.64
fr-ecole-normale-superieure-de-rennes,csrankings,Ecole Normale Superieure de Rennes,fr,,http://www.ens-rennes.fr/research-in-computer-sciences-and-telecommunications-157088.kjsp,5,Ecole Normale Superieure de Rennes,03rxtdc22,École Normale Supérieure de Rennes,Bruz,48.0457455,-1.7460712,1.00,1.00,0,,,,auto,street,"Ecole Normale Superieure de Rennes, Bruz","École normale supérieure de Rennes, Avenue Robert Schumann, La Croix Madame, Bruz, Rennes,",2.35
de-university-of-hildesheim,csrankings,University of Hildesheim,de,,https://www.uni-hildesheim.de/en/fb4/institute/ifi/,3,University of Hildesheim,02f9det96,University of Hildesheim,Hildesheim,52.15077,9.95112,1.00,1.00,1,,,,auto,city_centroid,,,0.00
no-simula-uib,csrankings,Simula UiB,no,,https://www.simula.no/research/projects/simula-uib,2,Simula UiB,05kmggt55,Simula UiB,Bergen,60.3807683,5.330644,1.00,1.00,0,,,,auto,street,"Simula UiB, Bergen","Simula UiB AS, Thormøhlens gate, Møhlenpris, Bergenhus, Bergen, Vestland, 5058, Norge",1.41
gr-university-of-patras,csrankings,University of Patras,gr,,https://www.ceid.upatras.gr/en/home/,1,University of Patras,017wvtq80,University of Patras,Pátrai,38.24444,21.73444,1.00,1.00,1,,,,auto,city_centroid,,,0.00
it-university-of-udine,csrankings,University of Udine,it,,https://dmif.uniud.it/en/,1,University of Udine,05ht0mh31,University of Udine,Udine,46.0693,13.23715,1.00,1.00,1,,,,auto,city_centroid,,,0.00
de-mpi-inf,supplement,MPI for Informatics,de,Saarbrücken,,,Max Planck Institute for Informatics,01w19ak89,Max Planck Institute for Informatics,Saarbrücken,49.2579327,7.0457789,1.00,1.00,0,,,,auto,building,"MPI for Informatics, Saarbrücken","Max-Planck-Institut für Informatik, E1 4, Campus, Universität, St. Johann, Bezirk Mitte, S",3.84
de-mpi-sws-sb,supplement,MPI for Software Systems (Saarbrücken),de,Saarbrücken,,,Max Planck Institute for Software Systems,02pe2kf23,Max Planck Institute for Software Systems,Saarbrücken,49.2575353,7.0462785,1.00,1.00,0,,,,auto,building,"Max Planck Institute for Software Systems, Saarbrücken","Max-Planck-Institut für Softwaresysteme, E1 5, Campus, Universität, St. Johann, Bezirk Mit",3.83
de-mpi-sws-kl,supplement,MPI for Software Systems (Kaiserslautern),de,Kaiserslautern,,,Max Planck Institute for Software Systems,02pe2kf23,Max Planck Institute for Software Systems,Landau,49.19844,8.11692,1.00,1.00,0,de-tu-kaiserslautern,"expected Kaiserslautern, ROR says Saarbrücken — unrelated names, not a translation; coords borrowed from de-tu-kaiserslautern",Second MPI-SWS site; ROR record points at Saarbrücken,anchored,city_centroid,,,0.00
de-mpi-is-tue,supplement,MPI for Intelligent Systems (Tübingen),de,Tübingen,,,Max Planck Institute for Intelligent Systems,04fq9j139,Max Planck Institute for Intelligent Systems,Tübingen,48.5355038,9.0579217,1.00,1.00,0,de-university-of-t-bingen,"expected Tübingen, ROR says Stuttgart — unrelated names, not a translation; coords borrowed from de-university-of-t-bingen",ROR registers MPI-IS in Stuttgart; the Tübingen campus is the AI site,anchored,building,"Max-Planck-Institut für Intelligente Systeme, Tübingen","Max-Planck-Institut für Intelligente Systeme, 4, Max-Planck-Ring, Max-Planck-Institut, Sch",1.49
de-mpi-is-stu,supplement,MPI for Intelligent Systems (Stuttgart),de,Stuttgart,,,Max Planck Institute for Intelligent Systems,04fq9j139,Max Planck Institute for Intelligent Systems,Stuttgart,48.7467743,9.0806663,1.00,1.00,0,,,ROR location is already the Stuttgart site,auto,building,"Max-Planck-Institut für Intelligente Systeme, Stuttgart","Max-Planck-Institut für Intelligente Systeme, 3, Heisenbergstraße, Büsnau, Vaihingen, Stut",8.09
de-mpi-kyb,supplement,MPI for Biological Cybernetics,de,Tübingen,,,Max Planck Institute for Biological Cybernetics,026nmvv73,Max Planck Institute for Biological Cybernetics,Tübingen,48.5369125,9.0592253,1.00,1.00,0,,,,auto,building,"Max Planck Institute for Biological Cybernetics, Tübingen","Max-Planck-Institut für Biologische Kybernetik, 8, Max-Planck-Ring, Max-Planck-Institut, S",1.67
de-mpi-sp,supplement,MPI for Security and Privacy,de,Bochum,,,Max Planck Institute for Security and Privacy,00bj0r217,Max Planck Institute for Security and Privacy,Bochum,51.4445545,7.2562782,1.00,1.00,0,,,,auto,building,"Max Planck Institute for Security and Privacy, Bochum","Max-Planck-Institut für Sicherheit und Privatsphäre, 140, Universitätsstraße, Querenburg, ",4.96
de-mpi-mis,supplement,MPI for Mathematics in the Sciences,de,Leipzig,,,Max Planck Institute for Mathematics in the Sciences,00ez2he07,Max Planck Institute for Mathematics in the Sciences,Leipzig,51.33962,12.37129,1.00,1.00,0,,,,auto,city_centroid,,,0.00
de-mpi-cbg,supplement,MPI of Molecular Cell Biology and Genetics,de,Dresden,,,Max Planck Institute of Molecular Cell Biology and Genetics,05b8d3w18,Max Planck Institute of Molecular Cell Biology and Genetics,Dresden,51.0583873,13.7845056,1.00,1.00,0,,,,auto,building,"Max Planck Institute of Molecular Cell Biology and Genetics, Dresden","Max-Planck-Institut für molekulare Zellbiologie und Genetik (MPI CBG), 108, Pfotenhauerstr",3.33
de-mpi-hd-chm,supplement,MPI for Human Development (Center for Humans and Machines),de,Berlin,,,Max Planck Institute for Human Development,02pp7px91,Max Planck Institute for Human Development,Berlin,52.4686894,13.3037589,1.00,1.00,0,,,,auto,building,"Max Planck Institute for Human Development, Berlin","Max-Planck-Institut für Bildungsforschung, 94, Lentzeallee, Gartenstadt, Wilmersdorf, Char",9.52
de-ellis-inst-tue,supplement,ELLIS Institute Tübingen,de,Tübingen,,,ELLIS Institute Tübingen,036z3g533,ELLIS Institute Tübingen,Tübingen,48.5384843,9.0558772,1.00,1.00,0,de-university-of-t-bingen,coords borrowed from de-university-of-t-bingen,,auto,building,"ELLIS Institute Tübingen, Tübingen","ELLIS Institute Tübingen gGmbH, 2, Maria-von-Linden-Straße, Schönblick / Winkelwiese, Schö",1.78
de-tue-ai-center,supplement,Tübingen AI Center,de,Tübingen,,,Tübingen AI Center,0107nyd78,Tübingen AI Center,Tübingen,48.5386314,9.0550182,1.00,1.00,0,de-university-of-t-bingen,coords borrowed from de-university-of-t-bingen,,auto,building,"Tübingen AI Center, Tübingen","Tübingen AI Center, 1, Maria-von-Linden-Straße, Schönblick / Winkelwiese, Schönblick/Winke",1.79
de-dfki-sb,supplement,DFKI Saarbrücken,de,Saarbrücken,,,German Research Centre for Artificial Intelligence,01ayc5b57,German Research Centre for Artificial Intelligence,Saarbrücken,49.2569205,7.0419508,1.00,1.00,0,de-saarland-university,"expected Saarbrücken, ROR says Kaiserslautern — unrelated names, not a translation; coords borrowed from de-saarland-university",DFKI is multi-site; anchor to the Saarbrücken campus,anchored,building,"DFKI, Saarbrücken","Deutsches Forschungszentrum für Künstliche Intelligenz, 3, Stuhlsatzenhaus, Universität, S",3.57
de-dfki-kl,supplement,DFKI Kaiserslautern,de,Kaiserslautern,,,German Research Centre for Artificial Intelligence,01ayc5b57,German Research Centre for Artificial Intelligence,Landau,49.19844,8.11692,1.00,1.00,0,de-tu-kaiserslautern,coords borrowed from de-tu-kaiserslautern,,auto,city_centroid,,,0.00
de-dfki-hb,supplement,DFKI Robotics Innovation Center,de,Bremen,,,German Research Centre for Artificial Intelligence,01ayc5b57,German Research Centre for Artificial Intelligence,Bremen,53.07582,8.80717,1.00,1.00,0,de-university-of-bremen,"expected Bremen, ROR says Kaiserslautern — unrelated names, not a translation; coords borrowed from de-university-of-bremen",,anchored,city_centroid,,,0.00
de-dfki-be,supplement,DFKI Berlin,de,Berlin,,,German Research Centre for Artificial Intelligence,01ayc5b57,German Research Centre for Artificial Intelligence,Berlin,52.5243079,13.3444441,1.00,1.00,0,de-tu-berlin,"expected Berlin, ROR says Kaiserslautern — unrelated names, not a translation; coords borrowed from de-tu-berlin",,anchored,building,"DFKI, Berlin","Deutsches Forschungszentrum für Künstliche Intelligenz, 91c, Alt-Moabit, Westfälisches Vie",4.47
de-helmholtz-munich,supplement,Helmholtz Munich,de,München,,,Helmholtz Zentrum München,00cfam450,Helmholtz Munich,Munich,48.144717,11.5410759,1.00,1.00,0,,"expected München, ROR says Munich",,auto,street,"Helmholtz Munich, Munich","Helmholtzstraße, Arnulfpark, Marsfeld, Maxvorstadt, München, Bayern, 80636, Deutschland",2.68
de-mcml,supplement,Munich Center for Machine Learning,de,München,,,Munich Center for Machine Learning,02nfy3535,Munich Center for Machine Learning,Munich,48.13743,11.57549,1.00,1.00,0,de-lmu-munich,"expected München, ROR says Munich; coords borrowed from de-lmu-munich",Virtual centre; members hold LMU or TUM chairs,auto,city_centroid,,,0.00
de-bifold,supplement,BIFOLD Berlin Institute for the Foundations of Learning and Data,de,Berlin,,,BIFOLD,,,Berlin,52.52437,13.41053,,,,de-tu-berlin,coords borrowed from de-tu-berlin,Virtual centre hosted at TU Berlin | no reliable ROR record; anchored to a neighbour,anchored,city_centroid,,,0.00
de-lamarr,supplement,Lamarr Institute,de,Dortmund,,,Lamarr Institute for Machine Learning and Artificial Intelligence,04s11ea33,Lamarr Institute for Machine Learning and Artificial Intelligence,Dortmund,51.4900022,7.4051803,1.00,1.00,0,de-tu-dortmund,"expected Dortmund, ROR says Sankt Augustin — unrelated names, not a translation; coords borrowed from de-tu-dortmund",Sites in Dortmund Bonn Aachen Sankt Augustin,anchored,building,"Lamarr Institute, Dortmund","Lamarr Institute for Machine Learning and Artificial Intelligence, 25, Joseph-von-Fraunhof",5.04
de-scads,supplement,ScaDS.AI Dresden/Leipzig,de,Dresden,,,ScaDS.AI,01t4ttr56,Center for Scalable Data Analytics and Artificial Intelligence,Dresden,51.05089,13.73832,1.00,1.00,0,de-tu-dresden,coords borrowed from de-tu-dresden,Two-city centre,auto,city_centroid,,,0.00
de-zib,supplement,Zuse Institute Berlin,de,Berlin,,,Zuse Institute Berlin,02eva5865,Zuse Institute Berlin,Berlin,52.4557415,13.2979865,1.00,1.00,0,,,,auto,building,"Zuse Institute Berlin, Berlin","Zuse-Institut Berlin (ZIB), 7, Takustraße, Dahlem, Steglitz-Zehlendorf, Berlin, 14195, Deu",10.78
de-dlr-ki,supplement,DLR Institute for AI Safety and Security,de,Sankt Augustin,,,German Aerospace Center,04bwf3e34,Deutsches Zentrum für Luft- und Raumfahrt e. V. (DLR),Bonn,50.73438,7.09549,1.00,1.00,0,de-university-of-bonn,"expected Sankt Augustin, ROR says Cologne — unrelated names, not a translation; coords borrowed from de-university-of-bonn",Sankt Augustin site near Bonn,anchored,city_centroid,,,0.00
fr-inria-paris,supplement,Inria Centre de Paris,fr,Paris,,,Centre Inria de Paris,05eyd5d35,Centre Inria de Paris,Paris,48.8263548,2.3459405,1.00,1.00,0,,,,auto,building,"Inria Centre de Paris, Paris","Centre Inria de Paris, 48, Rue Barrault, Maison-Blanche, Paris 13e Arrondissement, Paris, ",3.02
fr-inria-saclay,supplement,Inria Centre de Saclay,fr,Palaiseau,,,Centre Inria de Saclay,0315e5x55,Centre Inria de Saclay,Palaiseau,48.7143856,2.2055746,1.00,1.00,0,,,,auto,building,"Inria Centre de Saclay, Palaiseau","Centre Inria de Saclay, 1, Rue Honoré d'Estienne d'Orves, La Vauve - École Polytechnique, ",3.27
fr-inria-grenoble,supplement,Inria Centre de l'Université Grenoble Alpes,fr,Grenoble,,,Centre Inria de l'Université Grenoble Alpes,00n8d6z93,Centre Inria de l'Université Grenoble Alpes,Montbonnot-Saint-Martin,45.22537,5.8017,1.00,1.00,0,,"expected Grenoble, ROR says Montbonnot-Saint-Martin — unrelated names, not a translation",,needs_review,city_centroid,,,0.00
fr-inria-rennes,supplement,Inria Centre de l'Université de Rennes,fr,Rennes,,,Centre Inria de l'Université de Rennes,04040yw90,Centre Inria de l'Université de Rennes,Rennes,48.11109,-1.67431,1.00,1.00,0,,,,auto,city_centroid,,,0.00
fr-inria-lille,supplement,Inria Centre de l'Université de Lille,fr,Villeneuve-d'Ascq,,,Centre Inria de l'Université de Lille,04eej9726,Centre Inria de l'Université de Lille,Villeneuve-d'Ascq,50.61669,3.16664,1.00,1.00,0,,,,auto,city_centroid,,,0.00
fr-inria-sophia,supplement,Inria Centre d'Université Côte d'Azur,fr,Sophia Antipolis,,,Centre Inria d'Université Côte d'Azur,01nzkaw91,Centre Inria d'Université Côte d'Azur,Valbonne,43.63292,6.99911,1.00,1.00,0,,"expected Sophia Antipolis, ROR says Valbonne — unrelated names, not a translation",,needs_review,city_centroid,,,0.00
fr-inria-nancy,supplement,Inria Centre de l'Université de Lorraine,fr,Villers-lès-Nancy,,,Centre Inria de l'Université de Lorraine,03fcjvn64,Centre Inria de l'Université de Lorraine,Villers-lès-Nancy,48.6655909,6.1574513,1.00,1.00,0,,,,auto,street,"Centre Inria de l'Université de Lorraine, Villers-lès-Nancy","Centre Inria de l'Université de Lorraine, Rue du Jardin Botanique, Villers-lès-Nancy, Nanc",0.93
fr-inria-bordeaux,supplement,Inria Centre de l'Université de Bordeaux,fr,Talence,,,Centre Inria de l'Université de Bordeaux,03tjcj052,Centre Inria de l'université de Bordeaux,Talence,44.8083657,-0.5998368,1.00,1.00,0,,,,auto,building,"Centre Inria de l'université de Bordeaux, Talence","Centre Inria de l'université de Bordeaux, 200, Avenue de la Vieille Tour, Thouars, Talence",0.84
fr-inria-lyon,supplement,Inria Centre de Lyon,fr,Villeurbanne,,,Centre Inria de Lyon,022gakr41,Centre Inria de Lyon,Villeurbanne,45.7862564,4.8796612,1.00,1.00,0,,,,auto,street,"Inria Centre de Lyon, Villeurbanne","Centre Inria de Lyon, Passage de l'Industrie, La Feyssine, Villeurbanne, Lyon, Métropole d",2.25
fr-sorbonne,supplement,Sorbonne Université (LIP6 ISIR),fr,Paris,,,Sorbonne University,02en5vm52,Sorbonne Université,Paris,48.8379885,2.3611216,1.00,1.00,0,,,,auto,street,"Sorbonne Université, Paris","Sorbonne Université, Boulevard de l'Hôpital, Quartier de la Salpêtrière, Paris 13e Arrondi",1.94
fr-paris-saclay,supplement,Université Paris-Saclay (LISN),fr,Gif-sur-Yvette,,,Université Paris-Saclay,03xjwb503,Université Paris-Saclay,Gif-sur-Yvette,48.7118148,2.1734464,1.00,1.00,0,,,,auto,street,"Université Paris-Saclay, Orsay","Université Paris Saclay, Avenue des Sciences, Belvedère, Campus Urbain de Paris-Saclay, Or",4.32
fr-paris-cite,supplement,Université Paris Cité (IRIF),fr,Paris,,,Université Paris Cité,05f82e368,Université Paris Cité,Paris,48.8514684,2.341089,1.00,1.00,0,,,,auto,building,"Université Paris Cité, Paris","Université Paris Cité, 15, Rue de l'École de Médecine, Quartier de la Monnaie, Paris 6e Ar",0.60
fr-telecom-paris,supplement,Télécom Paris (LTCI),fr,Palaiseau,,,Télécom Paris,01naq7912,Télécom Paris,Palaiseau,48.7131108,2.199685,1.00,1.00,0,,,,auto,street,"Télécom Paris, Palaiseau","Télécom Paris, Cours Pierre Vasseur, La Vauve - École Polytechnique, Campus Urbain de Pari",3.72
fr-polytechnique,supplement,École Polytechnique (LIX),fr,Palaiseau,,,École Polytechnique,05hy3tk52,École Polytechnique,Palaiseau,48.7127874,2.2107453,1.00,1.00,0,,,,auto,street,"École Polytechnique, Palaiseau","École Polytechnique, Route de Saclay, La Vauve - École Polytechnique, Plateau, Palaiseau, ",2.93
fr-centralesupelec,supplement,CentraleSupélec,fr,Gif-sur-Yvette,,,CentraleSupélec,019tcpt25,CentraleSupélec,Gif-sur-Yvette,48.7086199,2.1639399,1.00,1.00,0,,,,auto,street,"CentraleSupélec, Gif-sur-Yvette","CentraleSupélec - Bâtiment Bréguet, Rue Joliot-Curie, Campus Urbain de Paris-Saclay, Gif-s",3.60
fr-uga,supplement,Université Grenoble Alpes (LIG GIPSA),fr,Grenoble,,,Université Grenoble Alpes,02rx3b187,Université Grenoble Alpes,Saint-Martin-d'Hères,45.1931884,5.7651901,1.00,1.00,0,,"expected Grenoble, ROR says Saint-Martin-d'Hères — unrelated names, not a translation",,needs_review,building,"Université Grenoble Alpes, Saint-Martin-d'Hères","Crous Grenoble Alpes, 80, Allée Ampère, Domaine universitaire de Grenoble, Saint-Martin-d'",1.62
fr-toulouse,supplement,Université de Toulouse (IRIT ANITI),fr,Toulouse,,,Université de Toulouse,01ahyrz84,Université de Toulouse,Toulouse,43.5943374,1.4503779,1.00,1.00,0,,,,auto,street,"Université de Toulouse, Toulouse","Université de Toulouse, Boulingrin, Monplaisir, Le Busca, Saint-Michel / Saint-Agne / Empa",1.23
fr-amu,supplement,Aix-Marseille Université (LIS),fr,Marseille,,,Aix-Marseille Université,035xkbk20,Aix-Marseille Université,Marseille,43.2928205,5.3582753,1.00,1.00,0,,,,auto,street,"Aix-Marseille Université, Marseille","Aix-Marseille Université, Allée Médecin Colonel Eugène Jamot, Le Pharo, Marseille 7e Arron",1.90
fr-bordeaux,supplement,Université de Bordeaux (LaBRI),fr,Talence,,,Université de Bordeaux,057qpr032,Université de Bordeaux,Bordeaux,44.84124,-0.58046,1.00,1.00,0,,"expected Talence, ROR says Bordeaux — unrelated names, not a translation",,needs_review,city_centroid,,,0.00
fr-lorraine,supplement,Université de Lorraine (LORIA),fr,Nancy,,,Université de Lorraine,04vfs2w97,Université de Lorraine,Nancy,48.6821399,6.1910682,1.00,1.00,0,,,,auto,street,"Université de Lorraine, Nancy","Université de Lorraine - Faculté d’Odontologie, Rue Lionnois, Saint-Pierre, René II, Bonse",0.51
fr-montpellier,supplement,Université de Montpellier (LIRMM),fr,Montpellier,,,Université de Montpellier,051escj72,Université de Montpellier,Montpellier,43.6315655,3.8618177,1.00,1.00,0,,,,auto,street,"Université de Montpellier, Montpellier","Université de Montpellier, Parvis Alexander Grothendieck, Hôpitaux-Facultés, Montpellier, ",2.58
fr-nantes,supplement,Nantes Université / Centrale Nantes (LS2N),fr,Nantes,,,Nantes Université,03gnr7b55,Nantes Université,Nantes,47.2454573,-1.5519856,1.00,1.00,0,,,,auto,street,"Nantes Université, Nantes","Université de Nantes, Rue Saint-Antoine, Bellamy, Bellamy - Barbin, Hauts-Pavés - Saint-Fé",3.14
fr-cote-azur,supplement,Université Côte d'Azur (I3S 3IA),fr,Nice,,,Université Côte d'Azur,019tgvf94,Université Côte d'Azur,Nice,43.7170132,7.2675774,1.00,1.00,0,,,,auto,building,"Université Côte d'Azur (I3S 3IA), Nice","Parc Valrose - Université Côte d'Azur - Faculté des Sciences, 81, Avenue Valrose, Valrose,",1.55
fr-lyon1-insa,supplement,Université Lyon 1 / INSA Lyon (LIRIS),fr,Villeurbanne,,,Université Claude Bernard Lyon 1,029brtt94,Lyon 1 Université,Villeurbanne,45.7816645,4.8681545,1.00,1.00,0,,,,auto,street,"Lyon 1 Université, Villeurbanne","Lyon 1 Université, Boulevard Laurent Bonnevay, Tonkin, Villeurbanne, Lyon, Métropole de Ly",1.95
fr-cea-list,supplement,CEA List,fr,Palaiseau,,,CEA LIST,026ma2c10,CEA CESTA,Palaiseau,48.7121357,2.1944159,0.75,0.71,0,fr-telecom-paris,"expected Palaiseau, ROR says Le Barp — unrelated names, not a translation; coords borrowed from fr-telecom-paris",Palaiseau site on the Saclay plateau | no reliable ROR record; anchored to a neighbour,anchored,street,"CEA List, Palaiseau","CEA LIST, Avenue de la Vauve, La Vauve - École Polytechnique, Campus Urbain de Paris-Sacla",4.12
fr-utc,supplement,Université de technologie de Compiègne,fr,Compiègne,,,Université de technologie de Compiègne,04y5kwa70,Université de Technologie de Compiègne,Compiègne,49.4161759,2.8186324,1.00,1.00,0,,,,auto,street,"Université de technologie de Compiègne, Compiègne","Université de Technologie de Compiègne, Rue du Port à Bateaux, Les Capucins - Saint-Germai",0.57
fr-imt-atlantique,supplement,IMT Atlantique,fr,Brest,,,IMT Atlantique,030hj3061,IMT Atlantique,Nantes,47.2804016,-1.5189737,1.00,1.00,0,,"expected Brest, ROR says Nantes — unrelated names, not a translation",,needs_review,street,"IMT Atlantique, Nantes","Gymnase IMT Atlantique, Avenue Augustin-Louis Cauchy, La Chantrerie, Chantrerie - Gachet, ",7.49
ch-idiap,supplement,Idiap Research Institute,ch,Martigny,,,Idiap Research Institute,05932h694,Idiap Research Institute,Martigny-Combe,46.07817,7.05099,1.00,1.00,0,,,,auto,city_centroid,,,0.00
ch-idsia,supplement,IDSIA,ch,Lugano,,,Dalle Molle Institute for Artificial Intelligence Research,013355g38,Dalle Molle Institute for Artificial Intelligence Research,Lugano,46.0124369,8.9614647,1.00,1.00,0,,,,auto,street,"IDSIA, Lugano","IDSIA USI-SUPSI, Via Elsa Franconi-Poretti, Viganello, Circolo di Lugano est, Lugano, Dist",0.28
ch-unige,supplement,University of Geneva,ch,Genève,,,University of Geneva,01swzsf04,University of Geneva,Geneva,46.20222,6.14569,1.00,1.00,0,,,,auto,city_centroid,,,0.00
ch-unil,supplement,University of Lausanne,ch,Lausanne,,,University of Lausanne,019whta54,University of Lausanne,Lausanne,46.5225695,6.5809499,1.00,1.00,0,,,,auto,street,"University of Lausanne, Lausanne","Université de Lausanne, Route de la Maladière, Quartier Chamberonne, Chavannes-près-Renens",4.04
ch-unine,supplement,University of Neuchâtel,ch,Neuchâtel,,,University of Neuchâtel,00vasag41,University of Neuchâtel,Neuchâtel,46.99179,6.931,1.00,1.00,0,,,,auto,city_centroid,,,0.00
ch-zhaw,supplement,ZHAW,ch,Winterthur,,,ZHAW Zurich University of Applied Sciences,05pmsvm27,ZHAW Zurich University of Applied Sciences,Zurich,47.4999206,8.7204505,1.00,1.00,0,ch-university-of-zurich,coords borrowed from ch-university-of-zurich,"Winterthur campus, ~20 km from Zurich; anchored to the nearest resolved institution",auto,building,"ZHAW, Zurich","ZHAW, 15, Gertrudstrasse, Neuwiesen, Stadt, Winterthur, Bezirk Winterthur, Zürich, 8401, S",19.59
ch-sdsc,supplement,Swiss Data Science Center,ch,Zürich,,,Swiss Data Science Center,02hdt9m26,Swiss Data Science Center,Zurich,47.36667,8.55,1.00,1.00,0,,,,auto,city_centroid,,,0.00
ch-unisg,supplement,University of St. Gallen,ch,St. Gallen,,,Universität St. Gallen,0561a3s31,University of St.Gallen,Saint Gallen,47.4300025,9.3722184,0.95,0.98,0,,"expected St. Gallen, ROR says Saint Gallen",,auto,building,"University of St. Gallen, Saint Gallen","Universität St.Gallen, 50, Dufourstrasse, St. Jakob, St. Gallen, Wahlkreis St. Gallen, St.",0.70
it-iit-genova,supplement,Istituto Italiano di Tecnologia,it,Genova,,,Istituto Italiano di Tecnologia,042t93s57,Italian Institute of Technology,Genoa,44.4750165,8.9063618,1.00,1.00,0,,"expected Genova, ROR says Genoa",,auto,street,"Istituto Italiano di Tecnologia, Genoa","Istituto Italiano di Tecnologia, Via Morego, Morigallo, Morego, Val Polcevera, Genova, Lig",8.37
it-iit-milano,supplement,IIT Center for Human Technologies,it,Milano,,,Italian Institute of Technology,042t93s57,Italian Institute of Technology,Milan,45.46427,9.18951,1.00,1.00,0,it-unimi,"expected Milano, ROR says Genoa — unrelated names, not a translation; coords borrowed from it-unimi",IIT satellite centre in Milan | no reliable ROR record; anchored to a neighbour,anchored,city_centroid,,,0.00
it-fbk,supplement,Fondazione Bruno Kessler,it,Trento,,,Fondazione Bruno Kessler,01j33xk10,Fondazione Bruno Kessler,Trento,46.0674564,11.1511812,1.00,1.00,0,,,,auto,street,"Fondazione Bruno Kessler, Trento","Fondazione Bruno Kessler, Via Sommarive, Panté di Sotto, Mesiano, Povo, Trento, Territorio",2.32
it-cnr-isti,supplement,CNR-ISTI,it,Pisa,,,Institute of Information Science and Technologies,05kacka20,"Istituto di Scienza e Tecnologie dell'Informazione ""Alessandro Faedo""",Pisa,43.70853,10.4036,1.00,1.00,0,,,,auto,city_centroid,,,0.00
it-polito,supplement,Politecnico di Torino,it,Torino,,,Politecnico di Torino,00bgk9508,Politecnico di Torino,Turin,45.0636974,7.6575263,1.00,1.00,0,,"expected Torino, ROR says Turin",,auto,street,"Politecnico di Torino, Turin","Politecnico di Torino, Corso Mediterraneo, Borgo San Paolo, Circoscrizione 3, Torino, Piem",2.42
it-unito,supplement,Università di Torino,it,Torino,,,University of Turin,048tbm396,University of Turin,Turin,45.0699309,7.6903562,1.00,1.00,0,,"expected Torino, ROR says Turin",,auto,street,"Università di Torino, Turin","Università di Torino, Via Giuseppe Verdi, Centro, Circoscrizione 1, Torino, Piemonte, 1012",0.28
it-unibo,supplement,Università di Bologna,it,Bologna,,,University of Bologna,01111rn36,University of Bologna,Bologna,44.4965073,11.3525506,1.00,1.00,0,,,,auto,building,"Università di Bologna, Bologna","Università di Bologna, 33, Via Zamboni, Ghetto ebraico, Irnerio, Santo Stefano, Bologna, E",1.13
it-unige,supplement,Università di Genova,it,Genova,,,University of Genoa,0107c5v14,University of Genoa,Genoa,44.4148861,8.9266707,1.00,1.00,0,,"expected Genova, ROR says Genoa",,auto,street,"Università di Genova, Genoa","Università degli Studi di Genova, Via Balbi, Ghetto, Prè, Centro Est, Genova, Liguria, 161",1.80
it-uniroma2,supplement,Università di Roma Tor Vergata,it,Roma,,,University of Rome Tor Vergata,02p77k626,University of Rome Tor Vergata,Rome,41.8525221,12.6208835,1.00,1.00,0,,"expected Roma, ROR says Rome",,auto,building,"Università di Roma Tor Vergata, Rome","Macroarea di Lettere e Filosofia – Università di Roma Tor Vergata, 1, Via Columbia, Tor Ve",10.07
it-uniroma3,supplement,Università Roma Tre,it,Roma,,,Roma Tre University,05vf0dg29,Roma Tre University,Rome,41.8619504,12.4796114,1.00,1.00,0,,"expected Roma, ROR says Rome",,auto,street,"Università Roma Tre, Rome","Università Roma Tre - Dipartimento di Giurisprudenza, Via Ostiense, San Paolo, Municipio R",4.24
it-unina,supplement,Università di Napoli Federico II,it,Napoli,,,University of Naples Federico II,05290cv24,University of Naples Federico II,Naples,40.85216,14.26811,1.00,1.00,0,,"expected Napoli, ROR says Naples",,auto,city_centroid,,,0.00
it-unifi,supplement,Università di Firenze,it,Firenze,,,University of Florence,04jr1s763,University of Florence,Florence,43.7781355,11.2604089,1.00,1.00,0,,"expected Firenze, ROR says Florence",,auto,street,"Università di Firenze, Florence","Università degli Studi di Firenze - Dipartimento di Scienze della Terra, Via Giorgio La Pi",1.14
it-univr,supplement,Università di Verona,it,Verona,,,University of Verona,039bp8j42,University of Verona,Verona,45.4360045,11.0024244,1.00,1.00,0,,,,auto,district,Università di Verona,"Parco Università degli studi di Verona, Veronetta, Centro storico, Verona, Veneto, 37129, ",0.73
it-sissa,supplement,SISSA,it,Trieste,,,Scuola Internazionale Superiore di Studi Avanzati,004fze387,Scuola Internazionale Superiore di Studi Avanzati,Trieste,45.6786658,13.7749912,1.00,1.00,0,,,,auto,building,"SISSA, Trieste","Scuola Internazionale Superiore di Studi Avanzati, 265, Via Bonomea, Campo Romano, Sottomo",3.24
it-ictp,supplement,ICTP,it,Trieste,,,Abdus Salam International Centre for Theoretical Physics,009gyvm78,The Abdus Salam International Centre for Theoretical Physics (ICTP),Trieste,45.7036564,13.7205581,1.00,1.00,0,,,,auto,building,"ICTP, Trieste","ICTP Galileo Guesthouse, 7, Via Beirut, Roiano-Gretta-Barcola-Cologna-Scorcola, Miramare /",7.44
it-sns,supplement,Scuola Normale Superiore,it,Pisa,,,Scuola Normale Superiore,03aydme10,Scuola Normale Superiore,Pisa,43.7196862,10.400398,1.00,1.00,0,,,,auto,building,"Scuola Normale Superiore, Pisa","Scuola Normale Superiore, 7, Piazza dei Cavalieri, Santa Maria, San Francesco, Pisa, Tosca",1.27
it-imt-lucca,supplement,IMT School for Advanced Studies Lucca,it,Lucca,,,IMT School for Advanced Studies Lucca,035gh3a49,IMT School for Advanced Studies Lucca,Lucca,43.84369,10.50447,1.00,1.00,0,,,,auto,city_centroid,,,0.00
it-unimib,supplement,Università di Milano-Bicocca,it,Milano,,,University of Milano-Bicocca,01ynf4891,University of Milano-Bicocca,Milan,45.5136657,9.2113068,1.00,1.00,0,,,,auto,street,"Università di Milano-Bicocca, Milan","Università degli Studi di Milano Bicocca, Viale dell'Innovazione, Segnanino, Bicocca, Muni",5.75
it-unimi,supplement,Università degli Studi di Milano,it,Milano,,,University of Milan,00wjc7c48,University of Milan,Milan,45.4611561,9.186629,1.00,1.00,0,,,,auto,street,"Università degli Studi di Milano, Milan","Università degli Studi di Milano, Piazza Sant'Alessandro, Cinque Vie, Cerchia dei Navigli,",0.41
it-unive,supplement,Università Ca' Foscari Venezia,it,Venezia,,,Università Ca' Foscari Venezia,04yzxz566,Ca' Foscari University of Venice,Venice,45.4344957,12.3264484,1.00,1.00,0,,"expected Venezia, ROR says Venice",,auto,building,"Università Ca' Foscari Venezia, Venice","Università Ca' Foscari, 3246, Calle Larga Ca’ Foscari, Dorsoduro, Venezia-Murano-Burano, L",0.57
it-unisi,supplement,Università di Siena (SAILab),it,Siena,,,University of Siena,01tevnk56,University of Siena,Siena,43.31822,11.33064,1.00,1.00,0,,,,auto,city_centroid,,,0.00
it-poliba,supplement,Politecnico di Bari,it,Bari,,,Politecnico di Bari,03c44v465,Polytechnic University of Bari,Bari,41.108887,16.8785859,1.00,1.00,0,,,,auto,street,"Politecnico di Bari, Bari","Politecnico di Bari, Via Giuseppe Re David, Municipio 2, Bari, Puglia, 70125, Italia",1.50
it-unibz,supplement,Free University of Bozen-Bolzano,it,Bolzano,,,Free University of Bozen-Bolzano,012ajp527,Free University of Bozen-Bolzano,Bolzano,46.498298,11.3501018,1.00,1.00,0,,,,auto,building,"Free University of Bozen-Bolzano, Bolzano","Freie Universität Bozen - Libera Università di Bolzano, 1, Piazza Università - Universität",1.16
es-upf,supplement,Universitat Pompeu Fabra,es,Barcelona,,,Pompeu Fabra University,04n0g0b29,Universitat Pompeu Fabra,Barcelona,41.3892781,2.1911055,1.00,1.00,0,,,,auto,building,"Universitat Pompeu Fabra, Barcelona","Campus Ciutadella Universitat Pompeu Fabra, 25-27, Carrer de Ramon Trias Fargas, la Vila O",2.68
es-uab-cvc,supplement,Computer Vision Center / UAB,es,Cerdanyola del Vallès,,,Computer Vision Center,00s0nnj93,Computer Vision Center,Cerdanyola del Vallès,41.49109,2.14079,1.00,1.00,0,,,,auto,city_centroid,,,0.00
es-bsc,supplement,Barcelona Supercomputing Center,es,Barcelona,,,Barcelona Supercomputing Center,05sd8tv96,Barcelona Supercomputing Center,Barcelona,41.3897809,2.1163849,1.00,1.00,0,,,,auto,building,"Barcelona Supercomputing Center, Barcelona","Barcelona Supercomputing Center, 1-3, Plaça d'Eusebi Güell, Pedralbes, les Corts, Barcelon",3.56
es-iiia-csic,supplement,IIIA-CSIC,es,Bellaterra,,,Artificial Intelligence Research Institute,03c0ach84,Artificial Intelligence Research Institute,Cerdanyola del Vallès,41.5011236,2.1109371,1.00,1.00,0,,"expected Bellaterra, ROR says Cerdanyola del Vallès — unrelated names, not a translation","Bellaterra is a locality inside Cerdanyola del Vallès, so the city-name mismatch is genuine and the ROR record is right",needs_review,street,"IIIA-CSIC, Cerdanyola del Vallès","Institut d'Investigació en Intel·ligència Artificial (IIIA), Carrer de l'Albareda, Cerdany",2.73
es-ub,supplement,Universitat de Barcelona,es,Barcelona,,,University of Barcelona,021018s57,Universitat de Barcelona,Barcelona,41.3868595,2.1634784,1.00,1.00,0,,,,auto,street,"Universitat de Barcelona, Barcelona","Universitat de Barcelona, Pati Montserrat Roig, l'Antiga Esquerra de l'Eixample, l'Eixampl",0.43
es-upm,supplement,Universidad Politécnica de Madrid,es,Madrid,,,Technical University of Madrid,03n6nwv02,Universidad Politécnica de Madrid,Madrid,40.4486157,-3.719125,1.00,1.00,0,,,,auto,street,"Universidad Politécnica de Madrid, Madrid","Rectorado de la Universidad Politécnica de Madrid, Calle de Ramiro de Maeztu, Ciudad Unive",3.84
es-uc3m,supplement,Universidad Carlos III de Madrid,es,Leganés,,,Universidad Carlos III de Madrid,03ths8210,Universidad Carlos III de Madrid,Madrid,40.3327974,-3.7653449,1.00,1.00,0,,"expected Leganés, ROR says Madrid — unrelated names, not a translation",,needs_review,building,"Universidad Carlos III de Madrid, Madrid","Universidad Carlos III de Madrid, 30, Avenida de la Universidad, Batallas, San Nicasio, Le",10.72
es-uam,supplement,Universidad Autónoma de Madrid,es,Madrid,,,Autonomous University of Madrid,01cby8j38,Universidad Autónoma de Madrid,Madrid,40.5453765,-3.6949578,1.00,1.00,0,,,,auto,street,"Universidad Autónoma de Madrid, Madrid","Universidad Autónoma de Madrid (U.A.M.) Campus de Cantoblanco, Calle Beltrand Russell, El ",14.34
es-ugr,supplement,Universidad de Granada,es,Granada,,,University of Granada,04njjy449,Universidad de Granada,Granada,37.1809009,-3.6000115,1.00,1.00,0,,,,auto,street,"Universidad de Granada, Granada","Universidad de Granada, Calle Santa Lucía, Barrio del Boquerón, Centro - Sagrario, Centro,",1.00
es-us,supplement,Universidad de Sevilla,es,Sevilla,,,University of Seville,03yxnpp24,Universidad de Sevilla,Seville,37.38283,-5.97317,1.00,1.00,0,,,,auto,city_centroid,,,0.00
es-uv,supplement,Universitat de València,es,València,,,Universitat de València,043nxc105,Universitat de València,Valencia,39.4718857,-0.3731468,1.00,1.00,0,,,,auto,street,"Universitat de València, Valencia","Universitat de València, Plaça del Col·legi del Patriarca, Ciutat Vella, València, Comarca",0.60
es-ehu,supplement,University of the Basque Country,es,San Sebastián,,,University of the Basque Country,000xsnr85,University of the Basque Country,Leioa,43.32686,-2.98884,1.00,1.00,0,,"expected San Sebastián, ROR says Leioa — unrelated names, not a translation",,needs_review,city_centroid,,,0.00
es-bcam,supplement,Basque Center for Applied Mathematics,es,Bilbao,,,Basque Center for Applied Mathematics,03b21sh32,Basque Center for Applied Mathematics,Bilbao,43.26271,-2.92528,1.00,1.00,0,,,,auto,city_centroid,,,0.00
es-ua,supplement,Universidad de Alicante,es,Alicante,,,Universidad de Alicante,05t8bcz72,University of Alicante,Alicante,38.3850684,-0.5146732,1.00,1.00,0,,,,auto,street,"Universidad de Alicante, Alicante","Universitat d'Alacant (Campus de Sant Vicent), Antic accés nord-oest a Alacant, Alacant / ",5.30
es-usc,supplement,Universidade de Santiago de Compostela,es,Santiago de Compostela,,,Universidade de Santiago de Compostela,030eybx10,Universidade de Santiago de Compostela,Santiago de Compostela,42.8732494,-8.5535718,1.00,1.00,0,,,,auto,street,"Universidade de Santiago de Compostela, Santiago de Compostela","Universidade de Santiago de Compostela, Avenida do Mestre Mateo, A Espiñeira, Cornes, Sant",1.03
es-uma,supplement,Universidad de Málaga,es,Málaga,,,Universidad de Málaga,036b2ww28,Universidad de Málaga,Málaga,36.7165107,-4.4953707,1.00,1.00,0,,,,auto,building,"Universidad de Málaga, Málaga","Universidad de Málaga, 2, Cruz de Humilladero, Málaga, Málaga-Costa del Sol, Málaga, Andal",6.70
pt-inesc-id,supplement,INESC-ID,pt,Lisboa,,,INESC-ID,,,Lisbon,38.72509,-9.1498,,,,pt-universidade-de-lisboa,coords borrowed from pt-universidade-de-lisboa, | no reliable ROR record; anchored to a neighbour,anchored,city_centroid,,,0.00
pt-inesctec,supplement,INESC TEC,pt,Porto,,,INESC TEC,05fa8ka61,INESC TEC,Porto,41.1794412,-8.5952534,1.00,1.00,0,,,,auto,street,"INESC TEC, Porto","INESC TEC (S), Rua Doutor Roberto Frias, Lamas, Paranhos, Porto, 4200-465, Portugal",3.68
pt-up,supplement,Universidade do Porto,pt,Porto,,,University of Porto,043pwc612,Universidade do Porto,Porto,41.1785423,-8.6022233,1.00,1.00,0,,,,auto,street,"Universidade do Porto, Porto","Universidade do Porto, Rua da Praia, São Pedro da Afurada, Afurada, Vila Nova de Gaia, Por",3.42
pt-uc,supplement,Universidade de Coimbra,pt,Coimbra,,,University of Coimbra,04z8k9a98,University of Coimbra,Coimbra,40.207399,-8.425999,1.00,1.00,0,,,,auto,street,"Universidade de Coimbra, Coimbra","Universidade de Coimbra, Pátio das Escolas, Sé Nova, Alta, Coimbra (Sé Nova, Santa Cruz, A",0.52
pt-uminho,supplement,Universidade do Minho,pt,Braga,,,University of Minho,037wpkx04,University of Minho,Braga,41.5573432,-8.3978334,1.00,1.00,0,,,,auto,street,"Universidade do Minho, Braga","Universidade do Minho, EN 103, Peões, Braga (São Vítor), Lamaçães, Braga, 4710-416, Portug",2.20
pt-ua,supplement,Universidade de Aveiro,pt,Aveiro,,,University of Aveiro,00nt41z93,University of Aveiro,Aveiro,40.6320293,-8.6597957,1.00,1.00,0,,,,auto,street,"Universidade de Aveiro, Aveiro","Universidade de Aveiro - Campus de Santiago, Campus Universitário de Santiago, Bairro da G",1.82
pt-champalimaud,supplement,Champalimaud Foundation,pt,Lisboa,,,Champalimaud Foundation,03g001n57,Champalimaud Foundation,Lisbon,38.71667,-9.13333,1.00,1.00,0,,,,auto,city_centroid,,,0.00
be-ugent,supplement,Ghent University,be,Gent,,,Ghent University,00cv9y106,Ghent University,Ghent,51.05,3.71667,1.00,1.00,0,,"expected Gent, ROR says Ghent",,auto,city_centroid,,,0.00
be-uclouvain,supplement,UCLouvain,be,Louvain-la-Neuve,,,UCLouvain,02495e989,UCLouvain,Louvain-la-Neuve,50.667798,4.6183011,1.00,1.00,0,,,,auto,street,"UCLouvain, Louvain-la-Neuve","Cercle des Étudiants en Philosophie de l'UCLouvain, Rue du Pont Neuf, Biéreau, Louvain-la-",0.28
be-vub,supplement,Vrije Universiteit Brussel,be,Brussel,,,Vrije Universiteit Brussel,006e5kg04,Vrije Universiteit Brussel,Brussels,50.8225504,4.3954969,1.00,1.00,0,,,,auto,street,"Vrije Universiteit Brussel, Brussels","Vrije Universiteit Brussel – Campus Etterbeek, Boulevard Général Jacques - Generaal Jacque",4.52
be-uliege,supplement,Université de Liège,be,Liège,,,Université de Liège,00afp2z80,University of Liège,Liège,50.6407185,5.5762326,1.00,1.00,0,,,,auto,street,"Université de Liège, Liège","Université de Liège, Quai Roosevelt, Îlot Saint-Michel, Centre, Liège, Wallonie, 4000, Bel",0.99
be-umons,supplement,Université de Mons,be,Mons,,,Université de Mons,02qnnz951,University of Mons,Mons,50.45413,3.95229,1.00,1.00,0,,,,auto,city_centroid,,,0.00
be-imec,supplement,imec,be,Leuven,,,Interuniversity Microelectronics Centre,02kcbn207,IMEC,Leuven,50.8653863,4.6795576,1.00,1.00,0,,,,auto,building,"imec, Leuven","IMEC, 75, Kapeldreef, Heverlee, Leuven, Vlaams-Brabant, Vlaanderen, 3001, België / Belgiqu",2.18
nl-nlesc,supplement,Netherlands eScience Center,nl,Amsterdam,,,Netherlands eScience Center,00rbjv475,Netherlands eScience Center,Amsterdam,52.3566998,4.9569812,1.00,1.00,0,,,,auto,building,"Netherlands eScience Center, Amsterdam","Netherlands eScience Center, 402, Science Park, Oost, Amsterdam, Noord-Holland, Nederland,",4.96
nl-wur,supplement,Wageningen University,nl,Wageningen,,,Wageningen University & Research,04qw24q55,Wageningen University & Research,Wageningen,51.985445,5.663212,1.00,1.00,0,,,,auto,street,"Wageningen University, Wageningen","Wageningen University & Research, Tarthorst, De Horsten, Leeuwen, Wageningen, Gelderland, ",1.73
nl-eur,supplement,Erasmus University Rotterdam,nl,Rotterdam,,,Erasmus University Rotterdam,057w15z03,Erasmus University Rotterdam,Rotterdam,51.9176312,4.5259623,1.00,1.00,0,,,,auto,building,"Erasmus University Rotterdam, Rotterdam","Erasmus Universiteit Rotterdam, 50, Burgemeester Oudlaan, Kralingen-Oost, De Esch, Kraling",3.25
at-csh,supplement,Complexity Science Hub Vienna,at,Wien,,,Complexity Science Hub Vienna,023dz9m50,Complexity Science Hub,Vienna,48.1969739,16.3818637,1.00,1.00,0,,"expected Wien, ROR says Vienna",,auto,building,"Complexity Science Hub Vienna, Vienna","Complexity Science Hub, 8, Metternichgasse, Botschaftsviertel, Landstraße, Katastralgemein",1.47
at-ait,supplement,AIT Austrian Institute of Technology,at,Wien,,,AIT Austrian Institute of Technology,04knbh022,Austrian Institute of Technology,Vienna,48.269137,16.4266762,1.00,0.94,0,,"expected Wien, ROR says Vienna",,auto,building,"Austrian Institute of Technology, Vienna","Austrian Institute of Technology, 4, Giefinggasse, Katastralgemeinde Leopoldau, Floridsdor",7.86
at-scch,supplement,Software Competence Center Hagenberg,at,Hagenberg,,,Software Competence Center Hagenberg,05rq5rv71,Competence Center CHASE GmbH (Austria),Linz,48.30639,14.28611,0.80,0.69,0,at-jku-linz,"expected Hagenberg, ROR says Linz — unrelated names, not a translation; coords borrowed from at-jku-linz", | no reliable ROR record; anchored to a neighbour,anchored,city_centroid,,,0.00
se-liu,supplement,Linköping University,se,Linköping,,,Linköping University,05ynxx418,Linköping University,Linköping,58.3977911,15.5754544,1.00,1.00,0,,,,auto,street,"Linköping University, Linköping","Linköpings universitet, Johannes Magnus väg, Västra Valla, Linköpings domkyrkodistrikt, Li",3.05
se-umu,supplement,Umeå University,se,Umeå,,,Umeå University,05kb8h459,Umeå University,Umeå,63.8217763,20.3043163,1.00,1.00,0,,,,auto,street,"Umeå University, Umeå","Umeå universitet, Gösta Skoglunds väg, Lilljansberget, Universitets- och sjukhusområdet, U",2.31
se-su,supplement,Stockholm University,se,Stockholm,,,Stockholm University,05f0yaq80,Stockholm University,Stockholm,59.366141,18.059593,1.00,1.00,0,,,,auto,street,"Stockholm University, Stockholm","Stockholms universitet, Svante Arrhenius väg, Lappkärrsberget, Norra Djurgården, Norra inn",4.12
se-oru,supplement,Örebro University,se,Örebro,,,Örebro University,05kytsw45,Örebro University,Örebro,59.2539921,15.2487679,1.00,1.00,0,,,,auto,district,"Örebro University, Örebro","Örebro universitet, Örebro, Nora kommun, Örebro län, 701 82, Sverige",3.28
se-rise,supplement,RISE Research Institutes of Sweden,se,Stockholm,,,RISE Research Institutes of Sweden,03nnxqz81,RISE Research Institutes of Sweden,Gothenburg,57.7056629,11.9362353,1.00,1.00,0,,"expected Stockholm, ROR says Gothenburg — unrelated names, not a translation",,needs_review,building,"RISE Research Institutes of Sweden, Gothenburg","RISE Research Institutes of Sweden, 2C, Forskningsgången, Lindholmshamnen, Lindholmen, His",1.82
se-ki,supplement,Karolinska Institutet,se,Stockholm,,,Karolinska Institutet,056d84691,Karolinska Institutet,Stockholm,59.3515453,18.0310658,1.00,1.00,0,,,,auto,street,"Karolinska Institutet, Stockholm","Karolinska Institutet, Visionsgatan, Solna Kyrkby, Haga, Solna, Solna kommun, Stockholms l",3.26
dk-sdu,supplement,University of Southern Denmark,dk,Odense,,,University of Southern Denmark,03yrrjy16,University of Southern Denmark,Odense,55.3678533,10.4280534,1.00,1.00,0,,,,auto,street,"University of Southern Denmark, Odense","Syddansk Universitet, Moseskovvej, Cortex Park, Odense, Odense Kommune, Region Syddanmark,",4.01
fi-utu,supplement,University of Turku,fi,Turku,,,University of Turku,05vghhr25,University of Turku,Turku,60.4560732,22.2864097,1.00,1.00,0,,,,auto,district,"University of Turku, Turku","Turun yliopisto, Yliopistonmäki, I, Keskusta, Turku, Turun seutukunta, Varsinais-Suomi, Ma",1.10
fi-oulu,supplement,University of Oulu,fi,Oulu,,,University of Oulu,03yj89h83,University of Oulu,Oulu,65.0593277,25.4673577,1.00,1.00,0,,,,auto,street,"University of Oulu, Oulu","Oulun yliopisto, Kaitoväylä, Puulinnanmaa, Linnanmaa, Kaijonharju, Oulu, Oulun seutukunta,",5.22
fi-jyu,supplement,University of Jyväskylä,fi,Jyväskylä,,,University of Jyväskylä,05n3dz165,University of Jyväskylä,Jyväskylä,62.2317777,25.735787,1.00,1.00,0,,,,auto,street,"University of Jyväskylä, Jyväskylä","Jyväskylän yliopisto, Mattilanniemen kampus, Ahlmaninkatu, Mattilanniemi, Seminaarinmäki, ",1.33
fi-vtt,supplement,VTT Technical Research Centre of Finland,fi,Espoo,,,VTT Technical Research Centre of Finland,04b181w54,VTT Technical Research Centre of Finland,Espoo,60.2052,24.6522,1.00,1.00,0,,,,auto,city_centroid,,,0.00
fi-fcai,supplement,Finnish Center for Artificial Intelligence,fi,Espoo,,,Finnish Center for Artificial Intelligence,0321d1h15,Finnish Center for Artificial Intelligence,Espoo,60.2052,24.6522,1.00,1.00,0,,,,auto,city_centroid,,,0.00
no-uio,supplement,University of Oslo,no,Oslo,,,University of Oslo,01xtthb56,University of Oslo,Oslo,59.9414173,10.7227683,1.00,1.00,0,,,,auto,street,"University of Oslo, Oslo","Universitetet i Oslo, Huitfeldts gate, Ruseløkka, Aker brygge, Frogner, Oslo, 0010, Norge",3.44
no-simula,supplement,Simula Research Laboratory,no,Oslo,,,Simula Research Laboratory,00vn06n10,Simula Research Laboratory,Oslo,59.9172508,10.7360815,1.00,1.00,0,,,,auto,street,"Simula Research Laboratory, Oslo","Simula, Kristian Augusts gate, Tullin, Vika, Sentrum, Oslo, 0164, Norge",0.75
no-sintef,supplement,SINTEF,no,Trondheim,,,SINTEF,01f677e56,SINTEF,Trondheim,63.4372225,10.3973025,1.00,1.00,0,,,,auto,street,"SINTEF, Trondheim","NTNU/SINTEF Sealab, Nordre avlastningsveg, Nerbyen, Kalvskinnet, Midtbyen, Trondheim, Trøn",0.76
no-nr,supplement,Norsk Regnesentral,no,Oslo,,,Norsk Regnesentral,02gm7te43,Norwegian Computing Center,Oslo,59.9428668,10.7160386,1.00,1.00,0,,,,auto,street,"Norsk Regnesentral, Oslo","Norsk Regnesentral, Gaustadalléen, Vinderen, Nordre Aker, Oslo, 0349, Norge",3.75
is-hi,supplement,University of Iceland,is,Reykjavík,,,University of Iceland,01db6h964,University of Iceland,Reykjavik,64.1401832,-21.9539633,1.00,1.00,0,,,,auto,street,"University of Iceland, Reykjavik","Háskóli Íslands, Hringbraut, Melar, Vesturbær, Reykjavíkurborg, Höfuðborgarsvæðið, 101, Ís",2.89
is-ru,supplement,Reykjavik University,is,Reykjavík,,,Reykjavik University,05d2kyx68,Reykjavík University,Reykjavik,64.1247375,-21.9275372,1.00,1.00,0,,,,auto,street,"Reykjavik University, Reykjavik","Háskólinn í Reykjavík, BL170, Miðborg, Reykjavíkurborg, Höfuðborgarsvæðið, 102, Ísland",1.96
pl-ideas,supplement,IDEAS NCBR,pl,Warszawa,,,IDEAS NCBR,03yqf2f91,IDEAS Science Nonprofit Ltd,Warsaw,52.22977,21.01178,0.82,0.70,0,pl-university-of-warsaw,"expected Warszawa, ROR says Budapest — unrelated names, not a translation; coords borrowed from pl-university-of-warsaw",Young institute; ROR match is unreliable | no reliable ROR record; anchored to a neighbour,anchored,city_centroid,,,0.00
pl-pw,supplement,Warsaw University of Technology,pl,Warszawa,,,Warsaw University of Technology,00y0xnp53,Warsaw University of Technology,Warsaw,52.2216394,21.007377,1.00,1.00,0,,"expected Warszawa, ROR says Warsaw",,auto,building,"Warsaw University of Technology, Warsaw","Politechnika Warszawska, 1, Plac Politechniki, Koszyki, Śródmieście Południowe, Śródmieści",0.95
pl-uj,supplement,Jagiellonian University,pl,Kraków,,,Jagiellonian University,03bqmcz70,Jagiellonian University,Krakow,50.0607296,19.9309195,1.00,1.00,0,,,,auto,building,"Jagiellonian University, Krakow","Samorząd Studentów Uniwersytetu Jagiellońskiego, 4, Czapskich, Piasek, Stare Miasto, Krakó",0.41
pl-agh,supplement,AGH University of Krakow,pl,Kraków,,,AGH University of Krakow,00bas1c41,AGH University of Krakow,Krakow,50.0657583,19.9192221,1.00,1.00,0,,,,auto,street,"AGH University of Krakow, Krakow","Akademia Górniczo-Hutnicza, Nawojki, Łobzów, Krowodrza, Kraków, województwo małopolskie, 3",1.33
pl-put,supplement,Poznań University of Technology,pl,Poznań,,,Poznań University of Technology,00p7p3302,Poznań University of Technology,Poznan,52.3942703,16.9181304,1.00,1.00,0,,,,auto,street,"Poznań University of Technology, Poznan","Politechnika Poznańska (Kampus Wilda), Gothilfa Bergera, Rynek Wildecki, Wilda, Poznań, wo",1.62
pl-pwr,supplement,Wrocław University of Science and Technology,pl,Wrocław,,,Wrocław University of Science and Technology,008fyn775,Wrocław University of Science and Technology,Wroclaw,51.1068045,17.0600813,1.00,1.00,0,,"expected Wrocław, ROR says Wroclaw",,auto,street,"Wrocław University of Science and Technology, Wroclaw","Politechnika Wrocławska, Bulwar Politechniki Wrocławskiej, Manhattan, Plac Grunwaldzki, Wr",2.02
pl-nask,supplement,NASK,pl,Warszawa,,,Naukowa i Akademicka Sieć Komputerowa,03ajsaw82,NASK National Research Institute,Warsaw,52.2513716,20.9758162,1.00,1.00,0,,"expected Warszawa, ROR says Warsaw",,auto,street,"NASK, Warsaw","Naukowa i Akademicka Sieć Komputerowa, Spokojna, Powązki, Wola, Warszawa, województwo mazo",3.43
cz-ciirc,supplement,CIIRC CTU,cz,Praha,,,"Czech Institute of Informatics, Robotics and Cybernetics",013vrgb28,Czech Radio,Prague,50.08804,14.42076,0.78,0.24,0,cz-czech-technical-university,"expected Praha, ROR says Prague; coords borrowed from cz-czech-technical-university", | no reliable ROR record; anchored to a neighbour,anchored,city_centroid,,,0.00
cz-utia,supplement,UTIA Czech Academy of Sciences,cz,Praha,,,Institute of Information Theory and Automation of the Czech Academy of Sciences,03h1hsz49,"Czech Academy of Sciences, Institute of Information Theory and Automation",Prague,50.08804,14.42076,1.00,1.00,0,,"expected Praha, ROR says Prague",,auto,city_centroid,,,0.00
cz-cas-cs,supplement,Institute of Computer Science CAS,cz,Praha,,,Institute of Computer Science CAS,0496n6574,"Czech Academy of Sciences, Institute of Computer Science",Prague,50.08804,14.42076,1.00,1.00,0,,"expected Praha, ROR says Prague",,auto,city_centroid,,,0.00
hu-bme,supplement,Budapest University of Technology and Economics,hu,Budapest,,,Budapest University of Technology and Economics,02w42ss30,Budapest University of Technology and Economics,Budapest,47.4784386,19.0577145,1.00,1.00,0,,,,auto,street,"Budapest University of Technology and Economics, Budapest","Budapesti Műszaki és Gazdaságtudományi Egyetem, Műegyetem rakpart, Lágymányos, XI. kerület",2.57
hu-elte,supplement,Eötvös Loránd University,hu,Budapest,,,Eötvös Loránd University,01jsq2704,Eötvös Loránd University,Budapest,47.4934799,19.0618993,1.00,1.00,0,,,,auto,building,"Eötvös Loránd University, Budapest","Eötvös Loránd Tudományegyetem Bölcsészettudományi Kar, 4-8, Múzeum körút, Pest, Belváros, ",1.70
hu-sztaki,supplement,HUN-REN SZTAKI,hu,Budapest,,,Institute for Computer Science and Control,0249v7n71,HUN-REN Institute for Computer Science and Control,Budapest,47.4782981,19.0520932,1.00,1.00,0,,,,auto,building,"HUN-REN SZTAKI, Budapest","HUN-REN SZTAKI, 13-17, Kende utca, Lágymányos, XI. kerület, Budapest, Közép-Magyarország, ",2.40
hu-renyi,supplement,HUN-REN Alfréd Rényi Institute of Mathematics,hu,Budapest,,,Alfréd Rényi Institute of Mathematics,03vw74f64,Alfréd Rényi Institute of Mathematics,Budapest,47.4928629,19.05898,1.00,1.00,0,,,,auto,building,"Alfréd Rényi Institute of Mathematics, Budapest","MTA Rényi Alfréd Matematikai Kutatóintézet, 13-15, Reáltanoda utca, Pest, Belváros, V. ker",1.52
gr-athena,supplement,Athena Research Center (Archimedes AI),gr,Athina,,,Athena Research and Innovation Center,0576by029,Athena Research and Innovation Center In Information Communication & Knowledge Technologies,Marousi,38.05,23.8,1.00,1.00,0,,"expected Athina, ROR says Marousi — unrelated names, not a translation",ROR display name differs from the common short form,needs_review,city_centroid,,,0.00
gr-demokritos,supplement,NCSR Demokritos,gr,Athina,,,NCSR Demokritos,038jp4m40,"National Centre of Scientific Research ""Demokritos""",Athens,37.98376,23.72784,1.00,1.00,0,,"expected Athina, ROR says Athens",,auto,city_centroid,,,0.00
gr-forth,supplement,FORTH-ICS,gr,Iraklio,,,Foundation for Research and Technology Hellas,052rphn09,Foundation for Research and Technology Hellas,Heraklion,35.32787,25.14341,1.00,1.00,0,,"expected Iraklio, ROR says Heraklion",,auto,city_centroid,,,0.00
gr-auth,supplement,Aristotle University of Thessaloniki,gr,Thessaloniki,,,Aristotle University of Thessaloniki,02j61yw88,Aristotle University of Thessaloniki,Thessaloniki,40.64361,22.93086,1.00,1.00,0,,,,auto,city_centroid,,,0.00
gr-tuc,supplement,Technical University of Crete,gr,Chania,,,Technical University of Crete,03f8bz564,Technical University of Crete,Chania,35.51124,24.02921,1.00,1.00,0,,,,auto,city_centroid,,,0.00
si-ijs,supplement,Jožef Stefan Institute,si,Ljubljana,,,Jožef Stefan Institute,05060sz93,Jožef Stefan Institute,Ljubljana,46.0421489,14.488209,1.00,1.00,0,,,,auto,building,"Jožef Stefan Institute, Ljubljana","Institut ""Jožef Stefan"", 39, Jamova cesta, Glince, Četrtna skupnost Vič, Ljubljana, Upravn",1.64
si-uni-lj,supplement,University of Ljubljana,si,Ljubljana,,,University of Ljubljana,05njb9z20,University of Ljubljana,Ljubljana,46.0490922,14.5041307,1.00,1.00,0,,,,auto,street,"University of Ljubljana, Ljubljana","Univerza v Ljubljani, Peternelova ulica, Žabjak, Grajski grič, Četrtna skupnost Center, Lj",0.23
hr-fer,supplement,University of Zagreb FER,hr,Zagreb,,,University of Zagreb,00mv6sv71,University of Zagreb,Zagreb,45.8105127,15.9411129,1.00,1.00,0,,,,auto,building,"University of Zagreb, Zagreb","Sveučilište Algebra Bernays, 24, Gradišćanska ulica, Mjesni odbor ""Bartol Kašić"", Gradska ",2.89
hr-irb,supplement,Ruđer Bošković Institute,hr,Zagreb,,,Ruđer Bošković Institute,02mw21745,Ruđer Bošković Institute,Zagreb,45.81444,15.97798,1.00,1.00,0,,,,auto,city_centroid,,,0.00
ro-upb,supplement,University Politehnica of Bucharest,ro,București,,,Politehnica University of Bucharest,0558j5q12,Universitatea Națională de Știință și Tehnologie Politehnica București,Bucharest,44.4393317,26.0505729,0.97,0.97,0,,"expected București, ROR says Bucharest",,auto,building,"University Politehnica of Bucharest, Bucharest","Universitatea Politehnica din București, 313, Splaiul Independenței, Grozăveşti, Sector 6,",4.49
ro-unibuc,supplement,University of Bucharest,ro,București,,,University of Bucharest,02x2v6p15,University of Bucharest,Bucharest,44.4356445,26.1009263,1.00,1.00,0,,"expected București, ROR says Bucharest",,auto,building,"University of Bucharest, Bucharest","Universitatea din București, 4-12, Bulevardul Regina Elisabeta, Colțea, Centrul Istoric, S",0.57
bg-su,supplement,Sofia University St. Kliment Ohridski,bg,Sofia,,,Sofia University St. Kliment Ohridski,02jv3k292,"Sofia University ""St. Kliment Ohridski""",Sofia,42.69751,23.32415,1.00,0.97,0,,,,auto,city_centroid,,,0.00
ie-galway,supplement,University of Galway (Insight),ie,Galway,,,University of Galway (Insight),03bea9k73,Ollscoil na Gaillimhe – University of Galway,Galway,53.2936337,-9.0750599,1.00,0.80,0,,,,auto,street,"Ollscoil na Gaillimhe – University of Galway, Galway","Ollscoil na Gaillimhe - University of Galway, University Road, Nun's Island, Cathair na Ga",2.85
ie-dcu,supplement,Dublin City University,ie,Dublin,,,Dublin City University,04a1a1e81,Dublin City University,Dublin,53.3865964,-6.2589686,1.00,1.00,0,,,,auto,street,"Dublin City University, Dublin","Dublin City University, Collins Avenue, Whitehall A ED, Dublin, County Dublin, Leinster, D",5.99
ie-ucc,supplement,University College Cork,ie,Cork,,,University College Cork,03265fv13,University College Cork,Cork,51.89797,-8.47061,1.00,1.00,0,,,,auto,city_centroid,,,0.00
ie-ul,supplement,University of Limerick,ie,Limerick,,,University of Limerick,00a0n9e72,University of Limerick,Limerick,52.6732581,-8.5698097,1.00,1.00,0,,,,auto,street,"University of Limerick, Limerick","University of Limerick, College Court, Castletroy, Ballysimon ED, The Metropolitan Distric",3.71
lt-vu,supplement,Vilnius University,lt,Vilnius,,,Vilnius University,03nadee84,Vilnius University,Vilnius,54.6828203,25.2878334,1.00,1.00,0,,,,auto,street,"Vilnius University, Vilnius","Vilniaus universitetas, Šv. Jono g., Senamiestis, Senamiesčio seniūnija, Vilnius, Vilniaus",0.87
lv-rtu,supplement,Riga Technical University,lv,Riga,,,Riga Technical University,00twb6c09,Riga Technical University,Riga,56.9443019,24.080379,1.00,1.00,0,,,,auto,building,"Riga Technical University, Riga","Rīgas Tehniskā universitāte, 1 k-1, Meža iela, Āgenskalns, Āgenskalna apkaime, Rīga, LV-10",1.56
lu-list,supplement,Luxembourg Institute of Science and Technology,lu,Esch-sur-Alzette,,,Luxembourg Institute of Science and Technology,01t178j62,Luxembourg Institute of Science and Technology,Belvaux,49.5065024,5.9437111,1.00,1.00,0,,"expected Esch-sur-Alzette, ROR says Belvaux — unrelated names, not a translation",,needs_review,street,"Luxembourg Institute of Science and Technology, Belvaux","Luxembourg Institute of Science and Technology, Rue du Brill, Belvaux, Sanem, Canton Esch-",1.47
sk-stu,supplement,Slovak University of Technology,sk,Bratislava,,,Slovak University of Technology in Bratislava,0561ghm58,Slovak University of Technology in Bratislava,Bratislava,48.14816,17.10674,1.00,1.00,0,,,,auto,city_centroid,,,0.00
gb-turing,supplement,The Alan Turing Institute,gb,London,,,The Alan Turing Institute,035dkdb55,The Alan Turing Institute,London,51.5302275,-0.1270026,1.00,1.00,0,,,,auto,building,"The Alan Turing Institute, London","The Alan Turing Institute, 96, Euston Road, Somers Town, London Borough of Camden, Greater",2.41
de-hertie-ai,supplement,Hertie Institute for AI in Brain Health,de,Tübingen,,,Hertie Institute for AI in Brain Health,03ye20z12,HolsboerMaschmeyer NeuroChemie (Germany),Tübingen,48.52266,9.05222,0.90,0.54,0,de-university-of-t-bingen,"expected Tübingen, ROR says Munich — unrelated names, not a translation; coords borrowed from de-university-of-t-bingen",ROR matched a Munich record and dragged 2M residents into Tübingen's catchment; anchored to the university campus it sits on,anchored,city_centroid,,,0.00
