name,title_verbatim,group_or_dept,other_affiliations,personal_url,evidence_url,notes
Mohammad Abuosba,Prof. Dr.-Ing. Mohammad Abuosba,"Hochschullehrer*in; Lehr- und Forschungsgebiet: Ingenieurinformatik, IT-Systeme der Ingenieurwissenschaften (Schwerpunkte Datenbanksysteme / Produktdatenmanagement), Modellierung, Qualitätsmanagement, Projektmanagement; Fachbereich 2: Ingenieurwissenschaften - Technik und Leben; Hochschule für Technik und Wirtschaft Berlin (HTW Berlin)",,,https://www.htw-berlin.de/hochschule/personen/person/?eid=9441,"RESEARCH GROUP/LAB: listed under Softwaresysteme und Informatikmethoden für eine nachhaltige Entwicklung (Forschungscluster) | Sustainable Smart Cities (Forschungscluster) on https://www.htw-berlin.de/hochschule/personen/person/?eid=9441. Research-output counters on the same page: Projekte (1) | Publikationen (13) | Patente (2) | Vorträge / Veranstaltungen (3) | Betreute Promotionen (1). Schwerpunkte (verbatim): Prozessanalyse und -optimierung, BigData (Modellierung, Aufbau, Analyse, Nutzung Szenarien) Service Prozesse (Support, Call Center, tech. Dokumentation) im Maschinen-/Anlagen- und Fahrzeugbau. Other stated functions: Prüfungsausschuss - Stellvertretende*r Vorsitzende*r, Studiengangssprecher*in. Also listed as staff of the degree programmes/units: Betriebliche Umweltinformatik (M); Informatik in Ingenieurwissenschaften (M); Ingenieurinformatik (B); Life Science Engineering (B); Life Science Engineering (M); Umweltinformatik (B). Campus stated: Campus Wilhelminenhof (both HTW campuses are in Berlin). Source of professorship: HTW Professor_innenprofile-Katalog."
Payam Akbar,Prof. Dr. Payam Akbar,"Hochschullehrer*in; Lehr- und Forschungsgebiet: Marketing, Consumer Behavior, Customer Experience, Collaborative Consumption, Sharing Economy, Digital Business Models; Fachbereich 4: Informatik, Kommunikation und Wirtschaft; Hochschule für Technik und Wirtschaft Berlin (HTW Berlin)",,,https://www.htw-berlin.de/hochschule/personen/person/?eid=13973,"No research group, lab, Forschungscluster or Forschungsschwerpunkt leadership stated on https://www.htw-berlin.de/hochschule/personen/person/?eid=13973. Research-output counters on the same page: Publikationen (16) | Vorträge / Veranstaltungen (13). Schwerpunkte (verbatim): Marketing Intelligence. Other stated functions: Prüfungsausschuss - Vorsitzende*r. Also listed as staff of the degree programmes/units: Wirtschaftskommunikation (B); Wirtschaftskommunikation (M). Source of professorship: HTW Professor_innenprofile-Katalog."
Adrianna Alexander,Prof. Dr. Adrianna Alexander,"Hochschullehrer*in; Lehr- und Forschungsgebiet: Angewandte Informatik; Fachbereich 4: Informatik, Kommunikation und Wirtschaft; Hochschule für Technik und Wirtschaft Berlin (HTW Berlin)",,,https://www.htw-berlin.de/hochschule/personen/person/?eid=9884,"No research group, lab, Forschungscluster or Forschungsschwerpunkt leadership stated on https://www.htw-berlin.de/hochschule/personen/person/?eid=9884. Research-output counters on the same page: Vorträge / Veranstaltungen (22). Schwerpunkte (verbatim): Software-Entwicklung, Software-Engineering, Java-Programmierung, Quantencomputing, Theoretische Informatik, Formale Methoden, Modellbasierte Software-Entwicklung, Logikbasierte Spezifikationssprachen, Petrinetze, Eingebettete Systeme. Other stated functions: Prüfungsausschuss - Mitglied, Studiengangssprecher*in. Also listed as staff of the degree programmes/units: Angewandte Informatik (B); Angewandte Informatik (M). Campus stated: Campus Wilhelminenhof (both HTW campuses are in Berlin). Source of professorship: HTW Professor_innenprofile-Katalog."
Andreas Arndt,Prof. Dr.-Ing. Andreas Arndt,Hochschullehrer*in; Lehr- und Forschungsgebiet: Berufungsgebiet: Sensorik und Sensorintegration; Fachbereich 1: Ingenieurwissenschaften - Energie und Information; Hochschule für Technik und Wirtschaft Berlin (HTW Berlin),,,https://www.htw-berlin.de/hochschule/personen/person/?eid=14597,"No research group, lab, Forschungscluster or Forschungsschwerpunkt leadership stated on https://www.htw-berlin.de/hochschule/personen/person/?eid=14597. Research-output counters on the same page: Publikationen (2) | Patente (4) | Preise / Auszeichnungen (1). Schwerpunkte (verbatim): Lehrgebiete: - Sensorik und Messtechnik - Medizinische Mikrosysteme und Implantate - Medizinische Grundlagen - Technische Mechanik - Qualitätsmanagement und Zuverlässigkeitstechniken Forschungsgebiete: - Sensorische kardiovaskuläre Implantate - Medizinische Entscheidungsunterstützungs- und Therapiemanagementsysteme auf Basis von Sensordaten - Modellierung kardiovaskulärer Implantate, virtuelle Kohorten und virtuelle klinische Studien - Physiologische Regelung kardiovaskulärer Implantate. Other stated functions: Auswahlkommission - Mitglied, Dekan*in, Fachbereichsrat - Mitglied. Also listed as staff of the degree programmes/units: FB1 Dekanat; FB1 Fachbereichsrat; Mikrosystemtechnik (B); Mikrosystemtechnik (M). Campus stated: Campus Wilhelminenhof (both HTW campuses are in Berlin). Source of professorship: HTW Professor_innenprofile-Katalog."
Munir Ashraf,Prof. Dr. Munir Ashraf,Hochschullehrer*in; Fachbereich 5: Gestaltung und Kultur; Hochschule für Technik und Wirtschaft Berlin (HTW Berlin),,,https://www.htw-berlin.de/hochschule/personen/person/?eid=14699,"RESEARCH GROUP/LAB: HTW states lab leadership — Hochschullehrer*in, Anrechnung von Prüfungsleistungen - Beauftragte*r, Laborleiter*in, Prüfungsausschuss - Vorsitzende*r, Praktikumsbeauftragte*r, Studienfachberater*in — Bekleidungstechnik/Konfektion (B) | Anrechnung von Prüfungsleistungen - Beauftragte*r, Hochschullehrer*in, Laborleiter*in, Prüfungsausschuss - Vorsitzende*r, Studienfachberater*in — Bekleidungstechnik/Konfektion (M) | Laborleiter*in — Verarbeitungstechnik (source https://www.htw-berlin.de/hochschule/personen/person/?eid=14699). Research-output counters on the same page: Publikationen (53) | Betreute Promotionen (5). Other stated functions: Anrechnung von Prüfungsleistungen - Beauftragte*r, Laborleiter*in, Praktikumsbeauftragte*r, Prüfungsausschuss - Vorsitzende*r, Studienfachberater*in. Also listed as staff of the degree programmes/units: Bekleidungstechnik/Konfektion (B); Bekleidungstechnik/Konfektion (M); Verarbeitungstechnik. Campus stated: Campus Wilhelminenhof (both HTW campuses are in Berlin). Source of professorship: HTW Professor_innenprofile-Katalog."
Thomas Baar,Prof. Dr. Thomas Baar,"Hochschullehrer*in; Lehr- und Forschungsgebiet: Softwaretechnik, Datenbanken; Fachbereich 1: Ingenieurwissenschaften - Energie und Information; Hochschule für Technik und Wirtschaft Berlin (HTW Berlin)",,http://https://languagehub.f1.htw-berlin.de/tom    (derzeit nicht erreichbar),https://www.htw-berlin.de/hochschule/personen/person/?eid=8197,"RESEARCH GROUP/LAB: listed under Creative Technologies (Forschungscluster) | Industrielle Produktion (Forschungscluster) on https://www.htw-berlin.de/hochschule/personen/person/?eid=8197. Research-output counters on the same page: Projekte (3) | Publikationen (19) | Vorträge / Veranstaltungen (2). Other stated functions: Anrechnung von Prüfungsleistungen - Beauftragte*r, BAföG - Beauftragte*r, Fachbereichsrat - Mitglied, Prüfungsausschuss - Mitglied, Studienfachberater*in. Also listed as staff of the degree programmes/units: Computer Engineering (B); Computer Engineering (M); FB1 Fachbereichsrat. Campus stated: Campus Wilhelminenhof (both HTW campuses are in Berlin). Source of professorship: HTW Professor_innenprofile-Katalog."
Michael Babbel,Prof. Dr. Michael Babbel,Hochschullehrer*in; Lehr- und Forschungsgebiet: Externes Rechnungswesen; Fachbereich 3: Wirtschafts- und Rechtswissenschaften; Hochschule für Technik und Wirtschaft Berlin (HTW Berlin),,http://www.mbabbel.de,https://www.htw-berlin.de/hochschule/personen/person/?eid=11929,"No research group, lab, Forschungscluster or Forschungsschwerpunkt leadership stated on https://www.htw-berlin.de/hochschule/personen/person/?eid=11929. Research-output counters on the same page: Projekte (1) | Publikationen (9). Schwerpunkte (verbatim): - Aufdeckung irreführender Finanzberichterstattung - IFRS Konzernabschlüsse - Abbildung von Unternehmenstransaktionen - Finanziellle und nicht-finanzielle Leistungsindikatoren kapitalmarktorientierter Unternehmen. Other stated functions: Prüfungsausschuss - Mitglied, Studienfachberater*in, Studiengangssprecher*in. Also listed as staff of the degree programmes/units: Finance, Accounting, Corporate Law and Taxation (M). Campus stated: Campus Treskowallee (both HTW campuses are in Berlin). Source of professorship: HTW Professor_innenprofile-Katalog."
Andreas Baetzgen,Prof. Dr. Andreas Baetzgen,"Hochschullehrer*in; Lehr- und Forschungsgebiet: Wirtschaftskommunikation; Fachbereich 4: Informatik, Kommunikation und Wirtschaft; Hochschule für Technik und Wirtschaft Berlin (HTW Berlin)",,http://www.baetzgen.de,https://www.htw-berlin.de/hochschule/personen/person/?eid=12736,"No research group, lab, Forschungscluster or Forschungsschwerpunkt leadership stated on https://www.htw-berlin.de/hochschule/personen/person/?eid=12736. Research-output counters on the same page: Publikationen (22) | Vorträge / Veranstaltungen (1) | Begutachtungen (1) | Mitgliedschaften (1). Schwerpunkte (verbatim): Marketing, Markenstrategien. Other stated functions: Studiengangssprecher*in. Also listed as staff of the degree programmes/units: Wirtschaftskommunikation (B); Wirtschaftskommunikation (M). Campus stated: Campus Wilhelminenhof (both HTW campuses are in Berlin). Source of professorship: HTW Professor_innenprofile-Katalog."
Anett Bailleu,Prof. Dr. Anett Bailleu,Hochschullehrer*in; Lehr- und Forschungsgebiet: Elektrische Messtechnik; Fachbereich 1: Ingenieurwissenschaften - Energie und Information; Hochschule für Technik und Wirtschaft Berlin (HTW Berlin),,,https://www.htw-berlin.de/hochschule/personen/person/?eid=3576,"RESEARCH GROUP/LAB: HTW states lab leadership — Laborleiter*in — Labore | Laborleiter*in — Prozessmess- und Stelltechnik (source https://www.htw-berlin.de/hochschule/personen/person/?eid=3576). RESEARCH GROUP/LAB: listed under Gesundheit (Forschungscluster) on https://www.htw-berlin.de/hochschule/personen/person/?eid=3576. Research-output counters on the same page: Projekte (5) | Publikationen (25) | Patente (1) | Vorträge / Veranstaltungen (12) | Preise / Auszeichnungen (2). Schwerpunkte (verbatim): Sensorphysik, Multimodale Systeme, Datenanalyse. Other stated functions: Anrechnung von Prüfungsleistungen - Beauftragte*r, BAföG - Beauftragte*r, Laborleiter*in, Praktikumsbeauftragte*r, Studienfachberater*in, Studiengangssprecher*in. Also listed as staff of the degree programmes/units: Elektrotechnik (B); Elektrotechnik (M); Labore; Prozessmess- und Stelltechnik. Campus stated: Campus Wilhelminenhof (both HTW campuses are in Berlin). Source of professorship: HTW Professor_innenprofile-Katalog."
Claudia Baldauf,Prof. Dr. Claudia Baldauf,"Hochschullehrer*in; Lehr- und Forschungsgebiet: Instrumentelle Analytik, Chemie, Bioanalytik, Umweltanalytik, Umweltmanagement; Fachbereich 2: Ingenieurwissenschaften - Technik und Leben; Hochschule für Technik und Wirtschaft Berlin (HTW Berlin)",,,https://www.htw-berlin.de/hochschule/personen/person/?eid=39,"RESEARCH GROUP/LAB: listed under Gesundheit (Forschungscluster) on https://www.htw-berlin.de/hochschule/personen/person/?eid=39. Research-output counters on the same page: Projekte (7) | Publikationen (2). Schwerpunkte (verbatim): Chromatografische Trennsysteme, Massenspektrometrie, LC-MS-Kopplung. Other stated functions: Anrechnung von Prüfungsleistungen - Beauftragte*r, Auswahlkommission - Mitglied, Auswahlkommission - Vorsitzende*r, Praktikumsbeauftragte*r, Prüfungsausschuss - Vorsitzende*r, Studienfachberater*in, Studiengangssprecher*in. Also listed as staff of the degree programmes/units: Life Science Engineering (B); Life Science Engineering (M); Life Science Management (M) PG. Campus stated: Campus Wilhelminenhof (both HTW campuses are in Berlin). Source of professorship: HTW Professor_innenprofile-Katalog."
Marita Balks,Prof. Dr. Marita Balks,"Hochschullehrer*in; Lehr- und Forschungsgebiet: Investition und Finanzierung; Fachbereich 4: Informatik, Kommunikation und Wirtschaft; Hochschule für Technik und Wirtschaft Berlin (HTW Berlin)",,,https://www.htw-berlin.de/hochschule/personen/person/?eid=4282,"RESEARCH GROUP/LAB: listed under Money, Finance, Trade and Development (Forschungscluster) on https://www.htw-berlin.de/hochschule/personen/person/?eid=4282. Research-output counters on the same page: Projekte (2) | Publikationen (20) | Vorträge / Veranstaltungen (2). Schwerpunkte (verbatim): Corporate Finance, Finanzierung von Offshore-Windparks, Unternehmensbewertung, Kapitalmarkttheorie, Risikomanagement. Other stated functions: Praktikumsbeauftragte*r. Also listed as staff of the degree programmes/units: Wirtschaftsingenieurwesen (B); Wirtschaftsingenieurwesen (M). Campus stated: Campus Wilhelminenhof (both HTW campuses are in Berlin). Source of professorship: HTW Professor_innenprofile-Katalog."
Andreas Bartelt,Prof. Dr. Andreas Bartelt,"Hochschullehrer*in; Lehr- und Forschungsgebiet: Physik, Erneuerbare Energien, Laser-Spektroskopie, Mikroskopie; Fachbereich 1: Ingenieurwissenschaften - Energie und Information; Hochschule für Technik und Wirtschaft Berlin (HTW Berlin)",,,https://www.htw-berlin.de/hochschule/personen/person/?eid=8021,"RESEARCH GROUP/LAB: HTW states lab leadership — Laborleiter*in — Labore (source https://www.htw-berlin.de/hochschule/personen/person/?eid=8021). Research-output counters on the same page: Projekte (5) | Publikationen (58). Schwerpunkte (verbatim): Perowskit -Solarzellen Spektral- und zeitaufgelöste Mikroskopie. Other stated functions: Laborleiter*in, Prüfungsausschuss - Vorsitzende*r. Also listed as staff of the degree programmes/units: Computer Engineering (B); Computer Engineering (M); Fachgruppe Mathematik/Physik/Chemie; Gesundheitselektronik (B); Informations- und Kommunikationstechnik (B); Informations- und Kommunikationstechnik (M); Labore; Mikrosystemtechnik (B); Mikrosystemtechnik (M). Campus stated: Campus Wilhelminenhof (both HTW campuses are in Berlin). Source of professorship: HTW Professor_innenprofile-Katalog."
Mirko Barz,Prof. Dr.-Ing. Mirko Barz,Hochschullehrer*in; Lehr- und Forschungsgebiet: Regenerative Energien; Fachbereich 1: Ingenieurwissenschaften - Energie und Information; Hochschule für Technik und Wirtschaft Berlin (HTW Berlin),,,https://www.htw-berlin.de/hochschule/personen/person/?eid=4542,"RESEARCH GROUP/LAB: listed under Klimagerechte Energieversorgungssysteme und energieeffiziente Gebäude (Forschungscluster) | Softwaresysteme und Informatikmethoden für eine nachhaltige Entwicklung (Forschungscluster) on https://www.htw-berlin.de/hochschule/personen/person/?eid=4542. Research-output counters on the same page: Projekte (16) | Publikationen (78) | Vorträge / Veranstaltungen (65) | Betreute Promotionen (6) | Begutachtungen (1). Schwerpunkte (verbatim): Energetische Biomassenutzung, thermochemische und biologisch-/chemische Verfahren der Energiewandlung. Other stated functions: Auswahlkommission - Mitglied, Prüfungsausschuss - Vorsitzende*r. Also listed as staff of the degree programmes/units: Elektrotechnik (B); Elektrotechnik (M); Gebäudeenergie- und -informationstechnik (B); Gebäudeenergie- und -informationstechnik (M); Regenerative Energien (B); Regenerative Energien (M). Campus stated: Campus Wilhelminenhof (both HTW campuses are in Berlin). Source of professorship: HTW Professor_innenprofile-Katalog."
Birgit Bauer,Prof. Birgit Bauer,"Hochschullehrer*in; Lehr- und Forschungsgebiet: Designkonzeption … und Designtheorie, Designmethodik und Designdiskurs. In meiner Arbeit und Lehre verfolge ich immer einen systemischen Ansatz, der die Menschen in den Mittelpunkt stellt. Theorien und Methoden und Prozesse erscheinen in ihrem jeweiligen Kontext und haben immer auch ihre eigene Bedeutung, sind selbst Ritual und Botschaft. Die Motive und Praktiken im Design kritisch unter die Lupe zu nehmen, gehört zu meinen Forschungsinteressen: - Wie verstehen sich Designer*innen? Was kann Design leisten und wovon ist das politisch und individuell bestimmt? - Alles, was mit Menschen und Systemen zu tun hat: Zum Beispiel Behörden, Nachhaltigkeit, Verhaltensweisen und Beziehungen zur Mit- und Umwelt.; Fachbereich 5: Gestaltung und Kultur; Hochschule für Technik und Wirtschaft Berlin (HTW Berlin)",,,https://www.htw-berlin.de/hochschule/personen/person/?eid=8797,"No research group, lab, Forschungscluster or Forschungsschwerpunkt leadership stated on https://www.htw-berlin.de/hochschule/personen/person/?eid=8797. Research-output counters on the same page: Projekte (11) | Publikationen (58) | Vorträge / Veranstaltungen (29) | Begutachtungen (6) | Mitgliedschaften (3). Schwerpunkte (verbatim): Designmethodik, Designkritik, Design-Didaktik, Designkonzeption, Designtheorie, Diskurs und Kritik. Other stated functions: Auswahlkommission - Mitglied, Fachbereichsrat - Mitglied, Prüfungsausschuss - Mitglied. Also listed as staff of the degree programmes/units: FB5 Fachbereichsrat; Kommunikationsdesign (B); Public Design (M). Campus stated: Campus Wilhelminenhof (both HTW campuses are in Berlin). Source of professorship: HTW Professor_innenprofile-Katalog."
Christiane Becker,Prof. Dr. Christiane Becker,Hochschullehrer*in; Lehr- und Forschungsgebiet: Mathematik/Physik/Chemie; Fachbereich 1: Ingenieurwissenschaften - Energie und Information; Hochschule für Technik und Wirtschaft Berlin (HTW Berlin),,,https://www.htw-berlin.de/hochschule/personen/person/?eid=9982,"No research group, lab, Forschungscluster or Forschungsschwerpunkt leadership stated on https://www.htw-berlin.de/hochschule/personen/person/?eid=9982. Research-output counters on the same page: Publikationen (80) | Patente (1) | Vorträge / Veranstaltungen (43) | Betreute Promotionen (10) | Begutachtungen (27) | Mitgliedschaften (7). Schwerpunkte (verbatim): Photovoltaik, Optik. Also listed as staff of the degree programmes/units: Fachgruppe Mathematik/Physik/Chemie. Source of professorship: HTW Professor_innenprofile-Katalog."
Torsten Becker,Prof. Dr. Torsten Becker,"Hochschullehrer*in; Lehr- und Forschungsgebiet: Mathematik; Fachbereich 4: Informatik, Kommunikation und Wirtschaft; Hochschule für Technik und Wirtschaft Berlin (HTW Berlin)",,,https://www.htw-berlin.de/hochschule/personen/person/?eid=4410,"No research group, lab, Forschungscluster or Forschungsschwerpunkt leadership stated on https://www.htw-berlin.de/hochschule/personen/person/?eid=4410. Research-output counters on the same page: Publikationen (7) | Vorträge / Veranstaltungen (3). Schwerpunkte (verbatim): Aktuarwissenschaften, Quantitatives Risikomanagement. Other stated functions: Auswahlkommission - Vorsitzende*r, Studiengangssprecher*in. Also listed as staff of the degree programmes/units: Finanzdienstleistungen - Risikomanagement (M); Finanzmathematik, Aktuarwissenschaften und Risikomanagement (M); Quantitative Finance and Data Science (M); Wirtschaftsmathematik (B). Campus stated: Campus Wilhelminenhof (both HTW campuses are in Berlin). Source of professorship: HTW Professor_innenprofile-Katalog."
Florian Becker-Ritterspach,Prof. Dr. habil. Florian Becker-Ritterspach,"Hochschullehrer*in; Lehr- und Forschungsgebiet: Organization Theory, Comparative Institutionalism, International Business & Management, Emerging Markets, Airline Industry; Fachbereich 3: Wirtschafts- und Rechtswissenschaften; Hochschule für Technik und Wirtschaft Berlin (HTW Berlin)",,http://scholar.google.de/citations?user=RDv8O74AAAAJ&amp;hl=de,https://www.htw-berlin.de/hochschule/personen/person/?eid=9759,"No research group, lab, Forschungscluster or Forschungsschwerpunkt leadership stated on https://www.htw-berlin.de/hochschule/personen/person/?eid=9759. Research-output counters on the same page: Projekte (5) | Publikationen (37) | Vorträge / Veranstaltungen (4) | Betreute Promotionen (3) | Begutachtungen (3). Schwerpunkte (verbatim): - Multinational Enterprises in and from Emerging Markets - Politics, Power & Conflict in Multinational Enterprises - Cross-national Studies on Industrial Relations, Strategy and Business Models in the Airline Industry. Also listed as staff of the degree programmes/units: Arbeits- und Personalmanagement (M). Campus stated: Campus Treskowallee (both HTW campuses are in Berlin). Source of professorship: HTW Professor_innenprofile-Katalog."
Andre Beinrucker,Prof. Dr. Andre Beinrucker,Hochschullehrer*in; Lehr- und Forschungsgebiet: Applied Statistics; Fachbereich 3: Wirtschafts- und Rechtswissenschaften; Hochschule für Technik und Wirtschaft Berlin (HTW Berlin),,,https://www.htw-berlin.de/hochschule/personen/person/?eid=12186,"No research group, lab, Forschungscluster or Forschungsschwerpunkt leadership stated on https://www.htw-berlin.de/hochschule/personen/person/?eid=12186. Research-output counters on the same page: Projekte (3) | Publikationen (1) | Vorträge / Veranstaltungen (1). Schwerpunkte (verbatim): - Applied statistics, in particular randomised conrolled trials / AB-testing - Biostatistics, e.g. in medical diagnostics - Machine learning - Interactive data visualisation - Teaching statistics and data science - Use of statistical software, e.g. R (RMarkdown, RShiny,...). Also listed as staff of the degree programmes/units: Betriebswirtschaftslehre (B); International Business (B). Campus stated: Campus Treskowallee (both HTW campuses are in Berlin). Source of professorship: HTW Professor_innenprofile-Katalog."
Jan Berger,Prof. Jan Berger,Hochschullehrer*in; Lehr- und Forschungsgebiet: 3D-Computeranimation; Fachbereich 5: Gestaltung und Kultur; Hochschule für Technik und Wirtschaft Berlin (HTW Berlin),,http://gamedesign.htw-berlin.de/personen/prof-jan-berger/,https://www.htw-berlin.de/hochschule/personen/person/?eid=11590,"No research group, lab, Forschungscluster or Forschungsschwerpunkt leadership stated on https://www.htw-berlin.de/hochschule/personen/person/?eid=11590. Research-output counters on the same page: Projekte (1) | Vorträge / Veranstaltungen (1). Schwerpunkte (verbatim): Character Rigging, Modelling, Animation, Rendering, Virtual Reality (VR), Motion-Capture. Other stated functions: Prüfungsausschuss - Vorsitzende*r. Also listed as staff of the degree programmes/units: Game Design (B). Source of professorship: HTW Professor_innenprofile-Katalog."
Beate Bergter,Prof. Dr. Beate Bergter,"Hochschullehrer*in; Lehr- und Forschungsgebiet: Mathematik; Fachbereich 4: Informatik, Kommunikation und Wirtschaft; Hochschule für Technik und Wirtschaft Berlin (HTW Berlin)",,,https://www.htw-berlin.de/hochschule/personen/person/?eid=9212,"No research group, lab, Forschungscluster or Forschungsschwerpunkt leadership stated on https://www.htw-berlin.de/hochschule/personen/person/?eid=9212. Research-output counters on the same page: Projekte (1) | Publikationen (9) | Vorträge / Veranstaltungen (1). Schwerpunkte (verbatim): Aktuarwissenschaften (Aktuar DAV. ASTIN). DAV-Vertrauensdozentin und DAV-Korrespondentin. Other stated functions: Prüfungsausschuss - Mitglied, Prüfungsberater*in, Studienfachberater*in. Also listed as staff of the degree programmes/units: Finanzdienstleistungen - Risikomanagement (M); Finanzmathematik, Aktuarwissenschaften und Risikomanagement (M); Quantitative Finance and Data Science (M); Wirtschaftsmathematik (B). Campus stated: Campus Wilhelminenhof (both HTW campuses are in Berlin). Source of professorship: HTW Professor_innenprofile-Katalog."
Ralf Birkelbach,Prof. Dr. Ralf Birkelbach,"Hochschullehrer*in; Lehr- und Forschungsgebiet: Wirtschaftskommunikation; Fachbereich 4: Informatik, Kommunikation und Wirtschaft; Hochschule für Technik und Wirtschaft Berlin (HTW Berlin)",,,https://www.htw-berlin.de/hochschule/personen/person/?eid=10299,"No research group, lab, Forschungscluster or Forschungsschwerpunkt leadership stated on https://www.htw-berlin.de/hochschule/personen/person/?eid=10299. Research-output counters on the same page: Publikationen (1). Other stated functions: Auswahlkommission - Mitglied, Prüfungsausschuss - Mitglied, Prüfungsausschuss - Stellvertretende*r Vorsitzende*r. Also listed as staff of the degree programmes/units: Wirtschaftskommunikation (B); Wirtschaftskommunikation (M). Campus stated: Campus Wilhelminenhof (both HTW campuses are in Berlin). Source of professorship: HTW Professor_innenprofile-Katalog."
Yasmina Bock,Prof. Dr. Yasmina Bock,Hochschullehrer*in; Lehr- und Forschungsgebiet: Maschinenbau; Fachbereich 2: Ingenieurwissenschaften - Technik und Leben; Hochschule für Technik und Wirtschaft Berlin (HTW Berlin),,,https://www.htw-berlin.de/hochschule/personen/person/?eid=4134,"No research group, lab, Forschungscluster or Forschungsschwerpunkt leadership stated on https://www.htw-berlin.de/hochschule/personen/person/?eid=4134. Research-output counters on the same page: Projekte (1) | Publikationen (2). Other stated functions: Anrechnung von Prüfungsleistungen - Beauftragte*r, Praktikumsbeauftragte*r, Studienfachberater*in, Studiengangssprecher*in. Also listed as staff of the degree programmes/units: Maschinenbau (B) FW. Campus stated: Campus Wilhelminenhof (both HTW campuses are in Berlin). Source of professorship: HTW Professor_innenprofile-Katalog."
Andrea Bookhagen,Prof. Dr. Andrea Bookhagen,Hochschullehrer*in; Lehr- und Forschungsgebiet: Fashionmanagement / Marketing und Nachhaltigkeit; Fachbereich 5: Gestaltung und Kultur; Hochschule für Technik und Wirtschaft Berlin (HTW Berlin),,,https://www.htw-berlin.de/hochschule/personen/person/?eid=11611,"No research group, lab, Forschungscluster or Forschungsschwerpunkt leadership stated on https://www.htw-berlin.de/hochschule/personen/person/?eid=11611. Research-output counters on the same page: Projekte (6) | Publikationen (18) | Vorträge / Veranstaltungen (4) | Begutachtungen (3) | Mitgliedschaften (3). Schwerpunkte (verbatim): Strategisches (Fashion-)Management, Brandmanagement & Produktmanagement, Marktforschung (insbes. qualitative Markforschung), Konsumentenverhaltensforschung Sustainability Herausgeberin: Bookhagen, A. und Rumler, A.: PraxisWISSEN Marketing – German Journal of Marketing, Periodikum der Arbeitsgemeinschaft für Marketing (AfM) – seit 2020 (www.arbeitsgemeinschaft.marketing) ­* Die Ziele für eine nachhaltige Entwicklung (SDGs) der Vereinten Nationen als Rahmen für das Marketing (Ausgabe 01/2022) ­* Public Marketing und Social Marketing (Ausgabe 01/2021) ­* Innovative Marktforschung (Ausgabe 01/2020…. Other stated functions: Anrechnung von Prüfungsleistungen - Beauftragte*r, Auswahlkommission - Vorsitzende*r, FNK - Mitglied, Fachbereichsrat - Mitglied. Also listed as staff of the degree programmes/units: FB5 Fachbereichsrat; Modedesign (B); Modedesign (M). Campus stated: Campus Wilhelminenhof (both HTW campuses are in Berlin). Source of professorship: HTW Professor_innenprofile-Katalog."
Steffen Borchers-Tigasson,Prof. Dr.-Ing. Steffen Borchers-Tigasson,"Hochschullehrer*in; Lehr- und Forschungsgebiet: Automation und Intelligente Systeme, Angewandte Künstliche Intelligenz, Agentic Engineering, Modellierung und Simulation; Fachbereich 1: Ingenieurwissenschaften - Energie und Information; Hochschule für Technik und Wirtschaft Berlin (HTW Berlin)",,,https://www.htw-berlin.de/hochschule/personen/person/?eid=12130,"No research group, lab, Forschungscluster or Forschungsschwerpunkt leadership stated on https://www.htw-berlin.de/hochschule/personen/person/?eid=12130. Research-output counters on the same page: Projekte (5) | Publikationen (4). Schwerpunkte (verbatim): Predictive Maintenance, Monitoring, and State of Health Estimation Circuit Breakers, SmartCam, Agentic Systems. Also listed as staff of the degree programmes/units: Elektrotechnik (B); Elektrotechnik (M). Campus stated: Campus Wilhelminenhof (both HTW campuses are in Berlin). Source of professorship: HTW Professor_innenprofile-Katalog."
Susanne Brandhorst,Prof. Susanne Brandhorst,Hochschullehrer*in; Lehr- und Forschungsgebiet: Game Design; Fachbereich 5: Gestaltung und Kultur; Hochschule für Technik und Wirtschaft Berlin (HTW Berlin),,http://gamedesign.htw-berlin.de/personen/prof-susanne-brandhorst/,https://www.htw-berlin.de/hochschule/personen/person/?eid=4233,"RESEARCH GROUP/LAB: HTW states lab leadership — Prüfungsausschuss - Stellvertretende*r Vorsitzende*r, Laborleiter*in, Hochschullehrer*in, Studienfachberater*in, Auswahlkommission - Vorsitzende*r, Studiengangssprecher*in, Praktikumsbeauftragte*r — Game Design (B) (source https://www.htw-berlin.de/hochschule/personen/person/?eid=4233). RESEARCH GROUP/LAB: listed under GAME CHANGER (Forschungscluster) | Kultur Islam (Forschungscluster) on https://www.htw-berlin.de/hochschule/personen/person/?eid=4233. Research-output counters on the same page: Projekte (24) | Publikationen (6) | Vorträge / Veranstaltungen (50). Other stated functions: Auswahlkommission - Vorsitzende*r, Laborleiter*in, Praktikumsbeauftragte*r, Prüfungsausschuss - Stellvertretende*r Vorsitzende*r, Studienfachberater*in, Studiengangssprecher*in. Also listed as staff of the degree programmes/units: Game Design (B); System Design/Game Design (M). Source of professorship: HTW Professor_innenprofile-Katalog."
Heide Brandtstädter,Prof. Dr.-Ing. Heide Brandtstädter,"Hochschullehrer*in; Lehr- und Forschungsgebiet: Regelungstechnik, Elektrotechnik, Modellbildung Control Systems Engineering, Electrical Engineering, Mathematical Modeling of Dynamic Systems; Fachbereich 1: Ingenieurwissenschaften - Energie und Information; Hochschule für Technik und Wirtschaft Berlin (HTW Berlin)",,,https://www.htw-berlin.de/hochschule/personen/person/?eid=4383,RESEARCH GROUP/LAB: HTW states lab leadership — Laborleiter*in — Labore | Laborleiter*in — Regelungstechnik (source https://www.htw-berlin.de/hochschule/personen/person/?eid=4383). RESEARCH GROUP/LAB: listed under Creative Technologies (Forschungscluster) on https://www.htw-berlin.de/hochschule/personen/person/?eid=4383. Research-output counters on the same page: Projekte (1) | Publikationen (11) | Mitgliedschaften (1). Schwerpunkte (verbatim): Theory and Application of Sliding Mode Control Control of Electric Power Grids Control of Electric Drives and Electromechanical System. Other stated functions: Laborleiter*in. Also listed as staff of the degree programmes/units: Elektrotechnik (B); Elektrotechnik (M); Labore; Regelungstechnik. Campus stated: Campus Wilhelminenhof (both HTW campuses are in Berlin). Source of professorship: HTW Professor_innenprofile-Katalog.
Thomas Bremer,Prof. Thomas Bremer,"Hochschullehrer*in; Lehr- und Forschungsgebiet: Spiel, Game Design, Game System Design, Game Thinking, Künstliche Intelligenz in Spiel und Entwicklung, Experience Design, Spielkonzeption und -entwicklung, System Entwicklung, Analyse von Spielsystemen, Entwicklung von System-Architekturen; Fachbereich 5: Gestaltung und Kultur; Hochschule für Technik und Wirtschaft Berlin (HTW Berlin)",,https://gamedesign.htw-berlin.de/personen/prof-thomas-bremer/,https://www.htw-berlin.de/hochschule/personen/person/?eid=1236,"RESEARCH GROUP/LAB: listed under GAME CHANGER (Forschungscluster) | Kultur Islam (Forschungscluster) on https://www.htw-berlin.de/hochschule/personen/person/?eid=1236. Research-output counters on the same page: Projekte (35) | Publikationen (25) | Vorträge / Veranstaltungen (51). Schwerpunkte (verbatim): Spiel, Game Design, Game Thinking, Künstliche Intelligenz, Digitale Spiele, Experience Design, Co-Founder DE:HIVE Institut Verantwortlich für die gamelabs. Other stated functions: Akademischer Senat - Mitglied, Anrechnung von Prüfungsleistungen - Beauftragte*r, Auswahlkommission - Mitglied, Auswahlkommission - Stellvertretende*r Vorsitzende*r, BAföG - Beauftragte*r, Dekan*in, Fachbereichsrat - Mitglied, Prüfungsausschuss - Mitglied. Also listed as staff of the degree programmes/units: FB5 Dekanat; FB5 Fachbereichsrat; Game Design (B); System Design/Game Design (M). Campus stated: Campus Wilhelminenhof (both HTW campuses are in Berlin). Source of professorship: HTW Professor_innenprofile-Katalog."
Marcin Brzozowski,Prof. Dr.-Ing. Marcin Brzozowski,Hochschullehrer*in; Fachbereich 1: Ingenieurwissenschaften - Energie und Information; Hochschule für Technik und Wirtschaft Berlin (HTW Berlin),,,https://www.htw-berlin.de/hochschule/personen/person/?eid=14615,"No research group, lab, Forschungscluster or Forschungsschwerpunkt leadership stated on https://www.htw-berlin.de/hochschule/personen/person/?eid=14615. Other stated functions: Auswahlkommission - Mitglied, Praktikumsbeauftragte*r. Also listed as staff of the degree programmes/units: Computer Engineering (B); Computer Engineering (M). Campus stated: Campus Wilhelminenhof (both HTW campuses are in Berlin). Source of professorship: HTW Professor_innenprofile-Katalog."
Martin Brüggemeier,Prof. Dr. Martin Brüggemeier,"Hochschullehrer*in; Lehr- und Forschungsgebiet: Public Management, Nonprofit-Management, Public Governance; Fachbereich 3: Wirtschafts- und Rechtswissenschaften; Hochschule für Technik und Wirtschaft Berlin (HTW Berlin)",,,https://www.htw-berlin.de/hochschule/personen/person/?eid=130,"No research group, lab, Forschungscluster or Forschungsschwerpunkt leadership stated on https://www.htw-berlin.de/hochschule/personen/person/?eid=130. Research-output counters on the same page: Projekte (10) | Publikationen (71) | Vorträge / Veranstaltungen (74). Schwerpunkte (verbatim): Organisation, Electronic Government, Performance Management sowie Innovation und Change Management im öffentlichen und Nonprofit Sektor. Other stated functions: Auswahlkommission - Vorsitzende*r. Also listed as staff of the degree programmes/units: Nonprofit Management und Public Governance (M); Public und Nonprofit-Management (B). Campus stated: Campus Treskowallee (both HTW campuses are in Berlin). Source of professorship: HTW Professor_innenprofile-Katalog."
Regine Buchheim,Prof. Dr. Regine Buchheim,Hochschullehrer*in; Lehr- und Forschungsgebiet: Betriebswirtschaftslehre (insbes. Internationale Rechnungslegung); Fachbereich 3: Wirtschafts- und Rechtswissenschaften; Hochschule für Technik und Wirtschaft Berlin (HTW Berlin),,http://www.f3.htw-berlin.de/Professoren/Buchheim,https://www.htw-berlin.de/hochschule/personen/person/?eid=2702,"No research group, lab, Forschungscluster or Forschungsschwerpunkt leadership stated on https://www.htw-berlin.de/hochschule/personen/person/?eid=2702. Research-output counters on the same page: Projekte (9) | Publikationen (93) | Vorträge / Veranstaltungen (28). Schwerpunkte (verbatim): Internationale Rechnungslegung, Externes Rechnungswesen; Rechenschaftslegung Politischer Parteien, Stiftungen und Öffentlicher Unternehmen; Steuern, Rechnungslegung und Wirtschaft im Nationalsozialismus. Other stated functions: Fachbereichsrat - Mitglied. Also listed as staff of the degree programmes/units: Betriebswirtschaftslehre (B); FB3 Fachbereichsrat; Finance, Accounting, Corporate Law and Taxation (M). Campus stated: Campus Treskowallee (both HTW campuses are in Berlin). Source of professorship: HTW Professor_innenprofile-Katalog."
Carsten Busch,Prof. Dr.-Ing. Carsten Busch,"Hochschullehrer*in; Lehr- und Forschungsgebiet: Medieninformatik, Medientheorie, Medienwirtschaft; Fachbereich 4: Informatik, Kommunikation und Wirtschaft; Hochschule für Technik und Wirtschaft Berlin (HTW Berlin)",,http://cm.htw-berlin.de,https://www.htw-berlin.de/hochschule/personen/person/?eid=3030,RESEARCH GROUP/LAB: listed under Creative Technologies (Forschungscluster) | Kultur und Informatik (Forschungscluster) on https://www.htw-berlin.de/hochschule/personen/person/?eid=3030. Research-output counters on the same page: Projekte (54) | Publikationen (88) | Vorträge / Veranstaltungen (28). Schwerpunkte (verbatim): Mixed Reality Interactive Learning Games & Business Marken & Medien Medientheorie. Other stated functions: Studiengangssprecher*in. Also listed as staff of the degree programmes/units: Internationale Medieninformatik (B); Internationale Medieninformatik (M). Campus stated: Campus Wilhelminenhof (both HTW campuses are in Berlin). Source of professorship: HTW Professor_innenprofile-Katalog.
Sylvia Bös,Prof. Dr. Sylvia Bös,Hochschullehrer*in; Lehr- und Forschungsgebiet: Betriebliche Steuerlehre; Fachbereich 3: Wirtschafts- und Rechtswissenschaften; Hochschule für Technik und Wirtschaft Berlin (HTW Berlin),,,https://www.htw-berlin.de/hochschule/personen/person/?eid=9992,"No research group, lab, Forschungscluster or Forschungsschwerpunkt leadership stated on https://www.htw-berlin.de/hochschule/personen/person/?eid=9992. Research-output counters on the same page: Publikationen (28). Also listed as staff of the degree programmes/units: Betriebswirtschaftslehre (B); Finance, Accounting, Corporate Law and Taxation (M); Wirtschaftsrecht (M). Campus stated: Campus Treskowallee (both HTW campuses are in Berlin). Source of professorship: HTW Professor_innenprofile-Katalog."
Christian Böttger,Prof. Dr. Christian Böttger,"Hochschullehrer*in; Lehr- und Forschungsgebiet: Industrial Marketing, Verkehrswesen, Eisenbahn; Fachbereich 4: Informatik, Kommunikation und Wirtschaft; Hochschule für Technik und Wirtschaft Berlin (HTW Berlin)",,,https://www.htw-berlin.de/hochschule/personen/person/?eid=113,"No research group, lab, Forschungscluster or Forschungsschwerpunkt leadership stated on https://www.htw-berlin.de/hochschule/personen/person/?eid=113. Research-output counters on the same page: Projekte (4) | Publikationen (103) | Vorträge / Veranstaltungen (21). Also listed as staff of the degree programmes/units: Wirtschaftsingenieurwesen (B); Wirtschaftsingenieurwesen (B) FW; Wirtschaftsingenieurwesen (M); Zentrum für berufsbegleitendes und weiterbildendes Studium. Source of professorship: HTW Professor_innenprofile-Katalog."
Christina Carlsen,Prof. Dr. Christina Carlsen,Hochschullehrer*in; Lehr- und Forschungsgebiet: Corporate Finance; Fachbereich 3: Wirtschafts- und Rechtswissenschaften; Hochschule für Technik und Wirtschaft Berlin (HTW Berlin),,,https://www.htw-berlin.de/hochschule/personen/person/?eid=13998,"No research group, lab, Forschungscluster or Forschungsschwerpunkt leadership stated on https://www.htw-berlin.de/hochschule/personen/person/?eid=13998. Schwerpunkte (verbatim): Unternehmensbewertung, Wirtschaftlichkeitsrechnung, Unternehmensfinanzierung. Other stated functions: Auswahlkommission - Mitglied, Prüfungsausschuss - Mitglied. Also listed as staff of the degree programmes/units: Finance, Accounting, Corporate Law and Taxation (M). Campus stated: Campus Treskowallee (both HTW campuses are in Berlin). Source of professorship: HTW Professor_innenprofile-Katalog."
Jan Hanno Carstens,Prof. Dr.-Ing. Jan Hanno Carstens,Hochschullehrer*in; Lehr- und Forschungsgebiet: Regenerative Energiesysteme; Fachbereich 1: Ingenieurwissenschaften - Energie und Information; Hochschule für Technik und Wirtschaft Berlin (HTW Berlin),,,https://www.htw-berlin.de/hochschule/personen/person/?eid=11250,"No research group, lab, Forschungscluster or Forschungsschwerpunkt leadership stated on https://www.htw-berlin.de/hochschule/personen/person/?eid=11250. Research-output counters on the same page: Patente (3). Other stated functions: Auswahlkommission - Vorsitzende*r. Also listed as staff of the degree programmes/units: Regenerative Energien (B); Regenerative Energien (M). Campus stated: Campus Wilhelminenhof (both HTW campuses are in Berlin). Source of professorship: HTW Professor_innenprofile-Katalog."
Pelin Celik,Prof. Pelin Celik,"Hochschullehrer*in; Lehr- und Forschungsgebiet: User Experience Design (UX), Systems Thinking, Systemic Design, Industrial Design, Mensch-Technik-Interaktion; Fachbereich 5: Gestaltung und Kultur; Hochschule für Technik und Wirtschaft Berlin (HTW Berlin)",,http://id.htw-berlin.de,https://www.htw-berlin.de/hochschule/personen/person/?eid=11439,"RESEARCH GROUP/LAB: HTW states lab leadership — Anrechnung von Prüfungsleistungen - Beauftragte*r, Prüfungsausschuss - Vorsitzende*r, Auswahlkommission - Mitglied, BAföG - Beauftragte*r, Laborleiter*in, Hochschullehrer*in — Industrial Design (B) (source https://www.htw-berlin.de/hochschule/personen/person/?eid=11439). RESEARCH GROUP/LAB: listed under Sustainable Smart Cities (Forschungscluster) on https://www.htw-berlin.de/hochschule/personen/person/?eid=11439. Research-output counters on the same page: Projekte (26) | Publikationen (42) | Vorträge / Veranstaltungen (45) | Preise / Auszeichnungen (1) | Begutachtungen (4) | Mitgliedschaften (5). Schwerpunkte (verbatim): Human Experience Design, Systems Thinking & Systemic Design, Futures Thinking & Speculative Design, Co-Creation & Participation, UX Management, Systemic Design Oriented Leadership, Aging & Technology (UX in Aging Society), Experiment & Play Design as a methodology,. Other stated functions: Anrechnung von Prüfungsleistungen - Beauftragte*r, Auswahlkommission - Mitglied, BAföG - Beauftragte*r, Laborleiter*in, Prüfungsausschuss - Vorsitzende*r. Also listed as staff of the degree programmes/units: Industrial Design (B); System Design/Game Design (M). Campus stated: Campus Wilhelminenhof (both HTW campuses are in Berlin). Source of professorship: HTW Professor_innenprofile-Katalog."
Hussein Chalayan,Prof. Hussein Chalayan,Hochschullehrer*in; Fachbereich 5: Gestaltung und Kultur; Hochschule für Technik und Wirtschaft Berlin (HTW Berlin),,,https://www.htw-berlin.de/hochschule/personen/person/?eid=12556,"No research group, lab, Forschungscluster or Forschungsschwerpunkt leadership stated on https://www.htw-berlin.de/hochschule/personen/person/?eid=12556. Research-output counters on the same page: Publikationen (1) | Vorträge / Veranstaltungen (27). Other stated functions: Auswahlkommission - Stellvertretende*r Vorsitzende*r. Also listed as staff of the degree programmes/units: Modedesign (B); Modedesign (M). Campus stated: Campus Wilhelminenhof (both HTW campuses are in Berlin). Source of professorship: HTW Professor_innenprofile-Katalog."
Thoralf Chrobok,Prof. Dr. Thoralf Chrobok,Hochschullehrer*in; Fachbereich 3: Wirtschafts- und Rechtswissenschaften; Hochschule für Technik und Wirtschaft Berlin (HTW Berlin),,,https://www.htw-berlin.de/hochschule/personen/person/?eid=8670,"No research group, lab, Forschungscluster or Forschungsschwerpunkt leadership stated on https://www.htw-berlin.de/hochschule/personen/person/?eid=8670. Research-output counters on the same page: Projekte (1). Other stated functions: Prüfungsausschuss - Mitglied. Also listed as staff of the degree programmes/units: Betriebswirtschaftslehre (B). Campus stated: Campus Treskowallee (both HTW campuses are in Berlin). Source of professorship: HTW Professor_innenprofile-Katalog."
Ingo Claßen,Prof. Dr.-Ing. Ingo Claßen,"Hochschullehrer*in; Lehr- und Forschungsgebiet: Wirtschaftsinformatik, Datenbanksysteme; Fachbereich 4: Informatik, Kommunikation und Wirtschaft; Hochschule für Technik und Wirtschaft Berlin (HTW Berlin)",,https://ic-htw.github.io/,https://www.htw-berlin.de/hochschule/personen/person/?eid=148,"No research group, lab, Forschungscluster or Forschungsschwerpunkt leadership stated on https://www.htw-berlin.de/hochschule/personen/person/?eid=148. Research-output counters on the same page: Publikationen (2) | Vorträge / Veranstaltungen (5). Schwerpunkte (verbatim): Datenbanksysteme. Other stated functions: BAföG - Beauftragte*r, Dozent*in, Prüfungsberater*in, Studienfachberater*in. Also listed as staff of the degree programmes/units: Business Administration and Engineering (M) PG; Wirtschaftsinformatik (B); Wirtschaftsinformatik (M); Zentrum für berufsbegleitendes und weiterbildendes Studium. Campus stated: Campus Treskowallee (both HTW campuses are in Berlin). Source of professorship: HTW Professor_innenprofile-Katalog."
Carsten Conradi,Prof. Dr. Carsten Conradi,Hochschullehrer*in; Lehr- und Forschungsgebiet: Bioprozessführung und -simulation; Fachbereich 2: Ingenieurwissenschaften - Technik und Leben; Hochschule für Technik und Wirtschaft Berlin (HTW Berlin),,https://scholar.google.de/citations?user=0AZQbOAAAAAJ&amp;hl=de,https://www.htw-berlin.de/hochschule/personen/person/?eid=10256,"RESEARCH GROUP/LAB: listed under Gesundheit (Forschungscluster) on https://www.htw-berlin.de/hochschule/personen/person/?eid=10256. Research-output counters on the same page: Projekte (6) | Publikationen (15). Schwerpunkte (verbatim): Modellbildung und -analyse, Mathematische Biologie, Systemtheorie und Regelungstechnik, Chemical Reation Network Theory. Other stated functions: Anrechnung von Prüfungsleistungen - Beauftragte*r, Auswahlkommission - Mitglied, Studiengangssprecher*in. Also listed as staff of the degree programmes/units: Betriebliche Umweltinformatik (M); Life Science Engineering (B); Life Science Engineering (M). Campus stated: Campus Wilhelminenhof (both HTW campuses are in Berlin). Source of professorship: HTW Professor_innenprofile-Katalog."
Piotr Wojciech Dabrowski,Prof. Dr.-Ing. Piotr Wojciech Dabrowski,"Hochschullehrer*in; Fachbereich 4: Informatik, Kommunikation und Wirtschaft; Hochschule für Technik und Wirtschaft Berlin (HTW Berlin)",,https://dabrowskiw.github.io/,https://www.htw-berlin.de/hochschule/personen/person/?eid=12469,"RESEARCH GROUP/LAB: listed under Gesundheit (Forschungscluster) on https://www.htw-berlin.de/hochschule/personen/person/?eid=12469. Research-output counters on the same page: Projekte (10) | Publikationen (54). Schwerpunkte (verbatim): Angewandte Informatik, Bioinformatik. Other stated functions: Praktikumsbeauftragte*r. Also listed as staff of the degree programmes/units: Angewandte Informatik (M); Informatik in Kultur und Gesundheit (B). Campus stated: Campus Wilhelminenhof (both HTW campuses are in Berlin). Source of professorship: HTW Professor_innenprofile-Katalog."
Matthias Dahlmeyer,Prof. Dr.-Ing. Matthias Dahlmeyer,Hochschullehrer*in; Lehr- und Forschungsgebiet: Konstruktion; Fachbereich 2: Ingenieurwissenschaften - Technik und Leben; Hochschule für Technik und Wirtschaft Berlin (HTW Berlin),,https://htwb.de/dahlmeyer,https://www.htw-berlin.de/hochschule/personen/person/?eid=4391,RESEARCH GROUP/LAB: listed under Industrielle Produktion (Forschungscluster) on https://www.htw-berlin.de/hochschule/personen/person/?eid=4391. Research-output counters on the same page: Projekte (11) | Publikationen (16) | Patente (3) | Vorträge / Veranstaltungen (6). Schwerpunkte (verbatim): s. Homepage. Also listed as staff of the degree programmes/units: Maschinenbau (B); Maschinenbau (M). Campus stated: Campus Wilhelminenhof (both HTW campuses are in Berlin). Source of professorship: HTW Professor_innenprofile-Katalog.
Sascha Dawo,Prof. Dr. Sascha Dawo,"Hochschullehrer*in; Lehr- und Forschungsgebiet: Rechnungswesen (extern/intern), Allgemeine Betriebswirtschaftslehre; Fachbereich 4: Informatik, Kommunikation und Wirtschaft; Hochschule für Technik und Wirtschaft Berlin (HTW Berlin)",,,https://www.htw-berlin.de/hochschule/personen/person/?eid=10336,"No research group, lab, Forschungscluster or Forschungsschwerpunkt leadership stated on https://www.htw-berlin.de/hochschule/personen/person/?eid=10336. Research-output counters on the same page: Publikationen (70). Schwerpunkte (verbatim): Rechnungswesen (extern/intern) und Controlling. Also listed as staff of the degree programmes/units: Wirtschaftsingenieurwesen (B); Wirtschaftsingenieurwesen (B) FW; Wirtschaftsingenieurwesen (M). Campus stated: Campus Wilhelminenhof (both HTW campuses are in Berlin). Source of professorship: HTW Professor_innenprofile-Katalog."
Gudula Deipenbrock,Prof. Dr. Gudula Deipenbrock,"Hochschullehrer*in; Lehr- und Forschungsgebiet: Finanzmarkt - und Kapitalmarktrecht (nationales), Finanzmarkt - und Kapitalmarktrecht (internationales und europäisches), Rechtsfragen der digitalen Transformation einschließlich der Regulierung von Künstlicher Intelligenz, Rechtsvergleichung, Gesellschaftsrecht, Internationales Privatrecht, Wirtschaftsprivatrecht, Wirtschaftsrecht (ausländisches), Wirtschaftsrecht (europäisches), Wirtschaftsrecht (internationales), Europarecht, Internationales Recht, Zivilrecht; Fachbereich 3: Wirtschafts- und Rechtswissenschaften; Hochschule für Technik und Wirtschaft Berlin (HTW Berlin)",,,https://www.htw-berlin.de/hochschule/personen/person/?eid=162,"RESEARCH GROUP/LAB: listed under Money, Finance, Trade and Development (Forschungscluster) on https://www.htw-berlin.de/hochschule/personen/person/?eid=162. Research-output counters on the same page: Publikationen (66) | Vorträge / Veranstaltungen (77) | Mitgliedschaften (9). Schwerpunkte (verbatim): Nationales, internationales und europäisches Finanzmarkt - und Kapitalmarktrecht mit besonderem Augenmerk auf Fragen der digitalen Transformation einschließlich FinTech, Regulierung von Künstlicher Intelligenz mit Bezug zu Finanzmärkten und darüber hinaus unter besonderer Berücksichtigung rechtsmethodischer Probleme, institutionellen Fragen sowie solchen zu der Regulierung und Aufsicht von Ratingagenturen in der Europäischen Union. Rechtsvergleichende Untersuchungen im Gesellschafts- und Unternehmensrecht.. Other stated functions: Praktikumsbeauftragte*r. Also listed as staff of the degree programmes/units: Finance, Accounting, Corporate Law and Taxation (M); Wirtschaftsrecht (B); Wirtschaftsrecht (M). Campus stated: Campus Treskowallee (both HTW campuses are in Berlin). Source of professorship: HTW Professor_innenprofile-Katalog."
Ute Dietrich,Prof. Dr.-Ing. Ute Dietrich,"Hochschullehrer*in; Lehr- und Forschungsgebiet: Wirtschaftsingenieurwesen mit den Schwerpunkten Informatik, Systemgetriebenes Engineering und Automatisierung von Systemen, Automatisierte Produktionssysteme Industrial engineering with a focus on computer science, Systems-driven engineering and automation of systems, automated production; Fachbereich 4: Informatik, Kommunikation und Wirtschaft; Hochschule für Technik und Wirtschaft Berlin (HTW Berlin)",,,https://www.htw-berlin.de/hochschule/personen/person/?eid=9861,"RESEARCH GROUP/LAB: HTW states lab leadership — Laborleiter*in, Hochschullehrer*in, Studiengangssprecher*in — Wirtschaftsingenieurwesen (B) | Laborleiter*in, Hochschullehrer*in — Wirtschaftsingenieurwesen (M) (source https://www.htw-berlin.de/hochschule/personen/person/?eid=9861). RESEARCH GROUP/LAB: listed under Sustainable Smart Cities (Forschungscluster) on https://www.htw-berlin.de/hochschule/personen/person/?eid=9861. Research-output counters on the same page: Projekte (5) | Publikationen (17) | Vorträge / Veranstaltungen (16) | Begutachtungen (1) | Mitgliedschaften (3). Schwerpunkte (verbatim): Informationstechnik im Ingenieurwesen, Systemgetriebene Entwicklung / Systems Engineering / 'Smart' Engineering, Mitglied in der GfSE (IPS4SE- Integrated Product Support) Digitaler Zwilling, Digitaler Thread, Digitaler Schatten, Assistenzsysteme in der Produktentwicklung- und Produktion, Factory Cloud, Edge Computing und Manufacturing Execution Systems, Datengetriebene Prozessoptimierung, Digitale Fabrik und Product Lifecycle Management, industrielle Anwendung Maschinellen Lernens in Produkentwicklung und Produktion, prädiktive / präskriptiver Analytik, kooperative Robotik, Digitalisierung, II…. Other stated functions: Laborleiter*in, Studiengangssprecher*in. Also listed as staff of the degree programmes/units: Business Administration and Engineering (M) PG; Wirtschaftsingenieurwesen (B); Wirtschaftsingenieurwesen (M); Zentrum für berufsbegleitendes und weiterbildendes Studium. Campus stated: Campus Wilhelminenhof (both HTW campuses are in Berlin). Source of professorship: HTW Professor_innenprofile-Katalog."
Norman Dodel,Prof. Dr.-Ing. Norman Dodel,Hochschullehrer*in; Fachbereich 2: Ingenieurwissenschaften - Technik und Leben; Hochschule für Technik und Wirtschaft Berlin (HTW Berlin),,,https://www.htw-berlin.de/hochschule/personen/person/?eid=13900,"No research group, lab, Forschungscluster or Forschungsschwerpunkt leadership stated on https://www.htw-berlin.de/hochschule/personen/person/?eid=13900. Also listed as staff of the degree programmes/units: Fahrzeugtechnik (B); Fahrzeugtechnik (M). Campus stated: Campus Wilhelminenhof (both HTW campuses are in Berlin). Source of professorship: HTW Professor_innenprofile-Katalog."
Pablo Dornhege,Prof. Pablo Dornhege,Hochschullehrer*in; Lehr- und Forschungsgebiet: Transmediale Gestaltung und immersive Technologien; Fachbereich 5: Gestaltung und Kultur; Hochschule für Technik und Wirtschaft Berlin (HTW Berlin),,,https://www.htw-berlin.de/hochschule/personen/person/?eid=13731,"RESEARCH GROUP/LAB: HTW states lab leadership — Studiengangssprecher*in, Hochschullehrer*in, Laborleiter*in, Auswahlkommission - Mitglied — Kommunikationsdesign (B) (source https://www.htw-berlin.de/hochschule/personen/person/?eid=13731). RESEARCH GROUP/LAB: listed under Creative Technologies (Forschungscluster) on https://www.htw-berlin.de/hochschule/personen/person/?eid=13731. Research-output counters on the same page: Projekte (6) | Publikationen (12) | Vorträge / Veranstaltungen (33) | Mitgliedschaften (1). Schwerpunkte (verbatim): Gestaltung und Konzeption digitaler und raumbezogener Medien. Erforschung der Potentiale hybridrealer Räume für die Wissensvermittlung und das Erleben und Schaffen von Kunst und Kultur.. Other stated functions: Auswahlkommission - Mitglied, Fachbereichsrat - Mitglied, Laborleiter*in, Studiengangssprecher*in. Also listed as staff of the degree programmes/units: FB5 Fachbereichsrat; Kommunikationsdesign (B). Campus stated: Campus Wilhelminenhof (both HTW campuses are in Berlin). Source of professorship: HTW Professor_innenprofile-Katalog."
Caroline Dressel,Prof. Dr. Caroline Dressel,Hochschullehrer*in; Lehr- und Forschungsgebiet: Arbeits- und Sozialrecht; Fachbereich 3: Wirtschafts- und Rechtswissenschaften; Hochschule für Technik und Wirtschaft Berlin (HTW Berlin),,,https://www.htw-berlin.de/hochschule/personen/person/?eid=14716,"No research group, lab, Forschungscluster or Forschungsschwerpunkt leadership stated on https://www.htw-berlin.de/hochschule/personen/person/?eid=14716. Research-output counters on the same page: Projekte (3) | Publikationen (19) | Vorträge / Veranstaltungen (15) | Mitgliedschaften (3). Schwerpunkte (verbatim): Antidiskriminierung, Arbeitsrecht und Klimaschutz, Sportarbeitsrecht. Other stated functions: Auswahlkommission - Mitglied. Also listed as staff of the degree programmes/units: Arbeits- und Personalmanagement (M); Wirtschaftsrecht (B); Wirtschaftsrecht (M). Campus stated: Campus Treskowallee (both HTW campuses are in Berlin). Source of professorship: HTW Professor_innenprofile-Katalog."
Sören Dressler,Prof. Dr. Sören Dressler,"Hochschullehrer*in; Lehr- und Forschungsgebiet: Internationales Controlling und wertorientierte Unternehmensführung, Data Analytics; Fachbereich 4: Informatik, Kommunikation und Wirtschaft; Hochschule für Technik und Wirtschaft Berlin (HTW Berlin)",,,https://www.htw-berlin.de/hochschule/personen/person/?eid=1446,"No research group, lab, Forschungscluster or Forschungsschwerpunkt leadership stated on https://www.htw-berlin.de/hochschule/personen/person/?eid=1446. Research-output counters on the same page: Projekte (3) | Publikationen (73) | Vorträge / Veranstaltungen (53) | Betreute Promotionen (1). Other stated functions: Studienfachberater*in, Studiengangssprecher*in. Also listed as staff of the degree programmes/units: Business Administration and Engineering (M) PG; Wirtschaftsingenieurwesen (B). Source of professorship: HTW Professor_innenprofile-Katalog."
Anja Drews,Prof. Dr.-Ing. habil. Anja Drews,"Hochschullehrer*in; Lehr- und Forschungsgebiet: Verfahrenstechnik, Membranverfahren, Bioverfahrenstechnik; Fachbereich 2: Ingenieurwissenschaften - Technik und Leben; Hochschule für Technik und Wirtschaft Berlin (HTW Berlin)",,https://scholar.google.com/citations?user=aJlO4VoAAAAJ&amp;hl=en,https://www.htw-berlin.de/hochschule/personen/person/?eid=4338,"RESEARCH GROUP/LAB: listed under Gesundheit (Forschungscluster) on https://www.htw-berlin.de/hochschule/personen/person/?eid=4338. Research-output counters on the same page: Projekte (18) | Publikationen (147) | Vorträge / Veranstaltungen (76) | Betreute Promotionen (9) | Preise / Auszeichnungen (3) | Begutachtungen (15) | Mitgliedschaften (1). Schwerpunkte (verbatim): Membranverfahren, Prozessentwicklung für kontinuierliche enzymatische Prozesse, Pickering Emulsionen, Modellierung von Filtrationsmechanismen, Kinetiken und Prozessen, Fluiddynamik und Mehrphasensysteme, Abwasserreinigung (Membranbioreaktoren). Other stated functions: Anrechnung von Prüfungsleistungen - Beauftragte*r, FNK - Vorsitzende*r, Studienfachberater*in. Also listed as staff of the degree programmes/units: Gremium; Life Science Engineering (B); Life Science Engineering (M). Campus stated: Campus Wilhelminenhof (both HTW campuses are in Berlin). Source of professorship: HTW Professor_innenprofile-Katalog."
Sebastian Dullien,Prof. Dr. Sebastian Dullien,"Hochschullehrer*in; Lehr- und Forschungsgebiet: Volkswirtschaftslehre, Internationale Wirtschaftsbeziehungen, Geldpolitik, Europäische Integration, Makroökonomie, Entwicklungsökonomie; Fachbereich 3: Wirtschafts- und Rechtswissenschaften; Hochschule für Technik und Wirtschaft Berlin (HTW Berlin)",,http://www.dullien.net,https://www.htw-berlin.de/hochschule/personen/person/?eid=3585,"RESEARCH GROUP/LAB: listed under Money, Finance, Trade and Development (Forschungscluster) on https://www.htw-berlin.de/hochschule/personen/person/?eid=3585. Research-output counters on the same page: Projekte (11) | Publikationen (510) | Vorträge / Veranstaltungen (122) | Preise / Auszeichnungen (1). Schwerpunkte (verbatim): Master International and Development Economics. Other stated functions: Fachbereichsrat - Mitglied. Also listed as staff of the degree programmes/units: FB3 Fachbereichsrat; International and Development Economics (M). Campus stated: Campus Treskowallee (both HTW campuses are in Berlin). Source of professorship: HTW Professor_innenprofile-Katalog."
Katrin Dziergwa,Prof. Dr. Katrin Dziergwa,Hochschullehrer*in; Lehr- und Forschungsgebiet: Finanzierung und Rechnungswesen; Fachbereich 3: Wirtschafts- und Rechtswissenschaften; Hochschule für Technik und Wirtschaft Berlin (HTW Berlin),,https://moodle.htw-berlin.de/course/view.php?id=40066,https://www.htw-berlin.de/hochschule/personen/person/?eid=11311,"No research group, lab, Forschungscluster or Forschungsschwerpunkt leadership stated on https://www.htw-berlin.de/hochschule/personen/person/?eid=11311. Research-output counters on the same page: Projekte (2) | Publikationen (13). Other stated functions: Praktikumsbeauftragte*r. Also listed as staff of the degree programmes/units: Betriebswirtschaftslehre (B); Finance, Accounting, Corporate Law and Taxation (M); International Business (B). Campus stated: Campus Treskowallee (both HTW campuses are in Berlin). Source of professorship: HTW Professor_innenprofile-Katalog."
Norbert Engel,Prof. Dr.-Ing. Norbert Engel,"Hochschullehrer*in; Lehr- und Forschungsgebiet: Hydraulik, Siedlungswasserwirtschaft, Wasserbau; Fachbereich 2: Ingenieurwissenschaften - Technik und Leben; Hochschule für Technik und Wirtschaft Berlin (HTW Berlin)",,,https://www.htw-berlin.de/hochschule/personen/person/?eid=206,"No research group, lab, Forschungscluster or Forschungsschwerpunkt leadership stated on https://www.htw-berlin.de/hochschule/personen/person/?eid=206. Research-output counters on the same page: Vorträge / Veranstaltungen (29). Also listed as staff of the degree programmes/units: Bauingenieurwesen (B); Bauingenieurwesen (M). Campus stated: Campus Wilhelminenhof (both HTW campuses are in Berlin). Source of professorship: HTW Professor_innenprofile-Katalog."
Elisabeth Eppinger,Prof. Dr. Elisabeth Eppinger,"Hochschullehrer*in; Lehr- und Forschungsgebiet: Maschinentechnische Grundlagen inkl. Konfektionsmaschinen Textil Technology, Sustainability, Intellectual Property Rights; Fachbereich 5: Gestaltung und Kultur; Hochschule für Technik und Wirtschaft Berlin (HTW Berlin)",,,https://www.htw-berlin.de/hochschule/personen/person/?eid=12045,"RESEARCH GROUP/LAB: HTW states lab leadership — Laborleiter*in, Hochschullehrer*in, Auswahlkommission - Stellvertretende*r Vorsitzende*r — Bekleidungstechnik/Konfektion (B) | Laborleiter*in, Hochschullehrer*in, Auswahlkommission - Stellvertretende*r Vorsitzende*r — Bekleidungstechnik/Konfektion (M) | Laborleiter*in — Betriebstechnik / Konfektionsmaschinen | Laborleiter*in — Textile Werkstoffprüfung (source https://www.htw-berlin.de/hochschule/personen/person/?eid=12045). Research-output counters on the same page: Projekte (16) | Publikationen (69) | Vorträge / Veranstaltungen (47) | Preise / Auszeichnungen (2) | Begutachtungen (9) | Mitgliedschaften (2). Schwerpunkte (verbatim): Forschung: Nachhaltigkeit (Fasern, Textilien, Textilchemie, C2C), Nachhaltigkeitstransformationen, Innovationsanreize, IPR Lehre: Maschinenbautechnische Grundlagen, Konfektionsmaschinen, innovative Materialien, Technische Textilien. Other stated functions: Auswahlkommission - Stellvertretende*r Vorsitzende*r, Fachbereichsrat - Mitglied, Laborleiter*in. Also listed as staff of the degree programmes/units: Bekleidungstechnik/Konfektion (B); Bekleidungstechnik/Konfektion (M); Betriebstechnik / Konfektionsmaschinen; FB5 Fachbereichsrat; Textile Werkstoffprüfung. Campus stated: Campus Wilhelminenhof (both HTW campuses are in Berlin). Source of professorship: HTW Professor_innenprofile-Katalog."
Christina Erlwein-Sayer,Prof. Dr. Christina Erlwein-Sayer,"Hochschullehrer*in; Lehr- und Forschungsgebiet: Mathematik und Statistik; Fachbereich 4: Informatik, Kommunikation und Wirtschaft; Hochschule für Technik und Wirtschaft Berlin (HTW Berlin)",,,https://www.htw-berlin.de/hochschule/personen/person/?eid=12150,"No research group, lab, Forschungscluster or Forschungsschwerpunkt leadership stated on https://www.htw-berlin.de/hochschule/personen/person/?eid=12150. Research-output counters on the same page: Projekte (11) | Publikationen (25) | Vorträge / Veranstaltungen (25) | Begutachtungen (12). Schwerpunkte (verbatim): Finanzmathematik, Statistik, Statistical Learning, Quantitative Finance, Data Science in Finance. Other stated functions: BAföG - Beauftragte*r, Fachbereichsrat - Mitglied, Prodekan*in, Prüfungsausschuss - Mitglied, Prüfungsausschuss - Stellvertretende*r Vorsitzende*r. Also listed as staff of the degree programmes/units: FB4 Dekanat; FB4 Fachbereichsrat; Finanzmathematik, Aktuarwissenschaften und Risikomanagement (M); Quantitative Finance and Data Science (M); Wirtschaftsmathematik (B). Campus stated: Campus Wilhelminenhof (both HTW campuses are in Berlin). Source of professorship: HTW Professor_innenprofile-Katalog."
Tatiana Ermakova,Prof. Dr. Tatiana Ermakova,"Hochschullehrer*in; Fachbereich 4: Informatik, Kommunikation und Wirtschaft; Hochschule für Technik und Wirtschaft Berlin (HTW Berlin)",,,https://www.htw-berlin.de/hochschule/personen/person/?eid=13709,"No research group, lab, Forschungscluster or Forschungsschwerpunkt leadership stated on https://www.htw-berlin.de/hochschule/personen/person/?eid=13709. Research-output counters on the same page: Projekte (2) | Publikationen (74). Other stated functions: Prüfungsausschuss - Mitglied. Also listed as staff of the degree programmes/units: Angewandte Informatik (M); Informatik in Kultur und Gesundheit (B). Source of professorship: HTW Professor_innenprofile-Katalog."
Horst Fetzer,Prof. Horst Fetzer,"Hochschullehrer*in; Lehr- und Forschungsgebiet: Mode und Funktion, Kollektionsstrategie, Marketing, Innovative Produktentwicklung (M), Produktmanagement, Menswear, Womenswear, Active Sportswear, Functional Fashion, Corporate Fashion; Fachbereich 5: Gestaltung und Kultur; Hochschule für Technik und Wirtschaft Berlin (HTW Berlin)",,,https://www.htw-berlin.de/hochschule/personen/person/?eid=4609,"RESEARCH GROUP/LAB: HTW states lab leadership — Laborleiter*in — Computerstudio Mode, Medien und Präsentation | Studienfachberater*in, Laborleiter*in, Hochschullehrer*in, Prüfungsausschuss - Mitglied — Modedesign (B) | Studienfachberater*in, Hochschullehrer*in, Laborleiter*in, Prüfungsausschuss - Mitglied — Modedesign (M) (source https://www.htw-berlin.de/hochschule/personen/person/?eid=4609). Research-output counters on the same page: Projekte (25) | Publikationen (31) | Vorträge / Veranstaltungen (31) | Mitgliedschaften (2). Schwerpunkte (verbatim): BA B 3_11 Kollektionskonzept 1 (Ü), Schwerpunkt Sportswear, BA B3_15 Designpraxis/ interdisziplinäre Projekte BA B 6_24 Kollektionskonzept 3 (Ü), Contemporary Menswear, BA B 4_19 Modepräsentation (SU), MA VMD 4 Innovative Produkte (S) immer im WiSe. Other stated functions: Fachbereichsrat - Mitglied, Laborleiter*in, Prodekan*in, Prüfungsausschuss - Mitglied, Studienfachberater*in. Also listed as staff of the degree programmes/units: Computerstudio Mode, Medien und Präsentation; FB5 Dekanat; FB5 Fachbereichsrat; Modedesign (B); Modedesign (M). Campus stated: Campus Wilhelminenhof (both HTW campuses are in Berlin). Source of professorship: HTW Professor_innenprofile-Katalog."
Sebastian Feucht,Prof. Sebastian Feucht,Hochschullehrer*in; Lehr- und Forschungsgebiet: Entwurfsmethodik und Designentwurf mit dem Schwerpunkt Sustainability und Technologie; Fachbereich 5: Gestaltung und Kultur; Hochschule für Technik und Wirtschaft Berlin (HTW Berlin),,,https://www.htw-berlin.de/hochschule/personen/person/?eid=9174,"No research group, lab, Forschungscluster or Forschungsschwerpunkt leadership stated on https://www.htw-berlin.de/hochschule/personen/person/?eid=9174. Research-output counters on the same page: Projekte (22) | Publikationen (10) | Vorträge / Veranstaltungen (30) | Mitgliedschaften (1). Schwerpunkte (verbatim): Sustainability - Technologie - Material. Other stated functions: Auswahlkommission - Stellvertretende*r Vorsitzende*r, BAföG - Beauftragte*r, Fachbereichsrat - Mitglied, Praktikumsbeauftragte*r, Prüfungsausschuss - Mitglied, Studienfachberater*in. Also listed as staff of the degree programmes/units: FB5 Fachbereichsrat; Industrial Design (B). Campus stated: Campus Wilhelminenhof (both HTW campuses are in Berlin). Source of professorship: HTW Professor_innenprofile-Katalog."
Ferdinand Fichtner,Prof. Dr. Ferdinand Fichtner,Hochschullehrer*in; Lehr- und Forschungsgebiet: Allgemeine Volkswirtschaftslehre insbes. Makroökonomie und Wirtschaftspolitik; Fachbereich 3: Wirtschafts- und Rechtswissenschaften; Hochschule für Technik und Wirtschaft Berlin (HTW Berlin),,,https://www.htw-berlin.de/hochschule/personen/person/?eid=10994,"RESEARCH GROUP/LAB: listed under Money, Finance, Trade and Development (Forschungscluster) on https://www.htw-berlin.de/hochschule/personen/person/?eid=10994. Research-output counters on the same page: Projekte (9) | Publikationen (17) | Vorträge / Veranstaltungen (11). Schwerpunkte (verbatim): Konjunkturtheorie und Konjunkturanalyse; Wachstum und Verteilung; europäische Integration und internationale Wirtschaftsbeziehungen. Other stated functions: Auswahlkommission - Vorsitzende*r. Also listed as staff of the degree programmes/units: Europäische Wirtschaftspolitik (M). Campus stated: Campus Treskowallee (both HTW campuses are in Berlin). Source of professorship: HTW Professor_innenprofile-Katalog."
Robert Finke,Prof. Dr. Robert Finke,"Hochschullehrer*in; Lehr- und Forschungsgebiet: Controlling, Unternehmensplanspiele, Risikomanagement; Fachbereich 4: Informatik, Kommunikation und Wirtschaft; Hochschule für Technik und Wirtschaft Berlin (HTW Berlin)",,,https://www.htw-berlin.de/hochschule/personen/person/?eid=235,"No research group, lab, Forschungscluster or Forschungsschwerpunkt leadership stated on https://www.htw-berlin.de/hochschule/personen/person/?eid=235. Research-output counters on the same page: Publikationen (5). Also listed as staff of the degree programmes/units: Wirtschaftsingenieurwesen (B); Wirtschaftsingenieurwesen (B) FW. Campus stated: Campus Wilhelminenhof (both HTW campuses are in Berlin). Source of professorship: HTW Professor_innenprofile-Katalog."
Timo Fleschutz-Balarezo,Prof. Dr.-Ing. Timo Fleschutz-Balarezo,"Hochschullehrer*in; Lehr- und Forschungsgebiet: Wirtschaftsinformatik Schwerpunkt Digitalisierung der Wertschöpfungskette; Fachbereich 4: Informatik, Kommunikation und Wirtschaft; Hochschule für Technik und Wirtschaft Berlin (HTW Berlin)",,,https://www.htw-berlin.de/hochschule/personen/person/?eid=14170,"No research group, lab, Forschungscluster or Forschungsschwerpunkt leadership stated on https://www.htw-berlin.de/hochschule/personen/person/?eid=14170. Research-output counters on the same page: Publikationen (2). Schwerpunkte (verbatim): Digitalisierung der Wertschöpfungskette, Einkauf, Produktion & Logistik und technische Dokumentation, Digital Twin / Data Products, Low-Coding und Robotic Process Automation. Other stated functions: Auswahlkommission - Mitglied, Prüfungsausschuss - Stellvertretende*r Vorsitzende*r. Also listed as staff of the degree programmes/units: Wirtschaftsinformatik (B); Wirtschaftsinformatik (M). Campus stated: Campus Treskowallee (both HTW campuses are in Berlin). Source of professorship: HTW Professor_innenprofile-Katalog."
Sepehr Foroushani,Prof. Dr. Sepehr Foroushani,Hochschullehrer*in; Lehr- und Forschungsgebiet: Gebäudeenergietechnik; Fachbereich 1: Ingenieurwissenschaften - Energie und Information; Hochschule für Technik und Wirtschaft Berlin (HTW Berlin),,http://www.researchgate.net/profile/Sepehr-Foroushani,https://www.htw-berlin.de/hochschule/personen/person/?eid=14840,"No research group, lab, Forschungscluster or Forschungsschwerpunkt leadership stated on https://www.htw-berlin.de/hochschule/personen/person/?eid=14840. Schwerpunkte (verbatim): Wärmetransport Thermodynamik Thermische Behaglichkeit Klimaresilienz. Also listed as staff of the degree programmes/units: Gebäudeenergie- und -informationstechnik (B); Gebäudeenergie- und -informationstechnik (M). Campus stated: Campus Wilhelminenhof (both HTW campuses are in Berlin). AMBIGUITY FLAG: this name also appears on HTW's ""Ehemalige Professor*innen"" list (https://www.htw-berlin.de/hochschule/personen/ehemalige-professorinnen/) while the person page still states an active function; kept because HTW's current function field governs. Source of professorship: HTW Professor_innenprofile-Katalog."
Jens Fortmann,Prof. Dr.-Ing. Jens Fortmann,Hochschullehrer*in; Lehr- und Forschungsgebiet: Windenergie und Netzintegration; Fachbereich 1: Ingenieurwissenschaften - Energie und Information; Hochschule für Technik und Wirtschaft Berlin (HTW Berlin),,https://scholar.google.de/citations?user=OtwzYREAAAAJ,https://www.htw-berlin.de/hochschule/personen/person/?eid=10251,"RESEARCH GROUP/LAB: HTW states lab leadership — Laborleiter*in — Regenerative Energieanlagen (source https://www.htw-berlin.de/hochschule/personen/person/?eid=10251). RESEARCH GROUP/LAB: listed under Klimagerechte Energieversorgungssysteme und energieeffiziente Gebäude (Forschungscluster) on https://www.htw-berlin.de/hochschule/personen/person/?eid=10251. Research-output counters on the same page: Projekte (10) | Publikationen (65) | Patente (21) | Vorträge / Veranstaltungen (6) | Preise / Auszeichnungen (1). Other stated functions: Anrechnung von Prüfungsleistungen - Beauftragte*r, Auswahlkommission - Stellvertretende*r Vorsitzende*r, BAföG - Beauftragte*r, Laborleiter*in, Studienfachberater*in. Also listed as staff of the degree programmes/units: Regenerative Energieanlagen; Regenerative Energien (B); Regenerative Energien (M). Campus stated: Campus Wilhelminenhof (both HTW campuses are in Berlin). Source of professorship: HTW Professor_innenprofile-Katalog."
Stefan Frank,Prof. Dr.-Ing. Stefan Frank,Hochschullehrer*in; Lehr- und Forschungsgebiet: Maschinenbau - speziell Strömungstechnik und Turbomaschinen; Fachbereich 2: Ingenieurwissenschaften - Technik und Leben; Hochschule für Technik und Wirtschaft Berlin (HTW Berlin),,,https://www.htw-berlin.de/hochschule/personen/person/?eid=1164,"No research group, lab, Forschungscluster or Forschungsschwerpunkt leadership stated on https://www.htw-berlin.de/hochschule/personen/person/?eid=1164. Research-output counters on the same page: Projekte (6) | Publikationen (48) | Vorträge / Veranstaltungen (6) | Betreute Promotionen (3) | Preise / Auszeichnungen (1). Schwerpunkte (verbatim): Thermo- und Fluiddynamik, CFD und Technische Akustik VL+UE Strömungsmechanik (BSc SoSe, WiSe) VL+UE Advanced Fluid Dynamics AFD (MB MSc SoSe, WiSe) VL+UE Strömungsmaschinen (MB MSc WiSe) VL+UE Computational Fluid Dynamics CFD (MB MSc SoSe) WP Technische Akustik (MB MSc SoSe). Other stated functions: BAföG - Beauftragte*r. Also listed as staff of the degree programmes/units: Maschinenbau (B); Maschinenbau (B) FW; Maschinenbau (M). Campus stated: Campus Wilhelminenhof (both HTW campuses are in Berlin). Source of professorship: HTW Professor_innenprofile-Katalog."
Jacqueline Franke,Prof. Dr. Jacqueline Franke,"Hochschullehrer*in; Lehr- und Forschungsgebiet: Molekularbiologie, Zellbiologie, Biochemie; Fachbereich 2: Ingenieurwissenschaften - Technik und Leben; Hochschule für Technik und Wirtschaft Berlin (HTW Berlin)",,,https://www.htw-berlin.de/hochschule/personen/person/?eid=3786,"RESEARCH GROUP/LAB: listed under Gesundheit (Forschungscluster) on https://www.htw-berlin.de/hochschule/personen/person/?eid=3786. Research-output counters on the same page: Projekte (17) | Publikationen (31) | Patente (1) | Vorträge / Veranstaltungen (11) | Betreute Promotionen (1). Schwerpunkte (verbatim): Alterungsforschung, Mechanismen der zelluären Alterung, Suche und Charakterisierung von Compounds, die die Alterung von Zellen beeinflussen, in vivo High Throughput-Screens zur Untersuchung zellulärer Alterung, Targetidentifizierung, Entwicklung von zellbasierten Assays. Other stated functions: Anrechnung von Prüfungsleistungen - Beauftragte*r, Fachbereichsrat - Mitglied, Prodekan*in, Prüfungsausschuss - Mitglied. Also listed as staff of the degree programmes/units: Betriebliche Umweltinformatik (M); FB2 Dekanat; FB2 Fachbereichsrat; Informatik in Ingenieurwissenschaften (M); Ingenieurinformatik (B); Life Science Engineering (B); Life Science Engineering (M); Umweltinformatik (B). Campus stated: Campus Wilhelminenhof (both HTW campuses are in Berlin). Source of professorship: HTW Professor_innenprofile-Katalog."
Jörn Freiheit,Prof. Dr.-Ing. Jörn Freiheit,"Hochschullehrer*in; Lehr- und Forschungsgebiet: Softwareentwicklung, Web-Technologien, Datenbanken; Fachbereich 4: Informatik, Kommunikation und Wirtschaft; Hochschule für Technik und Wirtschaft Berlin (HTW Berlin)",,https://freiheit.f4.htw-berlin.de,https://www.htw-berlin.de/hochschule/personen/person/?eid=8069,"RESEARCH GROUP/LAB: HTW states lab leadership — Hochschullehrer*in, Praktikumsbeauftragte*r, Prüfungsausschuss - Vorsitzende*r, Laborleiter*in — Informatik und Wirtschaft - Frauenstudiengang (B) (source https://www.htw-berlin.de/hochschule/personen/person/?eid=8069). RESEARCH GROUP/LAB: listed under Industrielle Produktion (Forschungscluster) on https://www.htw-berlin.de/hochschule/personen/person/?eid=8069. Research-output counters on the same page: Projekte (7) | Publikationen (26) | Vorträge / Veranstaltungen (4) | Preise / Auszeichnungen (1). Schwerpunkte (verbatim): Programmierung, Webtechnologien, Softwareengineering, Datenbanken. Other stated functions: Laborleiter*in, Praktikumsbeauftragte*r, Prüfungsausschuss - Vorsitzende*r. Also listed as staff of the degree programmes/units: Informatik und Wirtschaft - Frauenstudiengang (B). Campus stated: Campus Wilhelminenhof (both HTW campuses are in Berlin). Source of professorship: HTW Professor_innenprofile-Katalog."
Darius Friedemann,Prof. Dr.-Ing. Darius Friedemann,"Hochschullehrer*in; Lehr- und Forschungsgebiet: Fahrzeugsicherheit, Unfallforschung, Gesamtfahrzeugsimulation; Fachbereich 2: Ingenieurwissenschaften - Technik und Leben; Hochschule für Technik und Wirtschaft Berlin (HTW Berlin)",,https://friedemann.f2.htw-berlin.de/,https://www.htw-berlin.de/hochschule/personen/person/?eid=11343,"No research group, lab, Forschungscluster or Forschungsschwerpunkt leadership stated on https://www.htw-berlin.de/hochschule/personen/person/?eid=11343. Research-output counters on the same page: Projekte (2) | Publikationen (24) | Vorträge / Veranstaltungen (18) | Betreute Promotionen (2) | Begutachtungen (1) | Mitgliedschaften (3). Schwerpunkte (verbatim): - Sicherheit von Feuerwehrfahrzeugen und Rettungskräften -Mitglied im Ausschuss Fahrzeugtechnik des Deutschen Verkehrssicherheitsrates - Arbeitskreisleiter Fahrzeugtechnik des VDI Bezirksverbands Berlin Brandenburg - Mitglied der ""Motor Vehicles Working Group"" -> Expertengruppe, welche die EU Kommission bei der Erstellung von Legislativvorschlägen in Bezug auf Kraftfahrzeuge berät - Erforschung von simulatorischen Möglichkeiten der Entwicklung von Kraftfahrzeugen und Kraftfahrzeugkomponenten - Verkehrssicherheit - Fahrzeugdynamik - Schwingungen. Other stated functions: Fachbereichsrat - Mitglied, Studiengangssprecher*in. Also listed as staff of the degree programmes/units: FB2 Fachbereichsrat; Fahrzeugtechnik (B); Fahrzeugtechnik (M); Future Automotive Technology (M). Campus stated: Campus Wilhelminenhof (both HTW campuses are in Berlin). Source of professorship: HTW Professor_innenprofile-Katalog."
Frank Fuchs-Kittowski,Prof. Dr.-Ing. Frank Fuchs-Kittowski,Hochschullehrer*in; Lehr- und Forschungsgebiet: Umweltinformatik; Fachbereich 2: Ingenieurwissenschaften - Technik und Leben; Hochschule für Technik und Wirtschaft Berlin (HTW Berlin),,,https://www.htw-berlin.de/hochschule/personen/person/?eid=3588,"RESEARCH GROUP/LAB: listed under Gesundheit (Forschungscluster) | Industrielle Produktion (Forschungscluster) | Softwaresysteme und Informatikmethoden für eine nachhaltige Entwicklung (Forschungscluster) | Sustainable Smart Cities (Forschungscluster) on https://www.htw-berlin.de/hochschule/personen/person/?eid=3588. Research-output counters on the same page: Projekte (22) | Publikationen (253) | Vorträge / Veranstaltungen (146) | Betreute Promotionen (1) | Preise / Auszeichnungen (1) | Begutachtungen (11) | Mitgliedschaften (2). Schwerpunkte (verbatim): Mobile Anwendungen (mit Sensing, Tasking und Augmented Reality), Maschinelles Lernen (Umweltdaten, AutoML, XAI), Kollaborationssysteme (für Wissensarbeit, Crowdsourcing, Citizen Science etc.), Diverse Anwendungen (für Umweltschutz, Smart Cities, Energiewende, Gesundheit, Katastrophenmanagement etc.). Other stated functions: Akademischer Senat - Mitglied, Praktikumsbeauftragte*r. Also listed as staff of the degree programmes/units: Betriebliche Umweltinformatik (M); Gremium; Informatik in Ingenieurwissenschaften (M); Umweltinformatik (B). Campus stated: Campus Wilhelminenhof (both HTW campuses are in Berlin). Source of professorship: HTW Professor_innenprofile-Katalog."
Matthias Führer,Prof. Dr.-Ing. Matthias Führer,Hochschullehrer*in; Lehr- und Forschungsgebiet: Konstruktion und Antriebstechnik; Fachbereich 2: Ingenieurwissenschaften - Technik und Leben; Hochschule für Technik und Wirtschaft Berlin (HTW Berlin),,,https://www.htw-berlin.de/hochschule/personen/person/?eid=12496,"No research group, lab, Forschungscluster or Forschungsschwerpunkt leadership stated on https://www.htw-berlin.de/hochschule/personen/person/?eid=12496. Research-output counters on the same page: Projekte (2). Schwerpunkte (verbatim): Konstruktionslehre, Maschinenelemente, CAD (PTC Creo Parametric), Technische Darstellung, Antriebs- und Fördertechnik, Virtuelle Produktentwicklung, Konstruktionsbegleitende Simulation und Berechnung. Other stated functions: Prüfungsausschuss - Mitglied, Prüfungsausschuss - Vorsitzende*r. Also listed as staff of the degree programmes/units: Fahrzeugtechnik (B); Fahrzeugtechnik (M); Future Automotive Technology (M); Maschinenbau (B); Maschinenbau (B) FW; Maschinenbau (M). Campus stated: Campus Wilhelminenhof (both HTW campuses are in Berlin). Source of professorship: HTW Professor_innenprofile-Katalog."
Luis De León Garcia,Prof. Dr.-Ing. Luis De León Garcia,Hochschullehrer*in; Lehr- und Forschungsgebiet: Fertigungsmesstechnik und Qualitätsmanagement; Fachbereich 2: Ingenieurwissenschaften - Technik und Leben; Hochschule für Technik und Wirtschaft Berlin (HTW Berlin),,,https://www.htw-berlin.de/hochschule/personen/person/?eid=13517,"No research group, lab, Forschungscluster or Forschungsschwerpunkt leadership stated on https://www.htw-berlin.de/hochschule/personen/person/?eid=13517. Research-output counters on the same page: Vorträge / Veranstaltungen (1). Schwerpunkte (verbatim): Nachhaltige Prozessverbesserung, Quality Engineering, Process Management, Produktsicherheit, Produkthaftung, Zertifizierung, Akkreditierung. Other stated functions: Anrechnung von Prüfungsleistungen - Beauftragte*r, Studienfachberater*in. Also listed as staff of the degree programmes/units: Maschinenbau (B); Maschinenbau (B) FW; Maschinenbau (M). Campus stated: Campus Wilhelminenhof (both HTW campuses are in Berlin). Source of professorship: HTW Professor_innenprofile-Katalog."
Elke Genzel,Prof. Dr.-Ing. Elke Genzel,"Hochschullehrer*in; Lehr- und Forschungsgebiet: Baugeschichte – Historische Konstruktionen, Baukonstruktionen im Bestand; Fachbereich 2: Ingenieurwissenschaften - Technik und Leben; Hochschule für Technik und Wirtschaft Berlin (HTW Berlin)",,,https://www.htw-berlin.de/hochschule/personen/person/?eid=8376,"No research group, lab, Forschungscluster or Forschungsschwerpunkt leadership stated on https://www.htw-berlin.de/hochschule/personen/person/?eid=8376. Research-output counters on the same page: Publikationen (4) | Vorträge / Veranstaltungen (4). Other stated functions: Auswahlkommission - Mitglied. Also listed as staff of the degree programmes/units: Bauingenieurwesen (B); Bauingenieurwesen (M). Campus stated: Campus Wilhelminenhof (both HTW campuses are in Berlin). Source of professorship: HTW Professor_innenprofile-Katalog."
Fares Getzin,Prof. Dr. Fares Getzin,Hochschullehrer*in; Lehr- und Forschungsgebiet: Internes Rechnungswesen und Controlling; Fachbereich 3: Wirtschafts- und Rechtswissenschaften; Hochschule für Technik und Wirtschaft Berlin (HTW Berlin),,https://scheduler.zoom.us/fares-getzin/prof-getzin,https://www.htw-berlin.de/hochschule/personen/person/?eid=13963,"No research group, lab, Forschungscluster or Forschungsschwerpunkt leadership stated on https://www.htw-berlin.de/hochschule/personen/person/?eid=13963. Research-output counters on the same page: Projekte (4) | Publikationen (21) | Vorträge / Veranstaltungen (7) | Preise / Auszeichnungen (1) | Begutachtungen (2) | Mitgliedschaften (1). Schwerpunkte (verbatim): Sustainability Control Systems, Sustainability Risk Management, AI & Management Accounting. Other stated functions: Prodekan*in. Also listed as staff of the degree programmes/units: FB3 Dekanat; Finance, Accounting, Corporate Law and Taxation (M). Campus stated: Campus Treskowallee (both HTW campuses are in Berlin). Source of professorship: HTW Professor_innenprofile-Katalog."
Ambros Gleixner,Prof. Dr. Ambros Gleixner,"Hochschullehrer*in; Lehr- und Forschungsgebiet: Mathematische Optimierung, Operations Research, computerorientierte Mathematik; Fachbereich 4: Informatik, Kommunikation und Wirtschaft; Hochschule für Technik und Wirtschaft Berlin (HTW Berlin)",,,https://www.htw-berlin.de/hochschule/personen/person/?eid=12822,RESEARCH GROUP/LAB: listed under Klimagerechte Energieversorgungssysteme und energieeffiziente Gebäude (Forschungscluster) | Sustainable Smart Cities (Forschungscluster) on https://www.htw-berlin.de/hochschule/personen/person/?eid=12822. Research-output counters on the same page: Projekte (8) | Publikationen (62) | Vorträge / Veranstaltungen (20) | Betreute Promotionen (1) | Begutachtungen (4) | Mitgliedschaften (2). Other stated functions: Praktikumsbeauftragte*r. Also listed as staff of the degree programmes/units: Finanzdienstleistungen - Risikomanagement (M); Quantitative Finance and Data Science (M); Wirtschaftsmathematik (B). Campus stated: Campus Wilhelminenhof (both HTW campuses are in Berlin). Source of professorship: HTW Professor_innenprofile-Katalog.
Katrin Glinka,Prof. Dr. Katrin Glinka,"Hochschullehrer*in; Lehr- und Forschungsgebiet: Digitale soziotechnische Systeme im Museum, Wissensrepräsentation, Effekte standardisierter Museumsdokumentation, Dynamisierung und Pluralisierung von Wissensordnungen im Museum, gesellschaftliche, soziale und polititsche Rahmenbedingungen von Transformationen, kritische Museologie und Museumspraxis; Fachbereich 5: Gestaltung und Kultur; Hochschule für Technik und Wirtschaft Berlin (HTW Berlin)",,https://www.katringlinka.de/,https://www.htw-berlin.de/hochschule/personen/person/?eid=15052,"RESEARCH GROUP/LAB: HTW states lab leadership — Laborleiter*in — Museumsspezifische Medien (source https://www.htw-berlin.de/hochschule/personen/person/?eid=15052). Research-output counters on the same page: Publikationen (19) | Vorträge / Veranstaltungen (6) | Begutachtungen (2) | Mitgliedschaften (3). Schwerpunkte (verbatim): Digitale Museumsdokumentation und Transformationsmanagement. Other stated functions: Anrechnung von Prüfungsleistungen - Beauftragte*r, Laborleiter*in, Prüfungsausschuss - Vorsitzende*r. Also listed as staff of the degree programmes/units: Museologie (B); Museumsmanagement und -kommunikation (M); Museumsspezifische Medien. Campus stated: Campus Wilhelminenhof (both HTW campuses are in Berlin). Source of professorship: HTW Professor_innenprofile-Katalog."
Inka Gläser,Prof. Dr. Inka Gläser,"Hochschullehrer*in; Lehr- und Forschungsgebiet: Management, Allgemeine Betriebswirtschaftslehre; Fachbereich 4: Informatik, Kommunikation und Wirtschaft; Hochschule für Technik und Wirtschaft Berlin (HTW Berlin)",,,https://www.htw-berlin.de/hochschule/personen/person/?eid=8014,"No research group, lab, Forschungscluster or Forschungsschwerpunkt leadership stated on https://www.htw-berlin.de/hochschule/personen/person/?eid=8014. Schwerpunkte (verbatim): Sozial nachhaltiges Management Systemischer Coach. Also listed as staff of the degree programmes/units: Wirtschaftsingenieurwesen (B); Wirtschaftsingenieurwesen (B) FW; Zentrum für berufsbegleitendes und weiterbildendes Studium. Source of professorship: HTW Professor_innenprofile-Katalog."
Volker Gnann,Prof. Dr.-Ing. Volker Gnann,Hochschullehrer*in; Lehr- und Forschungsgebiet: Digitale Signalverarbeitung; Fachbereich 1: Ingenieurwissenschaften - Energie und Information; Hochschule für Technik und Wirtschaft Berlin (HTW Berlin),,,https://www.htw-berlin.de/hochschule/personen/person/?eid=13287,"No research group, lab, Forschungscluster or Forschungsschwerpunkt leadership stated on https://www.htw-berlin.de/hochschule/personen/person/?eid=13287. Other stated functions: Studiengangssprecher*in. Also listed as staff of the degree programmes/units: Computer Engineering (B); Computer Engineering (M). Campus stated: Campus Wilhelminenhof (both HTW campuses are in Berlin). Source of professorship: HTW Professor_innenprofile-Katalog."
Carsten Gottert,Prof. Dr. Carsten Gottert,"Hochschullehrer*in; Lehr- und Forschungsgebiet: Professor für Wirtschaftsinformatik mit dem Schwerpunkt ""Führungsaspekte in IT-Organisationen"" Modul- und Fachverantwortung für: - Führung von IT-Unternehmen - IV-Controlling / IT-Performancemanagement - Management von IV-Projekten - Projekte im Informationsmanagement - Unternehmens- und Personalmanagement - Consultingmethoden; Fachbereich 4: Informatik, Kommunikation und Wirtschaft; Hochschule für Technik und Wirtschaft Berlin (HTW Berlin)",,,https://www.htw-berlin.de/hochschule/personen/person/?eid=14917,"No research group, lab, Forschungscluster or Forschungsschwerpunkt leadership stated on https://www.htw-berlin.de/hochschule/personen/person/?eid=14917. Schwerpunkte (verbatim): - (IT-)Strategieentwicklung - Organisation und Führung - Digital Leadership - Organisation als System, Komplexität, Systemtheorie - Informationssicherheit - Servicemanagement - Projektmanagement. Other stated functions: Prüfungsausschuss - Mitglied. Also listed as staff of the degree programmes/units: Wirtschaftsinformatik (B); Wirtschaftsinformatik (M). Campus stated: Campus Treskowallee (both HTW campuses are in Berlin). Source of professorship: HTW Professor_innenprofile-Katalog."
Carsten Gremzow,Prof. Dr.-Ing. habil. Carsten Gremzow,Hochschullehrer*in; Lehr- und Forschungsgebiet: Entwurf digitaler Systeme; Fachbereich 1: Ingenieurwissenschaften - Energie und Information; Hochschule für Technik und Wirtschaft Berlin (HTW Berlin),,,https://www.htw-berlin.de/hochschule/personen/person/?eid=9532,"RESEARCH GROUP/LAB: HTW states lab leadership — Laborleiter*in — Computer System Engineering | Laborleiter*in — Computernetzwerke und verteilte Systeme (source https://www.htw-berlin.de/hochschule/personen/person/?eid=9532). Other stated functions: Auswahlkommission - Vorsitzende*r, Laborleiter*in. Also listed as staff of the degree programmes/units: Computer Engineering (B); Computer Engineering (M); Computer System Engineering; Computernetzwerke und verteilte Systeme. Campus stated: Campus Wilhelminenhof (both HTW campuses are in Berlin). Source of professorship: HTW Professor_innenprofile-Katalog."
Henning Große,Prof. Dr. Henning Große,Hochschullehrer*in; Fachbereich 2: Ingenieurwissenschaften - Technik und Leben; Hochschule für Technik und Wirtschaft Berlin (HTW Berlin),,,https://www.htw-berlin.de/hochschule/personen/person/?eid=14682,"No research group, lab, Forschungscluster or Forschungsschwerpunkt leadership stated on https://www.htw-berlin.de/hochschule/personen/person/?eid=14682. Research-output counters on the same page: Publikationen (5) | Begutachtungen (2) | Mitgliedschaften (1). Other stated functions: Anrechnung von Prüfungsleistungen - Beauftragte*r, Studienfachberater*in. Also listed as staff of the degree programmes/units: Construction and Real Estate Management (M); Workplace und Facility Engineering (B); Workspace Management und Real Estate Engineering (M). Campus stated: Campus Wilhelminenhof (both HTW campuses are in Berlin). Source of professorship: HTW Professor_innenprofile-Katalog."
Georg F. Gruber,Prof. Dr.-Ing. Georg F. Gruber,"Hochschullehrer*in; Lehr- und Forschungsgebiet: Finite Elemente, CAD; Fachbereich 2: Ingenieurwissenschaften - Technik und Leben; Hochschule für Technik und Wirtschaft Berlin (HTW Berlin)",,,https://www.htw-berlin.de/hochschule/personen/person/?eid=12595,"No research group, lab, Forschungscluster or Forschungsschwerpunkt leadership stated on https://www.htw-berlin.de/hochschule/personen/person/?eid=12595. Research-output counters on the same page: Projekte (2) | Publikationen (4) | Patente (1). Schwerpunkte (verbatim): FEM, Simulation, ANSYS, Moldflow, Kunststofftechnik, (Kurz-)Faserverstärkte Kunststoffe, Spritzgieß-Prozess/ -Simulation, CAD-Modellierung. Other stated functions: Auswahlkommission - Vorsitzende*r, Fachbereichsrat - Mitglied. Also listed as staff of the degree programmes/units: FB2 Fachbereichsrat; Maschinenbau (B); Maschinenbau (M). Campus stated: Campus Wilhelminenhof (both HTW campuses are in Berlin). Source of professorship: HTW Professor_innenprofile-Katalog."
Thomas Gräf,Prof. Dr.-Ing. Thomas Gräf,"Hochschullehrer*in; Lehr- und Forschungsgebiet: Elektrotechnik/Energietechnik, Elektrische Anlagentechnik; Fachbereich 1: Ingenieurwissenschaften - Energie und Information; Hochschule für Technik und Wirtschaft Berlin (HTW Berlin)",,https://www.htw-berlin.de/suche/?domain=www.htw-berlin.de&amp;query=gr%C3%A4f,https://www.htw-berlin.de/hochschule/personen/person/?eid=4361,"RESEARCH GROUP/LAB: HTW states lab leadership — Laborleiter*in — Elektrische Geräte und Anlagen | Laborleiter*in — Hochspannungstechnik / Betriebsmitteldiagnostik (source https://www.htw-berlin.de/hochschule/personen/person/?eid=4361). RESEARCH GROUP/LAB: listed under Klimagerechte Energieversorgungssysteme und energieeffiziente Gebäude (Forschungscluster) on https://www.htw-berlin.de/hochschule/personen/person/?eid=4361. Research-output counters on the same page: Projekte (6) | Publikationen (58) | Patente (32) | Vorträge / Veranstaltungen (62) | Betreute Promotionen (1). Schwerpunkte (verbatim): Elektrische Betriebsmittel, Modellbildung, Schaltanlagentechnik, Energieversorgung, Hochspannungs-/Hochstromtechnik, EMV, Isolationskoordination, Elektrische Netze - Netzberechnung, Netzschutz, Betriebsmitteldiagnostik, thermische Simulationen, Monitoring an Betriebsmitteln, Schadenanalytik. Other stated functions: Laborleiter*in. Also listed as staff of the degree programmes/units: Elektrische Geräte und Anlagen; Elektrotechnik (B); Elektrotechnik (M); Hochspannungstechnik / Betriebsmitteldiagnostik. Campus stated: Campus Wilhelminenhof (both HTW campuses are in Berlin). Source of professorship: HTW Professor_innenprofile-Katalog."
Philip Grützner,Prof. Dr.-Ing. Philip Grützner,Hochschullehrer*in; Lehr- und Forschungsgebiet: Maschinenbau Fachgebiet Fertigungstechnik; Fachbereich 2: Ingenieurwissenschaften - Technik und Leben; Hochschule für Technik und Wirtschaft Berlin (HTW Berlin),,,https://www.htw-berlin.de/hochschule/personen/person/?eid=11086,"No research group, lab, Forschungscluster or Forschungsschwerpunkt leadership stated on https://www.htw-berlin.de/hochschule/personen/person/?eid=11086. Research-output counters on the same page: Projekte (1). Schwerpunkte (verbatim): Füge-/Montagetechnik Umformtechnik. Also listed as staff of the degree programmes/units: Maschinenbau (B). Campus stated: Campus Wilhelminenhof (both HTW campuses are in Berlin). Source of professorship: HTW Professor_innenprofile-Katalog."
Robin Gubela,Prof. Dr. Robin Gubela,"Hochschullehrer*in; Lehr- und Forschungsgebiet: Betriebliche Anwendungen, Geschäftsprozesse, Künstliche Intelligenz; Fachbereich 3: Wirtschafts- und Rechtswissenschaften; Fachbereich 4: Informatik, Kommunikation und Wirtschaft; Hochschule für Technik und Wirtschaft Berlin (HTW Berlin)",,,https://www.htw-berlin.de/hochschule/personen/person/?eid=15012,"No research group, lab, Forschungscluster or Forschungsschwerpunkt leadership stated on https://www.htw-berlin.de/hochschule/personen/person/?eid=15012. Research-output counters on the same page: Publikationen (14) | Vorträge / Veranstaltungen (4) | Begutachtungen (2). Schwerpunkte (verbatim): ERP-Transformation, SAP S/4HANA, Business Process Management, Causal Machine Learning, Generative AI, Agentic AI, Consulting. Also listed as staff of the degree programmes/units: Betriebswirtschaftslehre (B); Wirtschaftsinformatik (B). Campus stated: Campus Treskowallee (both HTW campuses are in Berlin). Source of professorship: HTW Professor_innenprofile-Katalog."
Hendrik Gärtner,Prof. Dr.-Ing. Hendrik Gärtner,"Hochschullehrer*in; Lehr- und Forschungsgebiet: Datenbanken, Verteilte Systeme, Funktionale Programmierung, Data Science, Big Data; Fachbereich 4: Informatik, Kommunikation und Wirtschaft; Hochschule für Technik und Wirtschaft Berlin (HTW Berlin)",,http://puck2.f4.htw-berlin.de,https://www.htw-berlin.de/hochschule/personen/person/?eid=4503,"No research group, lab, Forschungscluster or Forschungsschwerpunkt leadership stated on https://www.htw-berlin.de/hochschule/personen/person/?eid=4503. Research-output counters on the same page: Publikationen (1). Other stated functions: Praktikumsbeauftragte*r, Prüfungsberater*in, Studienfachberater*in. Also listed as staff of the degree programmes/units: Angewandte Informatik (B); Angewandte Informatik (M). Campus stated: Campus Wilhelminenhof (both HTW campuses are in Berlin). Source of professorship: HTW Professor_innenprofile-Katalog."
Klaus-Jürgen Göttmann,Prof. Dr.-Ing. Klaus-Jürgen Göttmann,"Hochschullehrer*in; Lehr- und Forschungsgebiet: Informatik, Kommunikation und Wirtschaft, Wirtschaftsingenieurwesen; Fachbereich 4: Informatik, Kommunikation und Wirtschaft; Hochschule für Technik und Wirtschaft Berlin (HTW Berlin)",,https://www.htw-berlin.de/hochschule/personen/person/?eid=4469,https://www.htw-berlin.de/hochschule/personen/person/?eid=4469,"No research group, lab, Forschungscluster or Forschungsschwerpunkt leadership stated on https://www.htw-berlin.de/hochschule/personen/person/?eid=4469. Research-output counters on the same page: Projekte (1). Schwerpunkte (verbatim): Fachbereich 4, Studiengang Wirtschaftsingenieurwesen: Arbeitsplanung, Produktion/Logistik, Prozessgestaltung, Product-Life-Cycle Management. Other stated functions: Auswahlkommission - Mitglied, Prüfungsausschuss - Mitglied. Also listed as staff of the degree programmes/units: Wirtschaftsingenieurwesen (B); Wirtschaftsingenieurwesen (M). Campus stated: Campus Wilhelminenhof (both HTW campuses are in Berlin). Source of professorship: HTW Professor_innenprofile-Katalog."
Sebastian Götz,Prof. Dr.-Ing. Sebastian Götz,"Hochschullehrer*in; Lehr- und Forschungsgebiet: Technische Mechanik, Betriebsfestigkeit, Finite Elemente, Maschinendynamik; Fachbereich 2: Ingenieurwissenschaften - Technik und Leben; Hochschule für Technik und Wirtschaft Berlin (HTW Berlin)",,https://htwb.de/goetz,https://www.htw-berlin.de/hochschule/personen/person/?eid=10974,"No research group, lab, Forschungscluster or Forschungsschwerpunkt leadership stated on https://www.htw-berlin.de/hochschule/personen/person/?eid=10974. Research-output counters on the same page: Projekte (5) | Publikationen (20) | Patente (1) | Betreute Promotionen (1) | Begutachtungen (4) | Mitgliedschaften (1). Schwerpunkte (verbatim): Festigkeitsberechnung, FEM, Simulation, ANSYS, Betriebsfestigkeit, Zuverlässigkeit und Sicherheit, FKM-Richtlinie, Schweißnahtauslegung, Bruchmechanik, Stahlbau, Ermüdungsfestigkeit von Sinterstahlbauteilen. Other stated functions: Dekan*in, Fachbereichsrat - Mitglied. Also listed as staff of the degree programmes/units: FB2 Dekanat; FB2 Fachbereichsrat; Maschinenbau (B); Maschinenbau (M). Campus stated: Campus Wilhelminenhof (both HTW campuses are in Berlin). Source of professorship: HTW Professor_innenprofile-Katalog."
Björn Hacker,Prof. Dr. Björn Hacker,"Hochschullehrer*in; Lehr- und Forschungsgebiet: Volkswirtschaftslehre, Politikwissenschaft, Europäische Integration, Wirtschaftspolitik; Fachbereich 3: Wirtschafts- und Rechtswissenschaften; Hochschule für Technik und Wirtschaft Berlin (HTW Berlin)",,https://ewp.htw-berlin.de/personen/lehrende/prof-dr-bjoern-hacker/,https://www.htw-berlin.de/hochschule/personen/person/?eid=9297,"RESEARCH GROUP/LAB: listed under Money, Finance, Trade and Development (Forschungscluster) on https://www.htw-berlin.de/hochschule/personen/person/?eid=9297. Research-output counters on the same page: Projekte (5) | Publikationen (234) | Vorträge / Veranstaltungen (100) | Begutachtungen (1). Schwerpunkte (verbatim): Europäische Wirtschafts- und Währungsunion, ökonomische und politische Integrationsprozesse, Transformation von Wohlfahrtsstaaten, soziale Dimension der EU, Makroökonomie. Other stated functions: Auswahlkommission - Mitglied, Gemeinsame Kommission - Vorsitzende*r, Studienfachberater*in, Studiengangssprecher*in. Also listed as staff of the degree programmes/units: Europäische Wirtschaftspolitik (M); Wirtschaft und Politik (B). Campus stated: Campus Treskowallee (both HTW campuses are in Berlin). Source of professorship: HTW Professor_innenprofile-Katalog."
Ralf Hafner,Prof. Dr. Ralf Hafner,Hochschullehrer*in; Lehr- und Forschungsgebiet: Finance and Accounting; Fachbereich 3: Wirtschafts- und Rechtswissenschaften; Hochschule für Technik und Wirtschaft Berlin (HTW Berlin),,,https://www.htw-berlin.de/hochschule/personen/person/?eid=8987,"No research group, lab, Forschungscluster or Forschungsschwerpunkt leadership stated on https://www.htw-berlin.de/hochschule/personen/person/?eid=8987. Research-output counters on the same page: Projekte (1) | Publikationen (30). Schwerpunkte (verbatim): Ralf Hafner's research focuses on corporate finance, corporate valuation, and mergers and acquisitions. He has also published on the digitization of teaching. He is the author of several German and English books on corporate valuation. From 1986 to 1988 he was editor of the journal Betriebswirtschaftliche Forschung und Praxis (BFuP). Ralf Hafner is a member of the Working Group on Financing for Professors at Universities of Applied Science (Arbeitskreis Finanzierung der Professorinnen und Professoren an Hochschulen für Angewandte Wissenschaften). In his teaching, he focuses on imparting practi…. Campus stated: Campus Treskowallee (both HTW campuses are in Berlin). Source of professorship: HTW Professor_innenprofile-Katalog."
Nassrin Hajinejad,Prof. Dr.-Ing. Nassrin Hajinejad,"Hochschullehrer*in; Lehr- und Forschungsgebiet: Medieninformatik; Fachbereich 4: Informatik, Kommunikation und Wirtschaft; Hochschule für Technik und Wirtschaft Berlin (HTW Berlin)",,,https://www.htw-berlin.de/hochschule/personen/person/?eid=14533,"No research group, lab, Forschungscluster or Forschungsschwerpunkt leadership stated on https://www.htw-berlin.de/hochschule/personen/person/?eid=14533. Research-output counters on the same page: Projekte (1) | Publikationen (1). Schwerpunkte (verbatim): Human-Computer Interaction Human-AI Interaction Public IT Body-based interaction Transdisziplinäre Didaktik. Also listed as staff of the degree programmes/units: Internationale Medieninformatik (B); Internationale Medieninformatik (M). Campus stated: Campus Wilhelminenhof (both HTW campuses are in Berlin). Source of professorship: HTW Professor_innenprofile-Katalog."
Martin Heckelmann,Prof. Dr. Martin Heckelmann,"Hochschullehrer*in; Lehr- und Forschungsgebiet: Zivilrecht, Arbeitsrecht, Sozialrecht, Handelsrecht, Gesellschaftsrecht, Gesundheit, Pflege, Digitalisierung, Künstliche Intelligenz; Fachbereich 3: Wirtschafts- und Rechtswissenschaften; Hochschule für Technik und Wirtschaft Berlin (HTW Berlin)",,https://orcid.org/0000-0003-1696-6849,https://www.htw-berlin.de/hochschule/personen/person/?eid=13713,"RESEARCH GROUP/LAB: listed under Gesundheit (Forschungscluster) | Sustainable Smart Cities (Forschungscluster) on https://www.htw-berlin.de/hochschule/personen/person/?eid=13713. Research-output counters on the same page: Projekte (11) | Publikationen (69) | Vorträge / Veranstaltungen (65) | Preise / Auszeichnungen (2) | Mitgliedschaften (9). Schwerpunkte (verbatim): Künstliche Intelligenz, Deep Learning, Pflege. Also listed as staff of the degree programmes/units: Wirtschaftsrecht (B); Wirtschaftsrecht (M). Campus stated: Campus Treskowallee (both HTW campuses are in Berlin). Source of professorship: HTW Professor_innenprofile-Katalog."
Roland Heiler,Prof. Dr.-Ing. Roland Heiler,"Hochschullehrer*in; Lehr- und Forschungsgebiet: Fertigungstechnik, Produktionstechnik; Fachbereich 2: Ingenieurwissenschaften - Technik und Leben; Hochschule für Technik und Wirtschaft Berlin (HTW Berlin)",,,https://www.htw-berlin.de/hochschule/personen/person/?eid=4020,"No research group, lab, Forschungscluster or Forschungsschwerpunkt leadership stated on https://www.htw-berlin.de/hochschule/personen/person/?eid=4020. Research-output counters on the same page: Projekte (9) | Publikationen (31) | Vorträge / Veranstaltungen (62) | Mitgliedschaften (1). Schwerpunkte (verbatim): Zerspanungstechnik. Also listed as staff of the degree programmes/units: Maschinenbau (B); Maschinenbau (M). Campus stated: Campus Wilhelminenhof (both HTW campuses are in Berlin). Source of professorship: HTW Professor_innenprofile-Katalog."
Holger Hemling,Prof. Dr. rer. nat. Holger Hemling,"Hochschullehrer*in; Lehr- und Forschungsgebiet: Wirtschaftsinformatik, Kommunikationstechnologien, Enterprise Content Management; Fachbereich 4: Informatik, Kommunikation und Wirtschaft; Hochschule für Technik und Wirtschaft Berlin (HTW Berlin)",,,https://www.htw-berlin.de/hochschule/personen/person/?eid=1418,"No research group, lab, Forschungscluster or Forschungsschwerpunkt leadership stated on https://www.htw-berlin.de/hochschule/personen/person/?eid=1418. Research-output counters on the same page: Publikationen (7). Schwerpunkte (verbatim): Enterprise Content Management, Dokumenten Management, elektr. Archivierung, Business Process Management, Workflow, Unternehmensberatung. Other stated functions: Prüfungsausschuss - Mitglied, Prüfungsausschuss - Vorsitzende*r. Also listed as staff of the degree programmes/units: Wirtschaftsinformatik (B); Wirtschaftsinformatik (M). Campus stated: Campus Treskowallee (both HTW campuses are in Berlin). Source of professorship: HTW Professor_innenprofile-Katalog."
Thomas Henschel,Prof. Dr. Thomas Henschel,Hochschullehrer*in; Lehr- und Forschungsgebiet: Internes Rechnungswesen; Fachbereich 3: Wirtschafts- und Rechtswissenschaften; Hochschule für Technik und Wirtschaft Berlin (HTW Berlin),,https://errn.ue.katowice.pl/committee/,https://www.htw-berlin.de/hochschule/personen/person/?eid=8364,"RESEARCH GROUP/LAB: listed under Money, Finance, Trade and Development (Forschungscluster) on https://www.htw-berlin.de/hochschule/personen/person/?eid=8364. Research-output counters on the same page: Projekte (13) | Publikationen (126) | Vorträge / Veranstaltungen (49) | Betreute Promotionen (2) | Preise / Auszeichnungen (2) | Begutachtungen (13) | Mitgliedschaften (3). Schwerpunkte (verbatim): Risikomanagement, Krisenmanagement, Resilienz, Unternehmensplanung, Corporate Governance. Also listed as staff of the degree programmes/units: Betriebswirtschaftslehre (B); Betriebswirtschaftslehre (B) FW; Finance, Accounting, Corporate Law and Taxation (M); Zentrum für berufsbegleitendes und weiterbildendes Studium. Campus stated: Campus Treskowallee (both HTW campuses are in Berlin). Source of professorship: HTW Professor_innenprofile-Katalog."
Daniela Hensel,Prof. Daniela Hensel,"Hochschullehrer*in; Lehr- und Forschungsgebiet: Service Design, Public Design, Brand Design; Fachbereich 5: Gestaltung und Kultur; Hochschule für Technik und Wirtschaft Berlin (HTW Berlin)",,,https://www.htw-berlin.de/hochschule/personen/person/?eid=3601,"RESEARCH GROUP/LAB: listed under Sustainable Smart Cities (Forschungscluster) on https://www.htw-berlin.de/hochschule/personen/person/?eid=3601. Research-output counters on the same page: Projekte (11) | Publikationen (20) | Vorträge / Veranstaltungen (55) | Preise / Auszeichnungen (1) | Begutachtungen (2). Other stated functions: Auswahlkommission - Mitglied, Auswahlkommission - Vorsitzende*r, Praktikumsbeauftragte*r, Prüfungsausschuss - Mitglied, Prüfungsausschuss - Stellvertretende*r Vorsitzende*r, Studienfachberater*in. Also listed as staff of the degree programmes/units: Kommunikationsdesign (B); Public Design (M). Campus stated: Campus Wilhelminenhof (both HTW campuses are in Berlin). Source of professorship: HTW Professor_innenprofile-Katalog."
Claudia Hentschel,Prof. Dr.-Ing. Claudia Hentschel,"Hochschullehrer*in; Lehr- und Forschungsgebiet: Innovations- und Technologiemanagement, Produktionsmanagement; Fachbereich 3: Wirtschafts- und Rechtswissenschaften; Hochschule für Technik und Wirtschaft Berlin (HTW Berlin)",,https://www.webofscience.com/wos/author/record/3677423,https://www.htw-berlin.de/hochschule/personen/person/?eid=386,"No research group, lab, Forschungscluster or Forschungsschwerpunkt leadership stated on https://www.htw-berlin.de/hochschule/personen/person/?eid=386. Research-output counters on the same page: Projekte (27) | Publikationen (94) | Vorträge / Veranstaltungen (203) | Betreute Promotionen (1) | Preise / Auszeichnungen (3) | Begutachtungen (2) | Mitgliedschaften (9). Schwerpunkte (verbatim): Smart Innovation by Computer Aided Invention (CAI) mit folgenden Vertiefungen in Lehre, Forschung, Veröffentlichung sowie Betreuung von Abschlussarbeiten: - Systematic Innovation (SI), Structured Invention Tools, spez. KI-unterstütze Invention und Produktentwicklung Patent Data Based Invention. Strukturiertes Problemlösen, spez. Theorie des erfinderischen Problemlösens (TRIZ), ""Gamification"" von Invention, Innovation, Produktentwicklung und -herstellung Potenziale neuer Technologien für die Industrie. - Biomimikry, Werkzeuge der Bionik sowie analogiebasierten Lösungsfindung und Technologiekonv…. Other stated functions: Auswahlkommission - Vorsitzende*r, Prüfungsausschuss - Vorsitzende*r. Also listed as staff of the degree programmes/units: Betriebswirtschaftslehre (B); Industrial Sales and Innovation Management (M). Campus stated: Campus Treskowallee (both HTW campuses are in Berlin). Source of professorship: HTW Professor_innenprofile-Katalog."
Steffen Herm,Prof. Dr. Steffen Herm,Hochschullehrer*in; Lehr- und Forschungsgebiet: Marketing; Fachbereich 3: Wirtschafts- und Rechtswissenschaften; Hochschule für Technik und Wirtschaft Berlin (HTW Berlin),,,https://www.htw-berlin.de/hochschule/personen/person/?eid=8787,"No research group, lab, Forschungscluster or Forschungsschwerpunkt leadership stated on https://www.htw-berlin.de/hochschule/personen/person/?eid=8787. Research-output counters on the same page: Projekte (2) | Publikationen (53) | Vorträge / Veranstaltungen (6) | Betreute Promotionen (3). Schwerpunkte (verbatim): Marketing für Konsumgüter, Markenmanagement, Produktdesign, Forschungsmethoden, Marktforschung. Other stated functions: Studienfachberater*in, Studiengangssprecher*in. Also listed as staff of the degree programmes/units: Betriebswirtschaftslehre (B); Betriebswirtschaftslehre (B) FW; Zentrum für berufsbegleitendes und weiterbildendes Studium. Campus stated: Campus Treskowallee (both HTW campuses are in Berlin). Source of professorship: HTW Professor_innenprofile-Katalog."
Christian Herta,Prof. Dr. Christian Herta,"Hochschullehrer*in; Lehr- und Forschungsgebiet: Machine Learning, Cyber-physical Systems, Linux, Algorithmen und Datenstrukturen; Fachbereich 4: Informatik, Kommunikation und Wirtschaft; Hochschule für Technik und Wirtschaft Berlin (HTW Berlin)",,http://christianherta.de,https://www.htw-berlin.de/hochschule/personen/person/?eid=2605,"No research group, lab, Forschungscluster or Forschungsschwerpunkt leadership stated on https://www.htw-berlin.de/hochschule/personen/person/?eid=2605. Research-output counters on the same page: Projekte (5) | Publikationen (24) | Vorträge / Veranstaltungen (8). Other stated functions: Auswahlkommission - Mitglied. Also listed as staff of the degree programmes/units: Angewandte Informatik (B); Angewandte Informatik (M). Campus stated: Campus Wilhelminenhof (both HTW campuses are in Berlin). Source of professorship: HTW Professor_innenprofile-Katalog."
Stefan Herter,Prof. Dr.-Ing. Stefan Herter,Hochschullehrer*in; Fachbereich 2: Ingenieurwissenschaften - Technik und Leben; Hochschule für Technik und Wirtschaft Berlin (HTW Berlin),,,https://www.htw-berlin.de/hochschule/personen/person/?eid=14181,"No research group, lab, Forschungscluster or Forschungsschwerpunkt leadership stated on https://www.htw-berlin.de/hochschule/personen/person/?eid=14181. Also listed as staff of the degree programmes/units: Maschinenbau (B); Maschinenbau (B) FW; Zentrum für berufsbegleitendes und weiterbildendes Studium. Campus stated: Campus Wilhelminenhof (both HTW campuses are in Berlin). Source of professorship: HTW Professor_innenprofile-Katalog."
Andreas Heuer,Prof. Dr.-Ing. Andreas Heuer,Hochschullehrer*in; Lehr- und Forschungsgebiet: Konstruktiver Ingenieurbau; Fachbereich 2: Ingenieurwissenschaften - Technik und Leben; Hochschule für Technik und Wirtschaft Berlin (HTW Berlin),,,https://www.htw-berlin.de/hochschule/personen/person/?eid=3961,"No research group, lab, Forschungscluster or Forschungsschwerpunkt leadership stated on https://www.htw-berlin.de/hochschule/personen/person/?eid=3961. Research-output counters on the same page: Projekte (9). Schwerpunkte (verbatim): Brückenbau, Verbundbau, Stahlbetonbau, Mauerwerksbau, Flächentragwerke. Also listed as staff of the degree programmes/units: Bauingenieurwesen (B); Bauingenieurwesen (M). Campus stated: Campus Wilhelminenhof (both HTW campuses are in Berlin). Source of professorship: HTW Professor_innenprofile-Katalog."
Dietmar Hillebrand,Prof. Dr. Dietmar Hillebrand,"Hochschullehrer*in; Lehr- und Forschungsgebiet: Mathematik; Fachbereich 4: Informatik, Kommunikation und Wirtschaft; Hochschule für Technik und Wirtschaft Berlin (HTW Berlin)",,,https://www.htw-berlin.de/hochschule/personen/person/?eid=4214,"RESEARCH GROUP/LAB: listed under Money, Finance, Trade and Development (Forschungscluster) on https://www.htw-berlin.de/hochschule/personen/person/?eid=4214. Research-output counters on the same page: Publikationen (25) | Vorträge / Veranstaltungen (4). Schwerpunkte (verbatim): Quantitative Finance, Asset Management. Other stated functions: Auswahlkommission - Vorsitzende*r, Prüfungsausschuss - Mitglied. Also listed as staff of the degree programmes/units: Finanzdienstleistungen - Risikomanagement (M); Finanzmathematik, Aktuarwissenschaften und Risikomanagement (M); Quantitative Finance and Data Science (M); Wirtschaftsmathematik (B). Campus stated: Campus Wilhelminenhof (both HTW campuses are in Berlin). Source of professorship: HTW Professor_innenprofile-Katalog."
Axel Hochstein,Prof. Dr. Axel Hochstein,"Hochschullehrer*in; Lehr- und Forschungsgebiet: Data Science, Künstliche Intelligenz; Fachbereich 4: Informatik, Kommunikation und Wirtschaft; Hochschule für Technik und Wirtschaft Berlin (HTW Berlin)",,,https://www.htw-berlin.de/hochschule/personen/person/?eid=10628,"No research group, lab, Forschungscluster or Forschungsschwerpunkt leadership stated on https://www.htw-berlin.de/hochschule/personen/person/?eid=10628. Research-output counters on the same page: Projekte (2). Schwerpunkte (verbatim): Machine Learning, Künstliche Neuronale Netze, Zeitreihenanalysen, NLP, Sprachmodellierung. Other stated functions: Fachbereichsrat - Mitglied. Also listed as staff of the degree programmes/units: FB4 Fachbereichsrat; Wirtschaftsinformatik (B); Wirtschaftsinformatik (M). Campus stated: Campus Treskowallee (both HTW campuses are in Berlin). Source of professorship: HTW Professor_innenprofile-Katalog."
Antje Hoffmann,Prof. Dr. Antje Hoffmann,"Hochschullehrer*in; Lehr- und Forschungsgebiet: Betriebswirtschaftslehre, Logistik, International Management, Marketing, Innovationsmanagement und -kommunikation; Fachbereich 4: Informatik, Kommunikation und Wirtschaft; Hochschule für Technik und Wirtschaft Berlin (HTW Berlin)",,,https://www.htw-berlin.de/hochschule/personen/person/?eid=4297,"No research group, lab, Forschungscluster or Forschungsschwerpunkt leadership stated on https://www.htw-berlin.de/hochschule/personen/person/?eid=4297. Schwerpunkte (verbatim): Strategic Consulting, Operations and Logistics, Marketing, Pricing, Innovation. Other stated functions: Praktikumsbeauftragte*r, Prüfungsberater*in, Studienfachberater*in. Also listed as staff of the degree programmes/units: Wirtschaftskommunikation (B); Wirtschaftskommunikation (M). Campus stated: Campus Wilhelminenhof (both HTW campuses are in Berlin). Source of professorship: HTW Professor_innenprofile-Katalog."
Ullrich Hoppe,Prof. Dr.-Ing. Ullrich Hoppe,Hochschullehrer*in; Lehr- und Forschungsgebiet: Fahrdynamik und Simulation; Fachbereich 2: Ingenieurwissenschaften - Technik und Leben; Hochschule für Technik und Wirtschaft Berlin (HTW Berlin),,,https://www.htw-berlin.de/hochschule/personen/person/?eid=2611,"No research group, lab, Forschungscluster or Forschungsschwerpunkt leadership stated on https://www.htw-berlin.de/hochschule/personen/person/?eid=2611. Research-output counters on the same page: Projekte (2) | Publikationen (1) | Vorträge / Veranstaltungen (3). Schwerpunkte (verbatim): Simulation, MKS, MATLAB, FEM, Fahrdynamik, Schwingungstechnik, Konstruktionslehre, Elastomertechnik Schienenfahrzeugtechnik. Also listed as staff of the degree programmes/units: Fahrzeugtechnik (B); Fahrzeugtechnik (M). Campus stated: Campus Wilhelminenhof (both HTW campuses are in Berlin). Source of professorship: HTW Professor_innenprofile-Katalog."
Hans Henning von Horsten,Prof. Dr. rer. nat. Hans Henning von Horsten,"Hochschullehrer*in; Lehr- und Forschungsgebiet: Industrielle Produktionsverfahren, Bioprozesstechnik, Prozesshygiene, Aufarbeitungstechnik, Zellkulturtechnik, Qualitätsmanagement, GMP, Produktionsmanagement; Fachbereich 2: Ingenieurwissenschaften - Technik und Leben; Hochschule für Technik und Wirtschaft Berlin (HTW Berlin)",,,https://www.htw-berlin.de/hochschule/personen/person/?eid=8155,"RESEARCH GROUP/LAB: listed under Gesundheit (Forschungscluster) on https://www.htw-berlin.de/hochschule/personen/person/?eid=8155. Research-output counters on the same page: Projekte (6) | Publikationen (33) | Patente (10) | Vorträge / Veranstaltungen (15) | Begutachtungen (4). Schwerpunkte (verbatim): Pharmazeutische Biotechnologie, Zelllinien- und Prozessentwicklung, Kohlehydrat- und Proteinchemie. Other stated functions: Auswahlkommission - Mitglied, BAföG - Beauftragte*r, Prüfungsausschuss - Stellvertretende*r Vorsitzende*r. Also listed as staff of the degree programmes/units: Betriebliche Umweltinformatik (M); Ingenieurinformatik (B); Life Science Engineering (B); Life Science Engineering (M); Life Science Management (M) PG; Umweltinformatik (B). Campus stated: Campus Wilhelminenhof (both HTW campuses are in Berlin). Source of professorship: HTW Professor_innenprofile-Katalog."
Borislav Hristov,Prof. Dr.-Ing. Borislav Hristov,"Hochschullehrer*in; Lehr- und Forschungsgebiet: Straßen- und Verkehrswesen, Vermessungskunde Road and Transportation Engineering and Geodesy; Fachbereich 2: Ingenieurwissenschaften - Technik und Leben; Hochschule für Technik und Wirtschaft Berlin (HTW Berlin)",,https://www.reguvis.de/bautechnik-und-baubetrieb/schneider-bautabellen/herausgeber-und-autoren/prof-dr-ing-borislav-hristov.html,https://www.htw-berlin.de/hochschule/personen/person/?eid=11034,"RESEARCH GROUP/LAB: listed under Sustainable Smart Cities (Forschungscluster) on https://www.htw-berlin.de/hochschule/personen/person/?eid=11034. Research-output counters on the same page: Projekte (21) | Publikationen (45) | Patente (1) | Vorträge / Veranstaltungen (74) | Betreute Promotionen (1) | Preise / Auszeichnungen (1) | Begutachtungen (10) | Mitgliedschaften (14). Schwerpunkte (verbatim): Planung und Entwurf von Innerorts- und Außerortsstraßen, Entwurf von plangleichen und planfreien Knotenpunkten; Urbane Mobilität; Untersuchung des Blick- und Fahrverhaltens sowie der physiologischen Reaktionen von verletzlichen Verkehrsteilnehmer_innen und Kraftfahrer_innen im Feld und im Fahrsimulator (Human Factors); Wahrnehmung von Verkehrszeichen und Markierungen bei Helligkeit und Dunkelheit; Orientierungssichtweite; ""Intelligente"" Straßen und intelligentes Warnlichtsystem für Fußgängerüberwege (Zebrastreifen); Verkehrssicherheit; Straßenbau und -erhaltung; Dimensionierung von Straßenbefe…. Also listed as staff of the degree programmes/units: Bauingenieurwesen (B); Bauingenieurwesen (M). Campus stated: Campus Wilhelminenhof (both HTW campuses are in Berlin). Source of professorship: HTW Professor_innenprofile-Katalog."
Jürgen Huber,Prof. Jürgen Huber,Hochschullehrer*in; Lehr- und Forschungsgebiet: Kommunikationsdesign; Fachbereich 5: Gestaltung und Kultur; Hochschule für Technik und Wirtschaft Berlin (HTW Berlin),,,https://www.htw-berlin.de/hochschule/personen/person/?eid=2155,"RESEARCH GROUP/LAB: HTW states lab leadership — Laborleiter*in — Analoges und digitales Druckstudio | Laborleiter*in — Buchbinderei / Präsentationstechnik | Hochschullehrer*in, Anrechnung von Prüfungsleistungen - Beauftragte*r, Prüfungsausschuss - Mitglied, Laborleiter*in, Studienfachberater*in — Kommunikationsdesign (B) (source https://www.htw-berlin.de/hochschule/personen/person/?eid=2155). Research-output counters on the same page: Projekte (4) | Publikationen (6) | Vorträge / Veranstaltungen (7). Schwerpunkte (verbatim): 2D-Design, Typografie. Other stated functions: Anrechnung von Prüfungsleistungen - Beauftragte*r, Laborleiter*in, Prüfungsausschuss - Mitglied, Studienfachberater*in. Also listed as staff of the degree programmes/units: Analoges und digitales Druckstudio; Buchbinderei / Präsentationstechnik; Kommunikationsdesign (B). Source of professorship: HTW Professor_innenprofile-Katalog."
Alexander Huhn,Prof. Dr. Alexander Huhn,"Hochschullehrer*in; Lehr- und Forschungsgebiet: Angewandte Informatik; Fachbereich 4: Informatik, Kommunikation und Wirtschaft; Hochschule für Technik und Wirtschaft Berlin (HTW Berlin)",,,https://www.htw-berlin.de/hochschule/personen/person/?eid=3534,"RESEARCH GROUP/LAB: HTW states lab leadership — Laborleiter*in — FB4 Labor NTSW (source https://www.htw-berlin.de/hochschule/personen/person/?eid=3534). Research-output counters on the same page: Projekte (4) | Publikationen (9) | Vorträge / Veranstaltungen (7) | Begutachtungen (1). Schwerpunkte (verbatim): Drahtlose Netzwerke Mobile Applikationen Hardwarenahe Programmierung Internet of Things Smart City. Other stated functions: Laborleiter*in, Prüfungsausschuss - Mitglied. Also listed as staff of the degree programmes/units: Angewandte Informatik (B); Angewandte Informatik (M); FB4 Labor NTSW; Professional IT Business and Digitalization (M) FW. Campus stated: Campus Wilhelminenhof (both HTW campuses are in Berlin). Source of professorship: HTW Professor_innenprofile-Katalog."
Sami Hussein,Prof. Dr.-Ing. Sami Hussein,"Hochschullehrer*in; Lehr- und Forschungsgebiet: Embedded Systems Design, Mikrocontroller und Embedded Software Design, Robotik; Fachbereich 1: Ingenieurwissenschaften - Energie und Information; Hochschule für Technik und Wirtschaft Berlin (HTW Berlin)",,,https://www.htw-berlin.de/hochschule/personen/person/?eid=14246,"RESEARCH GROUP/LAB: HTW states lab leadership — Laborleiter*in — Informationstechnik | Laborleiter*in — Labore (source https://www.htw-berlin.de/hochschule/personen/person/?eid=14246). Schwerpunkte (verbatim): Low-Level Software-Design für Mikrocontroller und Embedded Systems, Embedded Echtzeitbetriebssysteme und Echtzeitdatenverarbeitung, Mensch-Roboter-Interaktion für kollaborative Robotersysteme. Other stated functions: Auswahlkommission - Vorsitzende*r, Laborleiter*in. Also listed as staff of the degree programmes/units: Informations- und Kommunikationstechnik (B); Informations- und Kommunikationstechnik (M); Informationstechnik; Labore. Campus stated: Campus Wilhelminenhof (both HTW campuses are in Berlin). Source of professorship: HTW Professor_innenprofile-Katalog."
Heike Marita Hölzner,Prof. Dr. Heike Marita Hölzner,Hochschullehrer*in; Lehr- und Forschungsgebiet: Entrepreneurship und Mittelstandsmanagement; Fachbereich 3: Wirtschafts- und Rechtswissenschaften; Hochschule für Technik und Wirtschaft Berlin (HTW Berlin),,https://entrepreneurship.htw-berlin.de,https://www.htw-berlin.de/hochschule/personen/person/?eid=11342,"No research group, lab, Forschungscluster or Forschungsschwerpunkt leadership stated on https://www.htw-berlin.de/hochschule/personen/person/?eid=11342. Research-output counters on the same page: Projekte (8) | Publikationen (42) | Vorträge / Veranstaltungen (62) | Preise / Auszeichnungen (3) | Mitgliedschaften (3). Schwerpunkte (verbatim): Ideen- und Geschäftsmodellentwicklung, Gründungsmanagement, Gründungsfinanzierung, Deep Tech, Digitalisierung und Digitale Transformation, Digitale Bildung. Campus stated: Campus Treskowallee (both HTW campuses are in Berlin). Source of professorship: HTW Professor_innenprofile-Katalog."
Heiko Hübert,Prof. Dr.-Ing. Heiko Hübert,"Hochschullehrer*in; Lehr- und Forschungsgebiet: Eingebettete Systeme und System-on-Chips, Eingebettete Systeme der Gesundheitstechnik, Digitalelektronik, Mikrocomputertechnik, Gesundheitselektronik, Robotik/AI; Fachbereich 1: Ingenieurwissenschaften - Energie und Information; Hochschule für Technik und Wirtschaft Berlin (HTW Berlin)",,,https://www.htw-berlin.de/hochschule/personen/person/?eid=9695,"RESEARCH GROUP/LAB: HTW states lab leadership — Laborleiter*in — Digitale Systemkomponenten | Laborleiter*in — Labore (source https://www.htw-berlin.de/hochschule/personen/person/?eid=9695). RESEARCH GROUP/LAB: listed under Gesundheit (Forschungscluster) on https://www.htw-berlin.de/hochschule/personen/person/?eid=9695. Research-output counters on the same page: Publikationen (8) | Vorträge / Veranstaltungen (3). Schwerpunkte (verbatim): Hardware und Software Eingebettete Systeme, (Soziale) Robotik, Bild- und Videoverarbeitung, Computerarchitekturen, Profiling. Other stated functions: Laborleiter*in, Studiengangssprecher*in. Also listed as staff of the degree programmes/units: Digitale Systemkomponenten; Gesundheitselektronik (B); Labore. Campus stated: Campus Wilhelminenhof (both HTW campuses are in Berlin). Source of professorship: HTW Professor_innenprofile-Katalog."
Thomas Hücker,Prof. Dr.-Ing. Thomas Hücker,Hochschullehrer*in; Lehr- und Forschungsgebiet: Elektrotechnik; Fachbereich 1: Ingenieurwissenschaften - Energie und Information; Hochschule für Technik und Wirtschaft Berlin (HTW Berlin),,,https://www.htw-berlin.de/hochschule/personen/person/?eid=10160,RESEARCH GROUP/LAB: HTW states lab leadership — Laborleiter*in — Hochspannungstechnik / Betriebsmitteldiagnostik | Laborleiter*in — Labore (source https://www.htw-berlin.de/hochschule/personen/person/?eid=10160). Research-output counters on the same page: Projekte (8) | Publikationen (37) | Patente (5) | Vorträge / Veranstaltungen (1) | Betreute Promotionen (1) | Preise / Auszeichnungen (1) | Begutachtungen (1) | Mitgliedschaften (2). Schwerpunkte (verbatim): Hochspannungstechnik EMV Elektrische Anlagen und Netze Netzanbindung Erneuerbare Energien Projekt Business Skills. Other stated functions: Laborleiter*in. Also listed as staff of the degree programmes/units: Elektrotechnik (B); Elektrotechnik (M); Hochspannungstechnik / Betriebsmitteldiagnostik; Labore. Campus stated: Campus Wilhelminenhof (both HTW campuses are in Berlin). Source of professorship: HTW Professor_innenprofile-Katalog.
Andreas Ingerl,Prof. Andreas Ingerl,Hochschullehrer*in; Lehr- und Forschungsgebiet: Audiovisuelle Medien; Fachbereich 5: Gestaltung und Kultur; Hochschule für Technik und Wirtschaft Berlin (HTW Berlin),,http://http://http://www.ingerl.com https://kd.htw-berlin.de/,https://www.htw-berlin.de/hochschule/personen/person/?eid=4388,"RESEARCH GROUP/LAB: HTW states lab leadership — Laborleiter*in — Computerstudios Digitale Medien | Hochschullehrer*in, Laborleiter*in, Prüfungsausschuss - Vorsitzende*r, Auswahlkommission - Stellvertretende*r Vorsitzende*r, BAföG - Beauftragte*r — Kommunikationsdesign (B) (source https://www.htw-berlin.de/hochschule/personen/person/?eid=4388). RESEARCH GROUP/LAB: listed under Creative Technologies (Forschungscluster) on https://www.htw-berlin.de/hochschule/personen/person/?eid=4388. Research-output counters on the same page: Projekte (4) | Publikationen (22) | Patente (1) | Vorträge / Veranstaltungen (58) | Preise / Auszeichnungen (1). Schwerpunkte (verbatim): Creative Technologies, Künstliche Intelligenz, Emerging Technologies & Zukunftsforschung.. Other stated functions: Auswahlkommission - Stellvertretende*r Vorsitzende*r, BAföG - Beauftragte*r, Fachbereichsrat - Mitglied, Laborleiter*in, Prüfungsausschuss - Vorsitzende*r. Also listed as staff of the degree programmes/units: Computerstudios Digitale Medien; FB5 Fachbereichsrat; Kommunikationsdesign (B). Campus stated: Campus Wilhelminenhof (both HTW campuses are in Berlin). Source of professorship: HTW Professor_innenprofile-Katalog."
Johann Habakuk Israel,Prof. Dr.-Ing. Johann Habakuk Israel,"Hochschullehrer*in; Lehr- und Forschungsgebiet: Angewandte Informatik, Mensch-Maschine-Interaktion, Virtual Reality, Tangible User Interfaces, Skizzenbasiete Modellierung und Interaktion, Informationsvisualisierung; Fachbereich 4: Informatik, Kommunikation und Wirtschaft; Hochschule für Technik und Wirtschaft Berlin (HTW Berlin)",,http://www.johann-habakuk-israel.de,https://www.htw-berlin.de/hochschule/personen/person/?eid=4743,"RESEARCH GROUP/LAB: listed under Creative Technologies (Forschungscluster) on https://www.htw-berlin.de/hochschule/personen/person/?eid=4743. Research-output counters on the same page: Projekte (15) | Publikationen (47) | Vorträge / Veranstaltungen (31) | Begutachtungen (2) | Mitgliedschaften (3). Schwerpunkte (verbatim): Human Computer Interaction (HCI), Tangible Interaction (TUI, dt. Begreifbare Interaktion), Intuitive Use of User Interfaces (IUUI), Sketch-based Interfaces and Modelling (SBIM), Information Visualisation, 3D User Interfaces (3DUI), Virtual Reality, Mixed Reality (VR, MR), Transdisciplinary Research Zu diesen Schwerpunkten biete ich aktuell Forschungsprojekte (FSP, ICW) und Abschlussarbeiten (BA, MA) an. Bei Interesse melden Sie sich bitte per E-Mail.. Other stated functions: Auswahlkommission - Vorsitzende*r, Prüfungsausschuss - Mitglied, Prüfungsberater*in, Studienfachberater*in, Studiengangssprecher*in. Also listed as staff of the degree programmes/units: Angewandte Informatik (M); Informatik in Kultur und Gesundheit (B). Campus stated: Campus Wilhelminenhof (both HTW campuses are in Berlin). Source of professorship: HTW Professor_innenprofile-Katalog."
Michael Jaensch,Prof. Dr. Michael Jaensch,"Hochschullehrer*in; Lehr- und Forschungsgebiet: Europarecht, Gesellschaftsrecht, Privatrecht (internationales), Privatrecht (europäisches), Internationales Recht, Konzernrecht, Rechtsvergleichung, Wirtschaftsprivatrecht, Wirtschaftsrecht (ausländisches), Wirtschaftsrecht (europäisches), Wirtschaftsrecht (internationales), Zivilrecht, Zivilprozessrecht; Fachbereich 3: Wirtschafts- und Rechtswissenschaften; Hochschule für Technik und Wirtschaft Berlin (HTW Berlin)",,http://www.michaeljaensch.de,https://www.htw-berlin.de/hochschule/personen/person/?eid=437,"No research group, lab, Forschungscluster or Forschungsschwerpunkt leadership stated on https://www.htw-berlin.de/hochschule/personen/person/?eid=437. Research-output counters on the same page: Projekte (21) | Publikationen (127) | Vorträge / Veranstaltungen (95) | Preise / Auszeichnungen (1). Other stated functions: Auswahlkommission - Mitglied, BAföG - Beauftragte*r, KSL - Mitglied, Prüfungsausschuss - Vorsitzende*r. Also listed as staff of the degree programmes/units: Project Management and Data Science (M) PG; Real Estate Management (M) FW; Wirtschaftsrecht (B); Wirtschaftsrecht (M). Campus stated: Campus Treskowallee (both HTW campuses are in Berlin). Source of professorship: HTW Professor_innenprofile-Katalog."
Alexandra Jeberien,Prof. Dr. phil. Alexandra Jeberien,"Hochschullehrer*in; Lehr- und Forschungsgebiet: Konservierung und Restaurierung archäologisch-historischer Objekte, Präventive Konservierung, Notfallplanung und Katastrophenprävention, Risikomanagement, Sammlungsmanagement, Historie Konservierungswissenschaften, UNESCO Welterbekonvention, Internationaler Kulturgüterschutz; Fachbereich 5: Gestaltung und Kultur; Hochschule für Technik und Wirtschaft Berlin (HTW Berlin)",,https://medium.com/mat-ch-project,https://www.htw-berlin.de/hochschule/personen/person/?eid=3442,"RESEARCH GROUP/LAB: HTW states lab leadership — Studienfachberater*in, Laborleiter*in, Auswahlkommission - Mitglied — Archäologisch-Historisches Kulturgut | Hochschullehrer*in, BAföG - Beauftragte*r, Auswahlkommission - Mitglied, Prüfungsausschuss - Stellvertretende*r Vorsitzende*r, Anrechnung von Prüfungsleistungen - Beauftragte*r, Laborleiter*in, Studienfachberater*in, Studiengangssprecher*in — Konservierung und Restaurierung (M) | Hochschullehrer*in, Laborleiter*in, Praktikumsbeauftragte*r, Auswahlkommission - Vorsitzende*r, Studienfachberater*in, Prüfungsausschuss - Stellvertretende*r Vorsitzende*r — Konservierung und Restaurierung/Grabungstechnik (B) | Laborleiter*in — Labor Naturwissenschaftliche Untersuchungen (source https://www.htw-berlin.de/hochschule/personen/person/?eid=3442). RESEARCH GROUP/LAB: listed under Creative Technologies (Forschungscluster) | Klimagerechte Energieversorgungssysteme und energieeffiziente Gebäude (Forschungscluster) | Kultur Islam (Forschungscluster) | Kultur und Informatik (Forschungscluster) on https://www.htw-berlin.de/hochschule/personen/person/?eid=3442. Research-output counters on the same page: Projekte (58) | Publikationen (76) | Patente (1) | Vorträge / Veranstaltungen (107) | Begutachtungen (4) | Mitgliedschaften (3). Schwerpunkte (verbatim): Archäologische und historische Kunst- und Kulturgüter, Präventive Konservierung, Notfall- und Katastrophenprävention, Ausstellungsmonitoring, Klima- und Schadstoffkontrolle, Oddy Test, Material Checker (MAT-CH), Archäologisches Glas, Waldglas, Fundbergung und -versorgung, temporäre Bindemittel und Klebstoffe. Other stated functions: Anrechnung von Prüfungsleistungen - Beauftragte*r, Auswahlkommission - Mitglied, Auswahlkommission - Vorsitzende*r, BAföG - Beauftragte*r, Laborleiter*in, Praktikumsbeauftragte*r, Prüfungsausschuss - Stellvertretende*r Vorsitzende*r, Studienfachberater*in, Studiengangssprecher*in. Also listed as staff of the degree programmes/units: Angewandte Landschafts- und Feldarchäologie (M); Archäologisch-Historisches Kulturgut; Konservierung und Restaurierung (M); Konservierung und Restaurierung/Grabungstechnik (B); Labor Naturwissenschaftliche Untersuchungen. Campus stated: Campus Wilhelminenhof (both HTW campuses are in Berlin). Source of professorship: HTW Professor_innenprofile-Katalog."
Heike Joebges,Prof. Dr. Heike Joebges,"Hochschullehrer*in; Lehr- und Forschungsgebiet: Finanzsystem und wirtschaftliche Entwicklung, Finanzmarktstabilität, Auswirkungen von internationalen Handels- und Kapitalbewegungen auf nationale Wirtschaftsentwicklung sowie auf Gestaltungsmöglichkeiten von Wirtschaftspolitik; Fachbereich 3: Wirtschafts- und Rechtswissenschaften; Hochschule für Technik und Wirtschaft Berlin (HTW Berlin)",,https://equalfin.de,https://www.htw-berlin.de/hochschule/personen/person/?eid=4647,"RESEARCH GROUP/LAB: listed under Money, Finance, Trade and Development (Forschungscluster) on https://www.htw-berlin.de/hochschule/personen/person/?eid=4647. Research-output counters on the same page: Projekte (6) | Publikationen (76) | Vorträge / Veranstaltungen (72) | Betreute Promotionen (1) | Mitgliedschaften (1). Schwerpunkte (verbatim): Promotionskolleg EQUALFIN: Finanzsystem und Ungleichheit im Kontext von multiplen Krisen // Doctoral Program EQUALFIN: EQUALFIN Doctoral Program: Finance and inequality in times of polycrisis => https://equalfin.de <=. Other stated functions: Auswahlkommission - Mitglied. Also listed as staff of the degree programmes/units: International and Development Economics (M); Wirtschaft und Politik (B). Campus stated: Campus Treskowallee (both HTW campuses are in Berlin). Source of professorship: HTW Professor_innenprofile-Katalog."
Klaus Jung,Prof. Dr. Klaus Jung,"Hochschullehrer*in; Lehr- und Forschungsgebiet: Medieninformatik, Visual Computing; Fachbereich 4: Informatik, Kommunikation und Wirtschaft; Hochschule für Technik und Wirtschaft Berlin (HTW Berlin)",,https://home.htw-berlin.de/~jungk/,https://www.htw-berlin.de/hochschule/personen/person/?eid=3366,"RESEARCH GROUP/LAB: HTW states lab leadership — Laborleiter*in — FB4 Labor Game Technology & Interactive Systems | Laborleiter*in — FB4 Labor Visual Computing | Laborleiter*in, Laborleiter*in — FB4 Labor Web Technology | Auswahlkommission - Mitglied, Laborleiter*in, Hochschullehrer*in, Prüfungsausschuss - Vorsitzende*r — Internationale Medieninformatik (B) | Auswahlkommission - Mitglied, Laborleiter*in, Hochschullehrer*in, Prüfungsausschuss - Vorsitzende*r — Internationale Medieninformatik (M) (source https://www.htw-berlin.de/hochschule/personen/person/?eid=3366). RESEARCH GROUP/LAB: listed under Creative Technologies (Forschungscluster) on https://www.htw-berlin.de/hochschule/personen/person/?eid=3366. Research-output counters on the same page: Projekte (2) | Publikationen (39) | Vorträge / Veranstaltungen (10) | Preise / Auszeichnungen (6). Other stated functions: Auswahlkommission - Mitglied, Laborleiter*in, Prüfungsausschuss - Vorsitzende*r. Also listed as staff of the degree programmes/units: FB4 Labor Game Technology & Interactive Systems; FB4 Labor Visual Computing; FB4 Labor Web Technology; Internationale Medieninformatik (B); Internationale Medieninformatik (M). Campus stated: Campus Wilhelminenhof (both HTW campuses are in Berlin). Source of professorship: HTW Professor_innenprofile-Katalog."
Thomas Jung,Prof. Dr.-Ing. Thomas Jung,"Hochschullehrer*in; Lehr- und Forschungsgebiet: Angewandte Informatik mit Schwerpunkt Multimedia; Fachbereich 4: Informatik, Kommunikation und Wirtschaft; Hochschule für Technik und Wirtschaft Berlin (HTW Berlin)",,https://fki.htw-berlin.de/centis/project/thomas-jung/,https://www.htw-berlin.de/hochschule/personen/person/?eid=452,"RESEARCH GROUP/LAB: listed under Creative Technologies (Forschungscluster) | Kultur und Informatik (Forschungscluster) on https://www.htw-berlin.de/hochschule/personen/person/?eid=452. Research-output counters on the same page: Projekte (11) | Publikationen (24) | Patente (2) | Vorträge / Veranstaltungen (20). Schwerpunkte (verbatim): Human Computer Interaction, Computer Graphics, Augmented Reality, CAVE. Other stated functions: BAföG - Beauftragte*r, Prüfungsausschuss - Vorsitzende*r. Also listed as staff of the degree programmes/units: Angewandte Informatik (M); Informatik in Kultur und Gesundheit (B). Campus stated: Campus Wilhelminenhof (both HTW campuses are in Berlin). Source of professorship: HTW Professor_innenprofile-Katalog."
Manfred-Erich Jäger-Ambrozewicz,Prof. Dr. Manfred-Erich Jäger-Ambrozewicz,"Hochschullehrer*in; Lehr- und Forschungsgebiet: Wirtschaftsmathematik, Finanzmathematik, Finanzprodukte; Fachbereich 4: Informatik, Kommunikation und Wirtschaft; Hochschule für Technik und Wirtschaft Berlin (HTW Berlin)",,https://www.mathfred.de,https://www.htw-berlin.de/hochschule/personen/person/?eid=8754,"No research group, lab, Forschungscluster or Forschungsschwerpunkt leadership stated on https://www.htw-berlin.de/hochschule/personen/person/?eid=8754. Research-output counters on the same page: Projekte (1) | Publikationen (15) | Vorträge / Veranstaltungen (11). Schwerpunkte (verbatim): Finanzmathematik und Finanzprodukte, insb. Zinsen, festverzinsliche Finanzprodukte (Anleihen), Zinsstruktur, Zinsderivate und Socceranalytics (also statistische Analyse den Fußball betreffender Daten). Other stated functions: Prüfungsausschuss - Vorsitzende*r. Also listed as staff of the degree programmes/units: Finanzdienstleistungen - Risikomanagement (M); Finanzmathematik, Aktuarwissenschaften und Risikomanagement (M); Quantitative Finance and Data Science (M); Wirtschaftsmathematik (B). Source of professorship: HTW Professor_innenprofile-Katalog."
Susan Kamel,Prof. Dr. Susan Kamel,"Hochschullehrer*in; Lehr- und Forschungsgebiet: Ausstellen und Sammeln in Theorie und Praxis, Diskriminierungskritische Museumsarbeit; Fachbereich 5: Gestaltung und Kultur; Hochschule für Technik und Wirtschaft Berlin (HTW Berlin)",,https://mmk.htw-berlin.de/personen/prof-dr-susan-kamel/,https://www.htw-berlin.de/hochschule/personen/person/?eid=10300,"RESEARCH GROUP/LAB: listed under Kultur Islam (Forschungscluster) on https://www.htw-berlin.de/hochschule/personen/person/?eid=10300. Research-output counters on the same page: Projekte (23) | Publikationen (26) | Vorträge / Veranstaltungen (39) | Betreute Promotionen (1) | Preise / Auszeichnungen (3) | Begutachtungen (4) | Mitgliedschaften (6). Schwerpunkte (verbatim): Kritisches, Kollektives, Transformatives Kuratieren, Sammlungs- und Museumsgeschichten, neue kritische Museologien, postkoloniale Theorien, Museum und Ethik, Diversity und Museum, Repräsentation islamisch geprägter Gesellschaften im Museum, diskriminierungskritische Museumsarbeit https://mmk.htw-berlin.de/personen/prof-dr-susan-kamel/. Other stated functions: Auswahlkommission - Vorsitzende*r, Prüfungsausschuss - Mitglied, Studienfachberater*in. Also listed as staff of the degree programmes/units: Museologie (B); Museumskunde (B); Museumsmanagement und -kommunikation (M). Campus stated: Campus Wilhelminenhof (both HTW campuses are in Berlin). Source of professorship: HTW Professor_innenprofile-Katalog."
Sonja Kastner,Prof. Dr. Sonja Kastner,"Hochschullehrer*in; Lehr- und Forschungsgebiet: Strategische Kommunikation; Fachbereich 4: Informatik, Kommunikation und Wirtschaft; Hochschule für Technik und Wirtschaft Berlin (HTW Berlin)",,,https://www.htw-berlin.de/hochschule/personen/person/?eid=4145,"No research group, lab, Forschungscluster or Forschungsschwerpunkt leadership stated on https://www.htw-berlin.de/hochschule/personen/person/?eid=4145. Research-output counters on the same page: Projekte (10) | Publikationen (15). Schwerpunkte (verbatim): Strategische Kommunikationsplanung, Textgestaltung, Markenführung, Kreative Prozesse und Techniken, Sonic Branding. Other stated functions: Auswahlkommission - Mitglied, BAföG - Beauftragte*r. Also listed as staff of the degree programmes/units: Wirtschaftskommunikation (B); Wirtschaftskommunikation (M). Campus stated: Campus Wilhelminenhof (both HTW campuses are in Berlin). Source of professorship: HTW Professor_innenprofile-Katalog."
Akiko Kato,Prof. Dr. Akiko Kato,Hochschullehrer*in; Fachbereich 2: Ingenieurwissenschaften - Technik und Leben; Hochschule für Technik und Wirtschaft Berlin (HTW Berlin),,,https://www.htw-berlin.de/hochschule/personen/person/?eid=12177,"No research group, lab, Forschungscluster or Forschungsschwerpunkt leadership stated on https://www.htw-berlin.de/hochschule/personen/person/?eid=12177. Also listed as staff of the degree programmes/units: Fahrzeugtechnik (B); Maschinenbau (B); Umweltinformatik (B). Campus stated: Campus Wilhelminenhof (both HTW campuses are in Berlin). Source of professorship: HTW Professor_innenprofile-Katalog."
Julian Kawohl,Prof. Dr. Julian Kawohl,Hochschullehrer*in; Lehr- und Forschungsgebiet: Strategisches Management und Case Studies; Fachbereich 3: Wirtschafts- und Rechtswissenschaften; Hochschule für Technik und Wirtschaft Berlin (HTW Berlin),,http://www.ecosystemizer.com,https://www.htw-berlin.de/hochschule/personen/person/?eid=10125,"RESEARCH GROUP/LAB: HTW states lab leadership — Laborleiter*in — Labor Unternehmenssimulation I (source https://www.htw-berlin.de/hochschule/personen/person/?eid=10125). Research-output counters on the same page: Projekte (2) | Publikationen (77) | Vorträge / Veranstaltungen (75). Schwerpunkte (verbatim): Digitalisierung, Digitales Management und Transformation; Corporate Entrepreneurship; Strategisches Management von Sportvereinen. Other stated functions: Laborleiter*in. Also listed as staff of the degree programmes/units: Arbeits- und Personalmanagement (M); Labor Unternehmenssimulation I. Campus stated: Campus Treskowallee (both HTW campuses are in Berlin). Source of professorship: HTW Professor_innenprofile-Katalog."
Martin Kempa,Prof. Dr. Martin Kempa,"Hochschullehrer*in; Lehr- und Forschungsgebiet: Datenbanksysteme / datenbankorientierte Anwendungsentwicklung; Fachbereich 4: Informatik, Kommunikation und Wirtschaft; Hochschule für Technik und Wirtschaft Berlin (HTW Berlin)",,,https://www.htw-berlin.de/hochschule/personen/person/?eid=3888,"No research group, lab, Forschungscluster or Forschungsschwerpunkt leadership stated on https://www.htw-berlin.de/hochschule/personen/person/?eid=3888. Research-output counters on the same page: Publikationen (2) | Vorträge / Veranstaltungen (1). Other stated functions: Prüfungsausschuss - Mitglied, Prüfungsausschuss - Vorsitzende*r. Also listed as staff of the degree programmes/units: Wirtschaftsinformatik (B); Wirtschaftsinformatik (M). Campus stated: Campus Treskowallee (both HTW campuses are in Berlin). Source of professorship: HTW Professor_innenprofile-Katalog."
Jochen Kerdels,Prof. Dr. Jochen Kerdels,Hochschullehrer*in; Lehr- und Forschungsgebiet: Grundlagen der Programmierung Fortgeschrittene Algorithmen und Programmierung Bachelor- und Masterprojekte; Fachbereich 1: Ingenieurwissenschaften - Energie und Information; Hochschule für Technik und Wirtschaft Berlin (HTW Berlin),,,https://www.htw-berlin.de/hochschule/personen/person/?eid=14460,"No research group, lab, Forschungscluster or Forschungsschwerpunkt leadership stated on https://www.htw-berlin.de/hochschule/personen/person/?eid=14460. Schwerpunkte (verbatim): Performanzoptimierte Programmierung Neuroinformatik. Other stated functions: Anrechnung von Prüfungsleistungen - Beauftragte*r, Auswahlkommission - Stellvertretende*r Vorsitzende*r, Fachbereichsrat - Mitglied, Studienfachberater*in. Also listed as staff of the degree programmes/units: Computer Engineering (B); Computer Engineering (M); FB1 Fachbereichsrat. Campus stated: Campus Wilhelminenhof (both HTW campuses are in Berlin). Source of professorship: HTW Professor_innenprofile-Katalog."
Norbert Klaes,Prof. Dr.-Ing. Norbert Klaes,Hochschullehrer*in; Lehr- und Forschungsgebiet: Elektrotechnik; Fachbereich 1: Ingenieurwissenschaften - Energie und Information; Hochschule für Technik und Wirtschaft Berlin (HTW Berlin),,,https://www.htw-berlin.de/hochschule/personen/person/?eid=2851,"RESEARCH GROUP/LAB: HTW states lab leadership — Laborleiter*in — Elektrische Antriebstechnik und Leistungselektronik | Laborleiter*in — Labore (source https://www.htw-berlin.de/hochschule/personen/person/?eid=2851). RESEARCH GROUP/LAB: listed under Industrielle Produktion (Forschungscluster) | Klimagerechte Energieversorgungssysteme und energieeffiziente Gebäude (Forschungscluster) on https://www.htw-berlin.de/hochschule/personen/person/?eid=2851. Research-output counters on the same page: Projekte (21) | Publikationen (17) | Patente (3) | Vorträge / Veranstaltungen (4) | Preise / Auszeichnungen (2) | Begutachtungen (1). Schwerpunkte (verbatim): Drives - Sensorless Control of IPMSM and IM - Grid forming Control of doubly fed induction machine - High dynamic torque control - Soft starter with energy saving function Power Electronics - Grid forming control of grid connected inverters (solar and wind) - Programmable gate driver for high power applications - Optimizing switching behaviour of IGBT and MOSFET - Double Test setup with climatic chamber Energy storage, batteries - Management Systems - Monitoring Units - SOC / SOH Estimation - Package Design. Other stated functions: Auswahlkommission - Mitglied, Laborleiter*in. Also listed as staff of the degree programmes/units: Elektrische Antriebstechnik und Leistungselektronik; Elektrotechnik (B); Elektrotechnik (M); Labore. Campus stated: Campus Wilhelminenhof (both HTW campuses are in Berlin). Source of professorship: HTW Professor_innenprofile-Katalog."
Martin Klaffke,Prof. Dr. Martin Klaffke,Hochschullehrer*in; Lehr- und Forschungsgebiet: Betriebswirtschaftslehre insbes. Personal und Organisation (Strategic HRM; Organizational Behavior; New Wok; Sustainable HR & Diversity Management); Fachbereich 3: Wirtschafts- und Rechtswissenschaften; Hochschule für Technik und Wirtschaft Berlin (HTW Berlin),,http://people.f3.htw-berlin.de/Professoren/Klaffke/index.html,https://www.htw-berlin.de/hochschule/personen/person/?eid=9107,"No research group, lab, Forschungscluster or Forschungsschwerpunkt leadership stated on https://www.htw-berlin.de/hochschule/personen/person/?eid=9107. Research-output counters on the same page: Projekte (7) | Publikationen (88) | Vorträge / Veranstaltungen (13) | Mitgliedschaften (3). Schwerpunkte (verbatim): Allgemeine Betriebswirtschaftslehre, Personalmanagement und Organisation, Leadership, Organizational Behavior, Change Management, Diversity Management, Generationen Management, Agile Arbeitswelten, New Ways of Working (NWW), Büro der Zukunft, Management sozialer Nachhaltigkeit. Other stated functions: Auswahlkommission - Vorsitzende*r. Also listed as staff of the degree programmes/units: Arbeits- und Personalmanagement (M); Betriebswirtschaftslehre (B) FW; International Business (B). Campus stated: Campus Treskowallee (both HTW campuses are in Berlin). Source of professorship: HTW Professor_innenprofile-Katalog."
Esther Klann,Prof. Dr. Esther Klann,Hochschullehrer*in; Fachbereich 1: Ingenieurwissenschaften - Energie und Information; Hochschule für Technik und Wirtschaft Berlin (HTW Berlin),,,https://www.htw-berlin.de/hochschule/personen/person/?eid=13930,"No research group, lab, Forschungscluster or Forschungsschwerpunkt leadership stated on https://www.htw-berlin.de/hochschule/personen/person/?eid=13930. Research-output counters on the same page: Begutachtungen (1). Also listed as staff of the degree programmes/units: Fachgruppe Mathematik/Physik/Chemie. Campus stated: Campus Wilhelminenhof (both HTW campuses are in Berlin). Source of professorship: HTW Professor_innenprofile-Katalog."
Barne Kleinen,Prof. Dr. Barne Kleinen,"Hochschullehrer*in; Lehr- und Forschungsgebiet: Software-Engineering, Programmieren, Web-Technology, Human Computer Interaction; Fachbereich 4: Informatik, Kommunikation und Wirtschaft; Hochschule für Technik und Wirtschaft Berlin (HTW Berlin)",,https://bkleinen.github.io,https://www.htw-berlin.de/hochschule/personen/person/?eid=3545,"RESEARCH GROUP/LAB: HTW states lab leadership — Hochschullehrer*in, Laborleiter*in, Prüfungsausschuss - Stellvertretende*r Vorsitzende*r — Internationale Medieninformatik (B) | Hochschullehrer*in, Laborleiter*in, Prüfungsausschuss - Stellvertretende*r Vorsitzende*r — Internationale Medieninformatik (M) (source https://www.htw-berlin.de/hochschule/personen/person/?eid=3545). Research-output counters on the same page: Projekte (2) | Publikationen (2) | Vorträge / Veranstaltungen (2). Schwerpunkte (verbatim): Agile Development, Continuous Deployment. Other stated functions: Laborleiter*in, Prüfungsausschuss - Stellvertretende*r Vorsitzende*r. Also listed as staff of the degree programmes/units: Internationale Medieninformatik (B); Internationale Medieninformatik (M). Campus stated: Campus Wilhelminenhof (both HTW campuses are in Berlin). Source of professorship: HTW Professor_innenprofile-Katalog."
Andrea Knaut,Prof. Dr. Andrea Knaut,"Hochschullehrer*in; Lehr- und Forschungsgebiet: Informatik in Kultur und Gesundheit; Fachbereich 4: Informatik, Kommunikation und Wirtschaft; Hochschule für Technik und Wirtschaft Berlin (HTW Berlin)",,,https://www.htw-berlin.de/hochschule/personen/person/?eid=10278,"No research group, lab, Forschungscluster or Forschungsschwerpunkt leadership stated on https://www.htw-berlin.de/hochschule/personen/person/?eid=10278. Research-output counters on the same page: Projekte (3) | Publikationen (2) | Vorträge / Veranstaltungen (5) | Mitgliedschaften (2). Schwerpunkte (verbatim): Biometrie, Informatik und Gesellschaft, Datenbanken, Rechnernetze. Other stated functions: Fachbereichsrat - Mitglied. Also listed as staff of the degree programmes/units: Angewandte Informatik (M); FB4 Fachbereichsrat; Informatik in Kultur und Gesundheit (B). Campus stated: Campus Wilhelminenhof (both HTW campuses are in Berlin). Source of professorship: HTW Professor_innenprofile-Katalog."
Sebastian Knorr,Prof. Dr.-Ing. Sebastian Knorr,"Hochschullehrer*in; Lehr- und Forschungsgebiet: Visual Computing, Immersive Imaging Technologies; Fachbereich 4: Informatik, Kommunikation und Wirtschaft; Hochschule für Technik und Wirtschaft Berlin (HTW Berlin)",,http://www.sebastian-knorr.eu,https://www.htw-berlin.de/hochschule/personen/person/?eid=14353,RESEARCH GROUP/LAB: listed under Creative Technologies (Forschungscluster) on https://www.htw-berlin.de/hochschule/personen/person/?eid=14353. Research-output counters on the same page: Projekte (1) | Publikationen (68) | Patente (9) | Vorträge / Veranstaltungen (8) | Betreute Promotionen (5) | Preise / Auszeichnungen (11) | Begutachtungen (7) | Mitgliedschaften (4). Schwerpunkte (verbatim): 3D Image Processing 360° Video/ Cinematic VR Light Field Imaging/ Neural Radiance Fields Free-Viewpoint-Video/ Volumetric Video. Other stated functions: Prüfungsausschuss - Mitglied. Also listed as staff of the degree programmes/units: Internationale Medieninformatik (B); Internationale Medieninformatik (M). Campus stated: Campus Wilhelminenhof (both HTW campuses are in Berlin). Source of professorship: HTW Professor_innenprofile-Katalog.
Florian Koch,Prof. Dr. Florian Koch,"Hochschullehrer*in; Lehr- und Forschungsgebiet: Immobilienwirtschaft, Stadtentwicklung, Smart Cities; Fachbereich 3: Wirtschafts- und Rechtswissenschaften; Hochschule für Technik und Wirtschaft Berlin (HTW Berlin)",,https://people.f3.htw-berlin.de/Professoren/Koch/,https://www.htw-berlin.de/hochschule/personen/person/?eid=11709,"RESEARCH GROUP/LAB: listed under Sustainable Smart Cities (Forschungscluster) on https://www.htw-berlin.de/hochschule/personen/person/?eid=11709. Research-output counters on the same page: Projekte (23) | Publikationen (92) | Vorträge / Veranstaltungen (24) | Betreute Promotionen (1) | Preise / Auszeichnungen (2) | Begutachtungen (1). Schwerpunkte (verbatim): Stadtforschung/Urban Studies, Urban Planning, Urban Transformations, Digital Cities, Housing Market Development, Sustainability. Other stated functions: Praktikumsbeauftragte*r, Prüfungsausschuss - Vorsitzende*r. Also listed as staff of the degree programmes/units: Immobilienwirtschaft (B). Campus stated: Campus Treskowallee (both HTW campuses are in Berlin). Source of professorship: HTW Professor_innenprofile-Katalog."
Jan Niklas Kocks,Prof. Dr. Jan Niklas Kocks,"Hochschullehrer*in; Fachbereich 4: Informatik, Kommunikation und Wirtschaft; Hochschule für Technik und Wirtschaft Berlin (HTW Berlin)",,,https://www.htw-berlin.de/hochschule/personen/person/?eid=14440,"No research group, lab, Forschungscluster or Forschungsschwerpunkt leadership stated on https://www.htw-berlin.de/hochschule/personen/person/?eid=14440. Research-output counters on the same page: Projekte (1) | Publikationen (28) | Vorträge / Veranstaltungen (2). Schwerpunkte (verbatim): Public Relations, Öffentlichkeitsarbeit, Politische Kommunikation, Soziale Netzwerkanalysen. Also listed as staff of the degree programmes/units: Wirtschaftskommunikation (B); Wirtschaftskommunikation (M). Source of professorship: HTW Professor_innenprofile-Katalog."
Steffen Kolb,Prof. Dr. Steffen Kolb,"Hochschullehrer*in; Lehr- und Forschungsgebiet: Wirtschaftskommunikation, Empirische Markt- und Kommunikationsforschung; Fachbereich 4: Informatik, Kommunikation und Wirtschaft; Hochschule für Technik und Wirtschaft Berlin (HTW Berlin)",,,https://www.htw-berlin.de/hochschule/personen/person/?eid=8637,"No research group, lab, Forschungscluster or Forschungsschwerpunkt leadership stated on https://www.htw-berlin.de/hochschule/personen/person/?eid=8637. Research-output counters on the same page: Projekte (9) | Publikationen (56) | Vorträge / Veranstaltungen (60) | Betreute Promotionen (1) | Mitgliedschaften (3). Schwerpunkte (verbatim): Generell betreuen alle Professorinnen und Professoren alle Themen von Abschlussarbeiten aus dem Bereich der Wirtschaftskommunikation. Meine Schwerpunkte, in denen ich Ihnen am besten helfen kann, sind: - Public Relations, Issues Management und Erfolgskontrolle - Werbewirkungsforschung - generell empirische Fragestellungen - generell Automobilbereich (durch meine Beratungstätigkeiten). Other stated functions: Dekan*in, Fachbereichsrat - Mitglied. Also listed as staff of the degree programmes/units: FB4 Dekanat; FB4 Fachbereichsrat; Wirtschaftskommunikation (B); Wirtschaftskommunikation (M). Campus stated: Campus Wilhelminenhof (both HTW campuses are in Berlin). Source of professorship: HTW Professor_innenprofile-Katalog."
Christina Kratsch,Prof. Dr. Christina Kratsch,"Hochschullehrer*in; Lehr- und Forschungsgebiet: Data Science und Künstliche Intelligenz, AI Business Models & Innovation, Explainable AI, Generative AI, Data Engineering, Operationalisierung von KI; Fachbereich 2: Ingenieurwissenschaften - Technik und Leben; Hochschule für Technik und Wirtschaft Berlin (HTW Berlin)",,,https://www.htw-berlin.de/hochschule/personen/person/?eid=13856,"No research group, lab, Forschungscluster or Forschungsschwerpunkt leadership stated on https://www.htw-berlin.de/hochschule/personen/person/?eid=13856. Research-output counters on the same page: Projekte (10) | Publikationen (4) | Vorträge / Veranstaltungen (5) | Preise / Auszeichnungen (1) | Begutachtungen (4) | Mitgliedschaften (1). Other stated functions: Fachbereichsrat - Mitglied. Also listed as staff of the degree programmes/units: FB2 Fachbereichsrat; Informatik in Ingenieurwissenschaften (M); Ingenieurinformatik (B). Campus stated: Campus Wilhelminenhof (both HTW campuses are in Berlin). Source of professorship: HTW Professor_innenprofile-Katalog."
Johannes Kristan,Prof. Dr. Johannes Kristan,"Hochschullehrer*in; Fachbereich 4: Informatik, Kommunikation und Wirtschaft; Hochschule für Technik und Wirtschaft Berlin (HTW Berlin)",,,https://www.htw-berlin.de/hochschule/personen/person/?eid=14879,"No research group, lab, Forschungscluster or Forschungsschwerpunkt leadership stated on https://www.htw-berlin.de/hochschule/personen/person/?eid=14879. Research-output counters on the same page: Publikationen (1) | Mitgliedschaften (1). Source of professorship: HTW Professor_innenprofile-Katalog."
Britta Kruse,Prof. Dr.-Ing. Britta Kruse,Hochschullehrer*in; Lehr- und Forschungsgebiet: Geotechnik; Fachbereich 2: Ingenieurwissenschaften - Technik und Leben; Hochschule für Technik und Wirtschaft Berlin (HTW Berlin),,,https://www.htw-berlin.de/hochschule/personen/person/?eid=2622,"RESEARCH GROUP/LAB: HTW states lab leadership — Hochschullehrer*in, Laborleiter*in, Prüfungsausschuss - Vorsitzende*r — Bauingenieurwesen (B) | Laborleiter*in, Hochschullehrer*in, Prüfungsausschuss - Vorsitzende*r — Bauingenieurwesen (M) | Prüfungsausschuss - Vorsitzende*r, Hochschullehrer*in, Laborleiter*in — Fachbereich 2: Ingenieurwissenschaften - Technik und Leben (source https://www.htw-berlin.de/hochschule/personen/person/?eid=2622). Research-output counters on the same page: Projekte (2) | Publikationen (19) | Begutachtungen (1) | Mitgliedschaften (2). Other stated functions: Laborleiter*in, Prüfungsausschuss - Vorsitzende*r. Also listed as staff of the degree programmes/units: Bauingenieurwesen (B); Bauingenieurwesen (M); Construction and Real Estate Management (M); Facility Management (B); Facility Management (M); Workplace und Facility Engineering (B); Workspace Management und Real Estate Engineering (M). Campus stated: Campus Wilhelminenhof (both HTW campuses are in Berlin). Source of professorship: HTW Professor_innenprofile-Katalog."
Markus Krämer,Prof. Dr.-Ing. Markus Krämer,"Hochschullehrer*in; Lehr- und Forschungsgebiet: Informations- und Kommunikationssysteme im Facility Management, Informationsmanagement, Building Information Modeling (BIM), Geschäftsprozessmanagement und Prozessmodellierung; Fachbereich 2: Ingenieurwissenschaften - Technik und Leben; Hochschule für Technik und Wirtschaft Berlin (HTW Berlin)",,,https://www.htw-berlin.de/hochschule/personen/person/?eid=3462,"RESEARCH GROUP/LAB: listed under Industrielle Produktion (Forschungscluster) | Softwaresysteme und Informatikmethoden für eine nachhaltige Entwicklung (Forschungscluster) | Sustainable Smart Cities (Forschungscluster) on https://www.htw-berlin.de/hochschule/personen/person/?eid=3462. Research-output counters on the same page: Projekte (10) | Publikationen (57) | Vorträge / Veranstaltungen (33) | Betreute Promotionen (1). Schwerpunkte (verbatim): CAFM- und ERP-Systeme im Facility Management Building Information Modeling (BIM) im Facility Management Geschäftsanalyse und -optimierung Prozessmodellierung (BPMN, EPK). Other stated functions: Prüfungsausschuss - Stellvertretende*r Vorsitzende*r, Studiengangssprecher*in. Also listed as staff of the degree programmes/units: Construction and Real Estate Management (M); Facility Management (B); Facility Management (M); Workplace und Facility Engineering (B). Campus stated: Campus Wilhelminenhof (both HTW campuses are in Berlin). Source of professorship: HTW Professor_innenprofile-Katalog."
Stephan Krämer,Prof. Dr.-Ing. Stephan Krämer,Hochschullehrer*in; Lehr- und Forschungsgebiet: Elektrotechnik; Fachbereich 1: Ingenieurwissenschaften - Energie und Information; Hochschule für Technik und Wirtschaft Berlin (HTW Berlin),,,https://www.htw-berlin.de/hochschule/personen/person/?eid=9924,"No research group, lab, Forschungscluster or Forschungsschwerpunkt leadership stated on https://www.htw-berlin.de/hochschule/personen/person/?eid=9924. Schwerpunkte (verbatim): Elektroenergiesysteme, Elektroenergiequalität, Leistungselektronik/ Antriebstechnik. Other stated functions: Auswahlkommission - Vorsitzende*r. Also listed as staff of the degree programmes/units: Elektrotechnik (B); Elektrotechnik (M). Campus stated: Campus Wilhelminenhof (both HTW campuses are in Berlin). Source of professorship: HTW Professor_innenprofile-Katalog."
Sophie Kröger,Prof. Dr. habil. Sophie Kröger,Hochschullehrer*in; Lehr- und Forschungsgebiet: Physik; Fachbereich 1: Ingenieurwissenschaften - Energie und Information; Hochschule für Technik und Wirtschaft Berlin (HTW Berlin),,,https://www.htw-berlin.de/hochschule/personen/person/?eid=4377,"No research group, lab, Forschungscluster or Forschungsschwerpunkt leadership stated on https://www.htw-berlin.de/hochschule/personen/person/?eid=4377. Research-output counters on the same page: Projekte (14) | Publikationen (52) | Vorträge / Veranstaltungen (62) | Betreute Promotionen (7). Schwerpunkte (verbatim): Laserspektroskopie, Atomphysik, Nichtlineare Optik. Other stated functions: EPK - Mitglied, Ersthelfer*in, Fachbereichsrat - Mitglied, Fachkoordinator*in, Prodekan*in. Also listed as staff of the degree programmes/units: FB1 Dekanat; FB1 Fachbereichsrat; Fachgruppe Mathematik/Physik/Chemie; Gremien. Campus stated: Campus Wilhelminenhof (both HTW campuses are in Berlin). Source of professorship: HTW Professor_innenprofile-Katalog."
Katarina Krüger,Prof. Dr.-Ing. Katarina Krüger,"Hochschullehrer*in; Lehr- und Forschungsgebiet: Allgemeine Betriebswirtschaftslehre, Blockchain Technology und Anwendungsmöglichkeiten, Cyber Security, AI Agents (Forschung); Fachbereich 4: Informatik, Kommunikation und Wirtschaft; Hochschule für Technik und Wirtschaft Berlin (HTW Berlin)",,,https://www.htw-berlin.de/hochschule/personen/person/?eid=3833,"No research group, lab, Forschungscluster or Forschungsschwerpunkt leadership stated on https://www.htw-berlin.de/hochschule/personen/person/?eid=3833. Research-output counters on the same page: Projekte (2) | Publikationen (19) | Vorträge / Veranstaltungen (57) | Preise / Auszeichnungen (1) | Begutachtungen (3) | Mitgliedschaften (5). Schwerpunkte (verbatim): ABWL, Investition und Finanzierung, Blockchain Technology und Anwendungsmöglichkeiten, Cyber Security und AI Agents. Other stated functions: Anrechnung von Prüfungsleistungen - Beauftragte*r, BAföG - Beauftragte*r, Praktikumsbeauftragte*r, Prüfungsausschuss - Vorsitzende*r, Prüfungsberater*in, Studienfachberater*in, Studiengangssprecher*in. Also listed as staff of the degree programmes/units: Cyber Security and Business (B); FB4 AWE-Fächer; Wirtschaftsingenieurwesen (B); Wirtschaftsingenieurwesen (M). Campus stated: Campus Wilhelminenhof (both HTW campuses are in Berlin). Source of professorship: HTW Professor_innenprofile-Katalog."
Susanne Kähler,Prof. Dr. Susanne Kähler,"Hochschullehrer*in; Lehr- und Forschungsgebiet: Kunstgeschichte, Kulturgeschichte, Inventarisierung und Dokumentation, fotografische Sammlungen, Verfahren der Bildanalyse, Kunst im öffentlichen Raum, kulturgeschichtliche Relevanz von Materialien; Fachbereich 5: Gestaltung und Kultur; Hochschule für Technik und Wirtschaft Berlin (HTW Berlin)",,https://mk.htw-berlin.de/personen/prof-dr-susanne-kaehler/,https://www.htw-berlin.de/hochschule/personen/person/?eid=3279,"No research group, lab, Forschungscluster or Forschungsschwerpunkt leadership stated on https://www.htw-berlin.de/hochschule/personen/person/?eid=3279. Research-output counters on the same page: Projekte (20) | Publikationen (38) | Vorträge / Veranstaltungen (32) | Preise / Auszeichnungen (2) | Mitgliedschaften (1). Schwerpunkte (verbatim): Kunst- und Kulturgeschichte der Materialien und Realien. Other stated functions: Fachbereichsrat - Mitglied. Also listed as staff of the degree programmes/units: FB5 Fachbereichsrat; Museologie (B); Museumskunde (B); Museumsmanagement und -kommunikation (M). Campus stated: Campus Wilhelminenhof (both HTW campuses are in Berlin). Source of professorship: HTW Professor_innenprofile-Katalog."
Bert-Uwe Köhler,Prof. Dr.-Ing. Bert-Uwe Köhler,"Hochschullehrer*in; Lehr- und Forschungsgebiet: Signalverarbeitung, Mobilfunk; Fachbereich 1: Ingenieurwissenschaften - Energie und Information; Hochschule für Technik und Wirtschaft Berlin (HTW Berlin)",,,https://www.htw-berlin.de/hochschule/personen/person/?eid=13507,"No research group, lab, Forschungscluster or Forschungsschwerpunkt leadership stated on https://www.htw-berlin.de/hochschule/personen/person/?eid=13507. Research-output counters on the same page: Projekte (1) | Publikationen (2) | Patente (1). Schwerpunkte (verbatim): Signalverarbeitung, Mobilfunk. Also listed as staff of the degree programmes/units: Informations- und Kommunikationstechnik (B); Informations- und Kommunikationstechnik (M). Campus stated: Campus Wilhelminenhof (both HTW campuses are in Berlin). Source of professorship: HTW Professor_innenprofile-Katalog."
Nicole Küchler-Stahn,Prof. Dr. Nicole Küchler-Stahn,Hochschullehrer*in; Fachbereich 3: Wirtschafts- und Rechtswissenschaften; Hochschule für Technik und Wirtschaft Berlin (HTW Berlin),,,https://www.htw-berlin.de/hochschule/personen/person/?eid=12761,"No research group, lab, Forschungscluster or Forschungsschwerpunkt leadership stated on https://www.htw-berlin.de/hochschule/personen/person/?eid=12761. Also listed as staff of the degree programmes/units: Nonprofit Management und Public Governance (M); Public und Nonprofit-Management (B). Campus stated: Campus Treskowallee (both HTW campuses are in Berlin). Source of professorship: HTW Professor_innenprofile-Katalog."
Christoph Lange,Prof. Dr.-Ing. Christoph Lange,"Hochschullehrer*in; Lehr- und Forschungsgebiet: Kommunikationsnetze, Systeme und Protokolle; Fachbereich 1: Ingenieurwissenschaften - Energie und Information; Hochschule für Technik und Wirtschaft Berlin (HTW Berlin)",,,https://www.htw-berlin.de/hochschule/personen/person/?eid=11864,"No research group, lab, Forschungscluster or Forschungsschwerpunkt leadership stated on https://www.htw-berlin.de/hochschule/personen/person/?eid=11864. Research-output counters on the same page: Publikationen (23) | Vorträge / Veranstaltungen (2) | Begutachtungen (2). Schwerpunkte (verbatim): Nachrichtentechnik Kommunikationsnetze Nachrichtensysteme Energieeffizienz von Nachrichtensystemen und Kommunikationsnetzen. Other stated functions: Auswahlkommission - Mitglied. Also listed as staff of the degree programmes/units: Informations- und Kommunikationstechnik (B); Informations- und Kommunikationstechnik (M). Campus stated: Campus Wilhelminenhof (both HTW campuses are in Berlin). Source of professorship: HTW Professor_innenprofile-Katalog."
Kay Langeheinecke,Prof. Dr.-Ing. Kay Langeheinecke,Hochschullehrer*in; Fachbereich 2: Ingenieurwissenschaften - Technik und Leben; Hochschule für Technik und Wirtschaft Berlin (HTW Berlin),,,https://www.htw-berlin.de/hochschule/personen/person/?eid=12816,"No research group, lab, Forschungscluster or Forschungsschwerpunkt leadership stated on https://www.htw-berlin.de/hochschule/personen/person/?eid=12816. Research-output counters on the same page: Projekte (1) | Publikationen (1). Other stated functions: Praktikumsbeauftragte*r. Also listed as staff of the degree programmes/units: Fahrzeugtechnik (B); Ingenieurinformatik (B); Maschinenbau (B); Maschinenbau (B) FW; Maschinenbau (M); Zentrum für berufsbegleitendes und weiterbildendes Studium. Campus stated: Campus Wilhelminenhof (both HTW campuses are in Berlin). Source of professorship: HTW Professor_innenprofile-Katalog."
Asnakech Laß-Seyoum,Prof. Dr. Asnakech Laß-Seyoum,Hochschullehrer*in; Fachbereich 1: Ingenieurwissenschaften - Energie und Information; Hochschule für Technik und Wirtschaft Berlin (HTW Berlin),,,https://www.htw-berlin.de/hochschule/personen/person/?eid=10979,"RESEARCH GROUP/LAB: HTW states lab leadership — Laborleiter*in — Chemielabor (source https://www.htw-berlin.de/hochschule/personen/person/?eid=10979). Research-output counters on the same page: Projekte (10) | Publikationen (11) | Betreute Promotionen (2). Other stated functions: Laborleiter*in, Prüfungsausschuss - Mitglied. Also listed as staff of the degree programmes/units: Chemielabor; Fachgruppe Mathematik/Physik/Chemie; Regenerative Energien (B); Regenerative Energien (M). Campus stated: Campus Wilhelminenhof (both HTW campuses are in Berlin). Source of professorship: HTW Professor_innenprofile-Katalog."
Helen Leemhuis,Prof. Dr.-Ing. Helen Leemhuis,"Hochschullehrer*in; Lehr- und Forschungsgebiet: Wirtschaftsingenieurwesen; Fachbereich 4: Informatik, Kommunikation und Wirtschaft; Hochschule für Technik und Wirtschaft Berlin (HTW Berlin)",,,https://www.htw-berlin.de/hochschule/personen/person/?eid=3893,RESEARCH GROUP/LAB: HTW states lab leadership — Laborleiter*in — FB4 Labore Wirtschaftsingenieurwesen I - III (source https://www.htw-berlin.de/hochschule/personen/person/?eid=3893). Research-output counters on the same page: Projekte (3). Schwerpunkte (verbatim): Konstruktionslehre Fabrikplanung Rechnerunterstützte Produktentwicklung Produktdatenmanagement. Other stated functions: Laborleiter*in. Also listed as staff of the degree programmes/units: FB4 Labore Wirtschaftsingenieurwesen I - III; Wirtschaftsingenieurwesen (B); Wirtschaftsingenieurwesen (M). Campus stated: Campus Wilhelminenhof (both HTW campuses are in Berlin). Source of professorship: HTW Professor_innenprofile-Katalog.
Christian Lehmann,Prof. Dr.-Ing. Christian Lehmann,"Hochschullehrer*in; Lehr- und Forschungsgebiet: Industrielle Robotik, Robotik, Produktionsautomatisierung, Produktionstechnik, Drohnen, Fertigungstechnik; Fachbereich 2: Ingenieurwissenschaften - Technik und Leben; Hochschule für Technik und Wirtschaft Berlin (HTW Berlin)",,http://htwb.de/clehmann,https://www.htw-berlin.de/hochschule/personen/person/?eid=12864,"RESEARCH GROUP/LAB: HTW states lab leadership — Hochschullehrer*in, Laborleiter*in — Fachbereich 2: Ingenieurwissenschaften - Technik und Leben | Laborleiter*in — Labor Mechatronik (source https://www.htw-berlin.de/hochschule/personen/person/?eid=12864). Research-output counters on the same page: Projekte (2) | Publikationen (1). Schwerpunkte (verbatim): Industrielle Robotik, Robotik, Produktionsautomatisierung, Produktionstechnik, Drohnen. Other stated functions: Laborleiter*in. Also listed as staff of the degree programmes/units: Informatik in Ingenieurwissenschaften (M); Labor Mechatronik; Maschinenbau (B). Campus stated: Campus Wilhelminenhof (both HTW campuses are in Berlin). Source of professorship: HTW Professor_innenprofile-Katalog."
Jan-Marcus Lehmann,Prof. Dr. Jan-Marcus Lehmann,"Hochschullehrer*in; Lehr- und Forschungsgebiet: Informationsmanagement, Projektmanagement, Geschäftsprozessmanagement, Betriebliche Umweltinformationssysteme (Konzeption/ Anwendung und Entwicklung), e-health; Fachbereich 2: Ingenieurwissenschaften - Technik und Leben; Hochschule für Technik und Wirtschaft Berlin (HTW Berlin)",,,https://www.htw-berlin.de/hochschule/personen/person/?eid=3779,"No research group, lab, Forschungscluster or Forschungsschwerpunkt leadership stated on https://www.htw-berlin.de/hochschule/personen/person/?eid=3779. Research-output counters on the same page: Projekte (1) | Publikationen (2). Other stated functions: Prüfungsausschuss - Vorsitzende*r. Also listed as staff of the degree programmes/units: Betriebliche Umweltinformatik (M); Fahrzeugtechnik (B); Informatik in Ingenieurwissenschaften (M); Ingenieurinformatik (B); Life Science Engineering (B); Life Science Engineering (M); Umweltinformatik (B). Campus stated: Campus Wilhelminenhof (both HTW campuses are in Berlin). Source of professorship: HTW Professor_innenprofile-Katalog."
Tine Lehmann,Prof. Dr. Tine Lehmann,Hochschullehrer*in; Lehr- und Forschungsgebiet: Teaching: - International Management - Intercultural Management - Project Management - Research Methods; Fachbereich 3: Wirtschafts- und Rechtswissenschaften; Hochschule für Technik und Wirtschaft Berlin (HTW Berlin),,http://people.f3.htw-berlin.de/Professoren/Lehmann/ ,https://www.htw-berlin.de/hochschule/personen/person/?eid=10417,"No research group, lab, Forschungscluster or Forschungsschwerpunkt leadership stated on https://www.htw-berlin.de/hochschule/personen/person/?eid=10417. Research-output counters on the same page: Projekte (20) | Publikationen (42) | Vorträge / Veranstaltungen (29). Schwerpunkte (verbatim): • Business networks • Formal and informal institutional environment • Internationalization of SME • Refugee Business Environment • Organizational Resilience. Other stated functions: Praktikumsbeauftragte*r, Studienfachberater*in, Studiengangssprecher*in. Also listed as staff of the degree programmes/units: International Business (B); International Business (M). Campus stated: Campus Treskowallee (both HTW campuses are in Berlin). Source of professorship: HTW Professor_innenprofile-Katalog."
Tobias Lenz,Prof. Dr. Tobias Lenz,"Hochschullehrer*in; Lehr- und Forschungsgebiet: Computergrafik, Interaktive Systeme, Game Technologies; Fachbereich 4: Informatik, Kommunikation und Wirtschaft; Hochschule für Technik und Wirtschaft Berlin (HTW Berlin)",,,https://www.htw-berlin.de/hochschule/personen/person/?eid=9042,"No research group, lab, Forschungscluster or Forschungsschwerpunkt leadership stated on https://www.htw-berlin.de/hochschule/personen/person/?eid=9042. Research-output counters on the same page: Publikationen (1) | Vorträge / Veranstaltungen (4). Other stated functions: Auswahlkommission - Vorsitzende*r, Studienfachberater*in. Also listed as staff of the degree programmes/units: Internationale Medieninformatik (B); Internationale Medieninformatik (M). Campus stated: Campus Wilhelminenhof (both HTW campuses are in Berlin). Source of professorship: HTW Professor_innenprofile-Katalog."
Jens Liebchen,Prof. Dr.-Ing. Jens Liebchen,"Hochschullehrer*in; Lehr- und Forschungsgebiet: Baubetriebswirtschaftslehre, Bau-Projektmanagement, Building Information Modeling (BIM); Fachbereich 2: Ingenieurwissenschaften - Technik und Leben; Hochschule für Technik und Wirtschaft Berlin (HTW Berlin)",,,https://www.htw-berlin.de/hochschule/personen/person/?eid=4587,"RESEARCH GROUP/LAB: listed under Industrielle Produktion (Forschungscluster) on https://www.htw-berlin.de/hochschule/personen/person/?eid=4587. Research-output counters on the same page: Projekte (2) | Publikationen (16) | Vorträge / Veranstaltungen (28). Schwerpunkte (verbatim): Ausschreibung/Vergabe/Abrechnung, Kalkulation und Preisermittlung von Bauleistungen, Projektmanagement, Building Information Modeling (BIM). Other stated functions: Anrechnung von Prüfungsleistungen - Beauftragte*r, Studienfachberater*in. Also listed as staff of the degree programmes/units: Bauingenieurwesen (B); Bauingenieurwesen (M). Campus stated: Campus Wilhelminenhof (both HTW campuses are in Berlin). Source of professorship: HTW Professor_innenprofile-Katalog."
Michael Lindemann,Prof. Dr.-Ing. Michael Lindemann,"Hochschullehrer*in; Lehr- und Forschungsgebiet: Mechatronik, KFZ-Elektronik, Fahrzeugmesstechnik, Fahrsimulation; Fachbereich 2: Ingenieurwissenschaften - Technik und Leben; Hochschule für Technik und Wirtschaft Berlin (HTW Berlin)",,,https://www.htw-berlin.de/hochschule/personen/person/?eid=3340,"No research group, lab, Forschungscluster or Forschungsschwerpunkt leadership stated on https://www.htw-berlin.de/hochschule/personen/person/?eid=3340. Research-output counters on the same page: Projekte (8) | Publikationen (12) | Vorträge / Veranstaltungen (45) | Betreute Promotionen (1) | Preise / Auszeichnungen (2). Other stated functions: Anrechnung von Prüfungsleistungen - Beauftragte*r, Auswahlkommission - Vorsitzende*r, BAföG - Beauftragte*r, Ersthelfer*in, Prüfungsausschuss - Mitglied, Studienfachberater*in. Also listed as staff of the degree programmes/units: Fahrzeugtechnik (B); Fahrzeugtechnik (M); Future Automotive Technology (M); Maschinenbau (B); Maschinenbau (M). Campus stated: Campus Wilhelminenhof (both HTW campuses are in Berlin). Source of professorship: HTW Professor_innenprofile-Katalog."
Fabian Lindner,Prof. Dr. Fabian Lindner,"Hochschullehrer*in; Lehr- und Forschungsgebiet: Volkswirtschaftslehre, politische Ökonomie; Fachbereich 3: Wirtschafts- und Rechtswissenschaften; Hochschule für Technik und Wirtschaft Berlin (HTW Berlin)",,,https://www.htw-berlin.de/hochschule/personen/person/?eid=10454,"RESEARCH GROUP/LAB: listed under Money, Finance, Trade and Development (Forschungscluster) on https://www.htw-berlin.de/hochschule/personen/person/?eid=10454. Research-output counters on the same page: Publikationen (28) | Vorträge / Veranstaltungen (12). Schwerpunkte (verbatim): Internationale Wirtschaft Europäische Wirtschaft Zusammenspiel von Finanzmärkten und Realwirtschaft Geldpolitik Vertrauensdozent der Hans-Böckler-Stiftung. Other stated functions: Auswahlkommission - Mitglied, Prüfungsausschuss - Vorsitzende*r. Also listed as staff of the degree programmes/units: Betriebswirtschaftslehre (B) FW; Europäische Wirtschaftspolitik (M); International Business (B); International Business (M). Campus stated: Campus Treskowallee (both HTW campuses are in Berlin). Source of professorship: HTW Professor_innenprofile-Katalog."
Camille Logeay,Prof. Dr. Camille Logeay,Hochschullehrer*in; Lehr- und Forschungsgebiet: Volkwirtschaftslehre insbesondere quantitative Methoden; Fachbereich 3: Wirtschafts- und Rechtswissenschaften; Hochschule für Technik und Wirtschaft Berlin (HTW Berlin),,,https://www.htw-berlin.de/hochschule/personen/person/?eid=3463,"RESEARCH GROUP/LAB: listed under Industrielle Produktion (Forschungscluster) | Money, Finance, Trade and Development (Forschungscluster) on https://www.htw-berlin.de/hochschule/personen/person/?eid=3463. Research-output counters on the same page: Projekte (7) | Publikationen (62) | Vorträge / Veranstaltungen (45) | Preise / Auszeichnungen (2) | Mitgliedschaften (7). Schwerpunkte (verbatim): Grundzüge der Volkwirtschaftslehre, Arbeitsmarkt, Sozialpolitik, Ökonometrie. Other stated functions: Auswahlkommission - Vorsitzende*r, Prüfungsausschuss - Vorsitzende*r. Also listed as staff of the degree programmes/units: Betriebswirtschaftslehre (B); International and Development Economics (M); Wirtschaft und Politik (B). Campus stated: Campus Treskowallee (both HTW campuses are in Berlin). Source of professorship: HTW Professor_innenprofile-Katalog."
Mark de Longueville,Prof. Dr. Mark de Longueville,"Hochschullehrer*in; Lehr- und Forschungsgebiet: Mathematik, Optimierung, Operations Research; Fachbereich 3: Wirtschafts- und Rechtswissenschaften; Hochschule für Technik und Wirtschaft Berlin (HTW Berlin)",,,https://www.htw-berlin.de/hochschule/personen/person/?eid=4687,"No research group, lab, Forschungscluster or Forschungsschwerpunkt leadership stated on https://www.htw-berlin.de/hochschule/personen/person/?eid=4687. Research-output counters on the same page: Publikationen (12). Schwerpunkte (verbatim): Kombinatorik, Graphentheorie, lineare Optimierung, Operations Research, topologische Kombinatorik. Also listed as staff of the degree programmes/units: International Business (B). Campus stated: Campus Treskowallee (both HTW campuses are in Berlin). Source of professorship: HTW Professor_innenprofile-Katalog."
Marcus Lörgen,Prof. Dr. Marcus Lörgen,Hochschullehrer*in; Fachbereich 1: Ingenieurwissenschaften - Energie und Information; Hochschule für Technik und Wirtschaft Berlin (HTW Berlin),,,https://www.htw-berlin.de/hochschule/personen/person/?eid=11292,"No research group, lab, Forschungscluster or Forschungsschwerpunkt leadership stated on https://www.htw-berlin.de/hochschule/personen/person/?eid=11292. Research-output counters on the same page: Vorträge / Veranstaltungen (2). Also listed as staff of the degree programmes/units: Mikrosystemtechnik (B). Source of professorship: HTW Professor_innenprofile-Katalog."
Martina Lütkewitte,Prof. Dr. Martina Lütkewitte,Hochschullehrer*in; Lehr- und Forschungsgebiet: Strategisches Management und Marketing; Fachbereich 3: Wirtschafts- und Rechtswissenschaften; Hochschule für Technik und Wirtschaft Berlin (HTW Berlin),,,https://www.htw-berlin.de/hochschule/personen/person/?eid=13804,"No research group, lab, Forschungscluster or Forschungsschwerpunkt leadership stated on https://www.htw-berlin.de/hochschule/personen/person/?eid=13804. Campus stated: Campus Treskowallee (both HTW campuses are in Berlin). Source of professorship: HTW Professor_innenprofile-Katalog."
Holger Lütters,Prof. Dr. Holger Lütters,"Hochschullehrer*in; Lehr- und Forschungsgebiet: International Marketing, Digital Marketing, Online Research, AI in Marketing and Research; Fachbereich 3: Wirtschafts- und Rechtswissenschaften; Hochschule für Technik und Wirtschaft Berlin (HTW Berlin)",,https://www.luetters.com,https://www.htw-berlin.de/hochschule/personen/person/?eid=4617,"No research group, lab, Forschungscluster or Forschungsschwerpunkt leadership stated on https://www.htw-berlin.de/hochschule/personen/person/?eid=4617. Research-output counters on the same page: Projekte (6) | Publikationen (72) | Vorträge / Veranstaltungen (47) | Preise / Auszeichnungen (2) | Begutachtungen (2). Schwerpunkte (verbatim): Online Research Social Media Marketing Mobile Research Consumer Behaviour Künstliche Intelligenz im Marketing AI Twins - Digital Doppelganger. Also listed as staff of the degree programmes/units: Betriebswirtschaftslehre (B); International Business (B); International Business (M). Campus stated: Campus Treskowallee (both HTW campuses are in Berlin). Source of professorship: HTW Professor_innenprofile-Katalog."
Matthias Mager,Prof. Dr.-Ing. Matthias Mager,Hochschullehrer*in; Fachbereich 2: Ingenieurwissenschaften - Technik und Leben; Hochschule für Technik und Wirtschaft Berlin (HTW Berlin),,,https://www.htw-berlin.de/hochschule/personen/person/?eid=15220,"No research group, lab, Forschungscluster or Forschungsschwerpunkt leadership stated on https://www.htw-berlin.de/hochschule/personen/person/?eid=15220. Also listed as staff of the degree programmes/units: Bauingenieurwesen (B); Bauingenieurwesen (M). Campus stated: Campus Wilhelminenhof (both HTW campuses are in Berlin). Source of professorship: HTW Professor_innenprofile-Katalog."
Verena Majuntke,Prof. Dr. Verena Majuntke,"Hochschullehrer*in; Lehr- und Forschungsgebiet: Software-Engineering, Nachhaltige Software(entwicklung), Industrie 4.0, Digitalisierung, Programmieren Lernen, Requirements Engineering; Fachbereich 4: Informatik, Kommunikation und Wirtschaft; Hochschule für Technik und Wirtschaft Berlin (HTW Berlin)",,,https://www.htw-berlin.de/hochschule/personen/person/?eid=11866,"No research group, lab, Forschungscluster or Forschungsschwerpunkt leadership stated on https://www.htw-berlin.de/hochschule/personen/person/?eid=11866. Research-output counters on the same page: Projekte (3) | Publikationen (20) | Preise / Auszeichnungen (3). Schwerpunkte (verbatim): Nachhaltige Software(entwicklung), Green Coding. Also listed as staff of the degree programmes/units: Wirtschaftsinformatik (B); Wirtschaftsinformatik (M). Campus stated: Campus Treskowallee (both HTW campuses are in Berlin). Source of professorship: HTW Professor_innenprofile-Katalog."
Birte Malzahn,Prof. Dr. Birte Malzahn,"Hochschullehrer*in; Lehr- und Forschungsgebiet: Informationsmanagement, Geschäftsprozesse, Betriebliche Anwendungssysteme, Urbane Logistik; Fachbereich 4: Informatik, Kommunikation und Wirtschaft; Hochschule für Technik und Wirtschaft Berlin (HTW Berlin)",,,https://www.htw-berlin.de/hochschule/personen/person/?eid=8589,"RESEARCH GROUP/LAB: listed under Sustainable Smart Cities (Forschungscluster) on https://www.htw-berlin.de/hochschule/personen/person/?eid=8589. Research-output counters on the same page: Projekte (7) | Publikationen (40) | Vorträge / Veranstaltungen (48). Schwerpunkte (verbatim): Prozessmanagement, Geschäftsprozessoptimierung Betriebliche Anwendungssysteme, insbesondere SAP Einführung neuer Anwendungssysteme in Unternehmen Gesellschaftliche Aspekte der IT Urbane Logistik Weitere Themen nach Absprache. Other stated functions: Ersthelfer*in, Studiengangssprecher*in. Also listed as staff of the degree programmes/units: Wirtschaftsinformatik (B); Wirtschaftsinformatik (M). Campus stated: Campus Treskowallee (both HTW campuses are in Berlin). Source of professorship: HTW Professor_innenprofile-Katalog."
Thomas Manke,Prof. Dr. Thomas Manke,"Hochschullehrer*in; Lehr- und Forschungsgebiet: Data Science, Machine Learning, Genomics, Bioinformatik; Fachbereich 4: Informatik, Kommunikation und Wirtschaft; Hochschule für Technik und Wirtschaft Berlin (HTW Berlin)",,,https://www.htw-berlin.de/hochschule/personen/person/?eid=14856,"No research group, lab, Forschungscluster or Forschungsschwerpunkt leadership stated on https://www.htw-berlin.de/hochschule/personen/person/?eid=14856. Research-output counters on the same page: Projekte (1) | Publikationen (4). Source of professorship: HTW Professor_innenprofile-Katalog."
Ingo Marsolek,Prof. Dr.-Ing. Ingo Marsolek,"Hochschullehrer*in; Lehr- und Forschungsgebiet: Arbeits- & Produktgestaltung; Fachbereich 4: Informatik, Kommunikation und Wirtschaft; Hochschule für Technik und Wirtschaft Berlin (HTW Berlin)",,,https://www.htw-berlin.de/hochschule/personen/person/?eid=4330,"No research group, lab, Forschungscluster or Forschungsschwerpunkt leadership stated on https://www.htw-berlin.de/hochschule/personen/person/?eid=4330. Research-output counters on the same page: Projekte (20) | Publikationen (12) | Vorträge / Veranstaltungen (70) | Preise / Auszeichnungen (1) | Begutachtungen (1) | Mitgliedschaften (8). Schwerpunkte (verbatim): partizipative Arbeitssystem-Analyse & Optimierung empathische Produkt-Gestaltung & Usability-Evaluierung. Also listed as staff of the degree programmes/units: Wirtschaftsingenieurwesen (B); Wirtschaftsingenieurwesen (B) FW; Zentrum für berufsbegleitendes und weiterbildendes Studium. Campus stated: Campus Wilhelminenhof (both HTW campuses are in Berlin). Source of professorship: HTW Professor_innenprofile-Katalog."
Stephan Matzka,Prof. Dr. Stephan Matzka,Hochschullehrer*in; Lehr- und Forschungsgebiet: Mechatronik und Mechatronische Systeme im Studiengang Maschinenbau; Fachbereich 2: Ingenieurwissenschaften - Technik und Leben; Hochschule für Technik und Wirtschaft Berlin (HTW Berlin),,https://scholar.google.com/scholar?q=stephan+matzka,https://www.htw-berlin.de/hochschule/personen/person/?eid=11248,"RESEARCH GROUP/LAB: HTW states lab leadership — Hochschullehrer*in, Laborleiter*in — Maschinenbau (B) (source https://www.htw-berlin.de/hochschule/personen/person/?eid=11248). Research-output counters on the same page: Projekte (6) | Publikationen (17) | Patente (2) | Vorträge / Veranstaltungen (28). Schwerpunkte (verbatim): Künstliche Intelligenz im Maschinenbau, Industrie 4.0, Mechatronische Systeme. Other stated functions: Laborleiter*in. Also listed as staff of the degree programmes/units: Maschinenbau (B); Maschinenbau (B) FW; Maschinenbau (M). Campus stated: Campus Wilhelminenhof (both HTW campuses are in Berlin). Source of professorship: HTW Professor_innenprofile-Katalog."
Rico Meier,Prof. Dr. rer. nat. Rico Meier,"Hochschullehrer*in; Lehr- und Forschungsgebiet: Physik, Methodenentwicklung zur zerstörungsfreien Materialcharakterisierung (NDE) und Bauteilüberwachung (SHM), Bauteilzuverlässigkeit, Sensorentwicklung für harsche Umgebungen, Zuverlässigkeit von Photovoltaikkomponenten; Fachbereich 1: Ingenieurwissenschaften - Energie und Information; Hochschule für Technik und Wirtschaft Berlin (HTW Berlin)",,,https://www.htw-berlin.de/hochschule/personen/person/?eid=13571,"No research group, lab, Forschungscluster or Forschungsschwerpunkt leadership stated on https://www.htw-berlin.de/hochschule/personen/person/?eid=13571. Research-output counters on the same page: Projekte (3) | Publikationen (2) | Vorträge / Veranstaltungen (1) | Begutachtungen (1). Schwerpunkte (verbatim): • Sensorentwicklung zur (zerstörungsfreien) Prozess- und Anlagenüberwachung / Steuerung • Qualitätsbewertung / Instandhaltungsplanung aufgrund der Sensordaten • Haltbarkeit, Vernetzung und Autarkie von Sensoren in harschen Industriebedingungen. Also listed as staff of the degree programmes/units: Fachgruppe Mathematik/Physik/Chemie. Campus stated: Campus Wilhelminenhof (both HTW campuses are in Berlin). Source of professorship: HTW Professor_innenprofile-Katalog."
Ulrich Meissen,Prof. Dr. Ulrich Meissen,"Hochschullehrer*in; Lehr- und Forschungsgebiet: Wirtschaftsinformatik; Fachbereich 4: Informatik, Kommunikation und Wirtschaft; Hochschule für Technik und Wirtschaft Berlin (HTW Berlin)",,https://www.fokus.fraunhofer.de/usr/meissen,https://www.htw-berlin.de/hochschule/personen/person/?eid=10742,"No research group, lab, Forschungscluster or Forschungsschwerpunkt leadership stated on https://www.htw-berlin.de/hochschule/personen/person/?eid=10742. Research-output counters on the same page: Projekte (6) | Publikationen (24) | Vorträge / Veranstaltungen (12) | Betreute Promotionen (2). Schwerpunkte (verbatim): Anwendungssystementwicklung, Software Engineering, Sicherheitsanwendungen, Katastrophenmanagement, Frühwarnsysteme, Informationssicherheit, IT-Sicherheit, Datenschutz. Other stated functions: Praktikumsbeauftragte*r. Also listed as staff of the degree programmes/units: Wirtschaftsinformatik (B); Wirtschaftsinformatik (M). Campus stated: Campus Treskowallee (both HTW campuses are in Berlin). Source of professorship: HTW Professor_innenprofile-Katalog."
Matthias Menge,Prof. Dr.-Ing. habil. Matthias Menge,"Hochschullehrer*in; Lehr- und Forschungsgebiet: Ingenieurinformatik, Elektrotechnik; Fachbereich 1: Ingenieurwissenschaften - Energie und Information; Hochschule für Technik und Wirtschaft Berlin (HTW Berlin)",,,https://www.htw-berlin.de/hochschule/personen/person/?eid=8176,"RESEARCH GROUP/LAB: HTW states lab leadership — Laborleiter*in — Informatik/Anlagenplanung | Laborleiter*in — Labore (source https://www.htw-berlin.de/hochschule/personen/person/?eid=8176). Research-output counters on the same page: Projekte (2) | Publikationen (29) | Patente (15) | Vorträge / Veranstaltungen (3) | Betreute Promotionen (1). Schwerpunkte (verbatim): Softwareentwicklung (C, C++, C#, Java, Python usw.) - Messtechnik zum Monitoring von HV-Anlagen - Signalverarbeitung - Expertensysteme - Realzeitbetriebssysteme und -anwendungen - Eingebettete Systeme / Mikrocontroller / Prozessoren - Digitale Hardware (PCBs, SoCs, IPs, CPLDs, FPGAs) - Schaltungssynthese in VHDL, Verilog und SystemVerilog. Other stated functions: Anrechnung von Prüfungsleistungen - Beauftragte*r, Laborleiter*in, Prüfungsausschuss - Mitglied, Studienfachberater*in. Also listed as staff of the degree programmes/units: Elektrotechnik (B); Elektrotechnik (M); Informatik/Anlagenplanung; Labore. Campus stated: Campus Wilhelminenhof (both HTW campuses are in Berlin). Source of professorship: HTW Professor_innenprofile-Katalog."
Martina Merker,Prof. Dr. jur. Martina Merker,"Hochschullehrer*in; Lehr- und Forschungsgebiet: Gewerblicher Rechtsschutz, Urheberrecht, Markenrecht, Wettbewerbsrecht, Wirtschaftsmediation, Vertragsgestaltung, Wirtschaftsrecht, Wirtschaftsprivatrecht, Zivilrecht; Fachbereich 3: Wirtschafts- und Rechtswissenschaften; Hochschule für Technik und Wirtschaft Berlin (HTW Berlin)",,http://www.f3.htw-berlin.de/Professoren/Merker,https://www.htw-berlin.de/hochschule/personen/person/?eid=693,"No research group, lab, Forschungscluster or Forschungsschwerpunkt leadership stated on https://www.htw-berlin.de/hochschule/personen/person/?eid=693. Research-output counters on the same page: Projekte (5) | Publikationen (6) | Vorträge / Veranstaltungen (2). Also listed as staff of the degree programmes/units: Wirtschaftsrecht (B); Wirtschaftsrecht (M). Campus stated: Campus Treskowallee (both HTW campuses are in Berlin). Source of professorship: HTW Professor_innenprofile-Katalog."
Johanna Michel,Prof. Johanna Michel,"Hochschullehrer*in; Lehr- und Forschungsgebiet: CAD-Fashion, Gestalterische Grundlagen, Digitale Präsentation, Trendbezogene Kollektionskonzepte Textile Fläche; Fachbereich 5: Gestaltung und Kultur; Hochschule für Technik und Wirtschaft Berlin (HTW Berlin)",,,https://www.htw-berlin.de/hochschule/personen/person/?eid=3781,"RESEARCH GROUP/LAB: HTW states lab leadership — Laborleiter*in — Modellstudio | Laborleiter*in — Textile Flächengestaltung (source https://www.htw-berlin.de/hochschule/personen/person/?eid=3781). Research-output counters on the same page: Projekte (24) | Publikationen (9) | Vorträge / Veranstaltungen (7). Other stated functions: Auswahlkommission - Vorsitzende*r, Frauen- und Gleichstellungsbeauftragte - nebenberuflich, Laborleiter*in, Prüfungsausschuss - Stellvertretende*r Vorsitzende*r. Also listed as staff of the degree programmes/units: Modedesign (B); Modedesign (M); Modellstudio; Textile Flächengestaltung. Campus stated: Campus Wilhelminenhof (both HTW campuses are in Berlin). Source of professorship: HTW Professor_innenprofile-Katalog."
Helena Mihaljevic,Prof. Dr. Helena Mihaljevic,"Hochschullehrer*in; Lehr- und Forschungsgebiet: Data Science, NLP, Machine / Deep Learning; Fachbereich 4: Informatik, Kommunikation und Wirtschaft; Hochschule für Technik und Wirtschaft Berlin (HTW Berlin)",,,https://www.htw-berlin.de/hochschule/personen/person/?eid=11889,"RESEARCH GROUP/LAB: listed under Sustainable Smart Cities (Forschungscluster) on https://www.htw-berlin.de/hochschule/personen/person/?eid=11889. Research-output counters on the same page: Projekte (14) | Publikationen (39) | Vorträge / Veranstaltungen (59) | Betreute Promotionen (1) | Preise / Auszeichnungen (2) | Begutachtungen (1) | Mitgliedschaften (3). Schwerpunkte (verbatim): Computational Methods in Social Media research, NLP for Social Computing, Computational Methods in Antisemitism and Conspiracy Theory research, Fairness and Privacy in AI. Other stated functions: BAföG - Beauftragte*r, Prüfungsausschuss - Mitglied, Prüfungsberater*in, Studienfachberater*in. Also listed as staff of the degree programmes/units: Informatik und Wirtschaft - Frauenstudiengang (B). Campus stated: Campus Wilhelminenhof (both HTW campuses are in Berlin). Source of professorship: HTW Professor_innenprofile-Katalog."
Alexandra Mikityuk,Prof. Dr.-Ing. Alexandra Mikityuk,"Hochschullehrer*in; Lehr- und Forschungsgebiet: Security, Cryptography, and Trusted Data Infrastructures for the Machine Service Economy Research Vision: A growing class of autonomous systems — vehicles, sensors, drones, robots, and AI agents—is increasingly providing services, consuming services, and settling transactions with one another. These Machine Services introduce new requirements for security, identity, and data architectures: Who is the acting entity? Can the transmitted data be trusted? Is one machine authorized to act on behalf of another? My research focuses on the cryptographic, protocol, and systems foundations required to make identity, provenance, and integrity verifiable across machine-driven value chains — at a scale and speed where human verification is no longer feasible.; Fachbereich 1: Ingenieurwissenschaften - Energie und Information; Hochschule für Technik und Wirtschaft Berlin (HTW Berlin)",,,https://www.htw-berlin.de/hochschule/personen/person/?eid=15015,"No research group, lab, Forschungscluster or Forschungsschwerpunkt leadership stated on https://www.htw-berlin.de/hochschule/personen/person/?eid=15015. Research-output counters on the same page: Vorträge / Veranstaltungen (4) | Preise / Auszeichnungen (2) | Mitgliedschaften (1). Schwerpunkte (verbatim): 1. Cryptographic Machine and Agent Identity — Device-bound keys, hardware roots of trust (TPMs, Secure Elements), certificate lifecycle management, and identity federation across edge, cloud, and on-chain systems. 2. Trusted Data Infrastructures — Signed and chained data streams, tamper-resistant telemetry, and audit trails for AI, compliance, and automated settlement. 3. Secure Machine-to-Machine and Agent-to-Agent Communication — End-to-end encrypted peer-to-peer protocols, mutual authentication, and scalable networking for large machine fleets. 4. Architectures for Autonomous Service Econom…. Also listed as staff of the degree programmes/units: Informations- und Kommunikationstechnik (B); Informations- und Kommunikationstechnik (M). Campus stated: Campus Wilhelminenhof (both HTW campuses are in Berlin). Source of professorship: HTW Professor_innenprofile-Katalog."
Stefanie Molthagen-Schnöring,Prof. Dr. Stefanie Molthagen-Schnöring,"Hochschullehrer*in; Lehr- und Forschungsgebiet: Wirtschaftskommunikation mit dem Schwerpunkt Kommunikationsmanagement; Fachbereich 4: Informatik, Kommunikation und Wirtschaft; Hochschule für Technik und Wirtschaft Berlin (HTW Berlin)",,http://molthagen-schnoering.de/,https://www.htw-berlin.de/hochschule/personen/person/?eid=5170,"RESEARCH GROUP/LAB: listed under Sustainable Smart Cities (Forschungscluster) on https://www.htw-berlin.de/hochschule/personen/person/?eid=5170. Research-output counters on the same page: Projekte (18) | Publikationen (36) | Vorträge / Veranstaltungen (143) | Betreute Promotionen (1) | Mitgliedschaften (12). Schwerpunkte (verbatim): Wissenschaftskommunikation, (Gesellschafts-)Politische Kommunikation, Transfer und Entrepreneurship. Other stated functions: Vizepräsident*in Forschung. Also listed as staff of the degree programmes/units: Präsidium; Wirtschaftskommunikation (B); Wirtschaftskommunikation (M). Campus stated: Campus Treskowallee (both HTW campuses are in Berlin). Holds the university-level office of Präsident*in of HTW Berlin. Source of professorship: HTW Professor_innenprofile-Katalog."
Massoud Momeni,Prof. Dr.-Ing. Massoud Momeni,"Hochschullehrer*in; Lehr- und Forschungsgebiet: Mikroelektronik, Mikrosystemtechnik; Fachbereich 1: Ingenieurwissenschaften - Energie und Information; Hochschule für Technik und Wirtschaft Berlin (HTW Berlin)",,,https://www.htw-berlin.de/hochschule/personen/person/?eid=10506,"RESEARCH GROUP/LAB: HTW states lab leadership — Laborleiter*in — Entwurf und Applikation | Laborleiter*in — Labore (source https://www.htw-berlin.de/hochschule/personen/person/?eid=10506). Research-output counters on the same page: Projekte (1) | Publikationen (16) | Patente (8) | Vorträge / Veranstaltungen (4). Schwerpunkte (verbatim): Sensorschnittstellen Sicherheitselektronik im Kfz Neuromorphe Schaltungen und Systeme Delta-Sigma-Wandler Funktionale Sicherheit Lehre - Bachelor: - Analogelektronik (4+1 SWS) - ASIC-Entwurf (2+1 SWS) - Ausgewählte Kapitel Simulation (2 SWS) - CAD/CAE (Leiterplattenentwurf) (1 SWS) - Electronics (3 SWS) - Elektronik (4+2 SWS) - Elektronischer Entwurf (2 SWS) - Entwurf und Applikation 1 (1,5 SWS) - Entwurf und Applikation 2 (2 SWS) - Entwurf und Simulation 1 (1+1 SWS) - Interdisziplinäres Projekt Mikrosystemtechnik (2 SWS) - Messen und Prüfen (2+2 SWS) - Mikroelektronik (4+2 SWS) - Vertiefung E…. Other stated functions: Anrechnung von Prüfungsleistungen - Beauftragte*r, Auswahlkommission - Stellvertretende*r Vorsitzende*r, BAföG - Beauftragte*r, Laborleiter*in, Praktikumsbeauftragte*r, Studienfachberater*in. Also listed as staff of the degree programmes/units: Entwurf und Applikation; Labore; Mikrosystemtechnik (B); Mikrosystemtechnik (M). Campus stated: Campus Wilhelminenhof (both HTW campuses are in Berlin). Source of professorship: HTW Professor_innenprofile-Katalog."
Romy Morana,Prof. Dr. Romy Morana,Hochschullehrer*in; Lehr- und Forschungsgebiet: Betriebliches Nachhaltigkeitsmanagement Nachhaltigkeit in der Produktion Umweltpolitik; Fachbereich 2: Ingenieurwissenschaften - Technik und Leben; Hochschule für Technik und Wirtschaft Berlin (HTW Berlin),,,https://www.htw-berlin.de/hochschule/personen/person/?eid=3513,"RESEARCH GROUP/LAB: listed under Softwaresysteme und Informatikmethoden für eine nachhaltige Entwicklung (Forschungscluster) on https://www.htw-berlin.de/hochschule/personen/person/?eid=3513. Research-output counters on the same page: Projekte (5) | Publikationen (30) | Vorträge / Veranstaltungen (13) | Preise / Auszeichnungen (2). Schwerpunkte (verbatim): CSRD/ ESRD, EMAS, Umweltkostenrechnung, Umweltmanagement in medizinischen Einrichtungen, Closed Loop Recycling. Other stated functions: Frauen- und Gleichstellungsbeauftragte - nebenberuflich. Also listed as staff of the degree programmes/units: Betriebliche Umweltinformatik (M); Umweltinformatik (B). Campus stated: Campus Wilhelminenhof (both HTW campuses are in Berlin). Source of professorship: HTW Professor_innenprofile-Katalog."
Benjamin März,Prof. Dr.-Ing. Benjamin März,"Hochschullehrer*in; Lehr- und Forschungsgebiet: Produktion, Lean Management, Industrie 4.0, SixSigma, Lean Development, Change Management / New Work; Fachbereich 4: Informatik, Kommunikation und Wirtschaft; Hochschule für Technik und Wirtschaft Berlin (HTW Berlin)",,,https://www.htw-berlin.de/hochschule/personen/person/?eid=10298,"RESEARCH GROUP/LAB: HTW states lab leadership — Hochschullehrer*in, Laborleiter*in — Wirtschaftsingenieurwesen (B) | Hochschullehrer*in, Laborleiter*in — Wirtschaftsingenieurwesen (M) (source https://www.htw-berlin.de/hochschule/personen/person/?eid=10298). Research-output counters on the same page: Projekte (3) | Publikationen (2). Schwerpunkte (verbatim): Leistungsschwerpunkte: - Lean Management - Ganzheitliche Produktionssysteme - Lean Learning + Industrie 4.0 Factory - Prozessoptimierung - Qualitätsmanagement - SixSigma - Strategisches Technologiemanagement - Lean Development - Forschungsmanagement - Design Thinking - FMEA Branchenschwerpunkte: - Produktion von Elektromotoren - Elektrowerkzeuge / Power Tools - Automobilhersteller- und Automobilzulieferindustrie. Other stated functions: Laborleiter*in. Also listed as staff of the degree programmes/units: Wirtschaftsingenieurwesen (B); Wirtschaftsingenieurwesen (M). Campus stated: Campus Wilhelminenhof (both HTW campuses are in Berlin). Source of professorship: HTW Professor_innenprofile-Katalog."
Laurissa Mühlich,Prof. Dr. Laurissa Mühlich,"Hochschullehrer*in; Lehr- und Forschungsgebiet: Makroökonomie, Internationale Wirtschaftsbeziehungen, Finanzkrisen, Schuldenkrisen, Regionale Integration, Entwicklungsökonomie, Entwicklungstheorie und -politik Macroeconomics, International economics, Financial crises, Debt crises, Regional integration, Development economics, Development theory and policy; Fachbereich 3: Wirtschafts- und Rechtswissenschaften; Hochschule für Technik und Wirtschaft Berlin (HTW Berlin)",,,https://www.htw-berlin.de/hochschule/personen/person/?eid=14847,"No research group, lab, Forschungscluster or Forschungsschwerpunkt leadership stated on https://www.htw-berlin.de/hochschule/personen/person/?eid=14847. Research-output counters on the same page: Projekte (1) | Publikationen (19) | Vorträge / Veranstaltungen (1). Schwerpunkte (verbatim): Master International and Development Economics. Other stated functions: Praktikumsbeauftragte*r. Also listed as staff of the degree programmes/units: Wirtschaft und Politik (B). Campus stated: Campus Treskowallee (both HTW campuses are in Berlin). Source of professorship: HTW Professor_innenprofile-Katalog."
Birgit Müller,Prof. Dr.-Ing. habil. Birgit Müller,Hochschullehrer*in; Lehr- und Forschungsgebiet: Gebäudeenergietechnik; Fachbereich 1: Ingenieurwissenschaften - Energie und Information; Hochschule für Technik und Wirtschaft Berlin (HTW Berlin),,,https://www.htw-berlin.de/hochschule/personen/person/?eid=4648,"RESEARCH GROUP/LAB: listed under Klimagerechte Energieversorgungssysteme und energieeffiziente Gebäude (Forschungscluster) | Sustainable Smart Cities (Forschungscluster) on https://www.htw-berlin.de/hochschule/personen/person/?eid=4648. Research-output counters on the same page: Projekte (26) | Publikationen (70) | Vorträge / Veranstaltungen (34) | Betreute Promotionen (6) | Begutachtungen (3) | Mitgliedschaften (3). Schwerpunkte (verbatim): Raumluftströmungen (z.B. Entrauchung, Raumströmung, Kabinenströmung), Behaglichkeit in Innenräumen, empfunden Luftqualität (Geruchsuntersuchungen von Bauprodukten und Räumen), energieeffiziente Gebäudetechnik. Other stated functions: Anrechnung von Prüfungsleistungen - Beauftragte*r, Auswahlkommission - Vorsitzende*r, BAföG - Beauftragte*r, Praktikumsbeauftragte*r, Studienfachberater*in, Studiengangssprecher*in, Vizepräsident*in Lehre. Also listed as staff of the degree programmes/units: Gebäudeenergie- und -informationstechnik (B); Gebäudeenergie- und -informationstechnik (M); Gebäudeenergie- und -informationstechnik mit Orientierungsjahr (B); Präsidium. Campus stated: Campus Treskowallee (both HTW campuses are in Berlin). Holds the university-level office of Präsident*in of HTW Berlin. Source of professorship: HTW Professor_innenprofile-Katalog."
Alexander Müller-Rakow,Prof. Alexander Müller-Rakow,"Hochschullehrer*in; Lehr- und Forschungsgebiet: Interaction Design, Public Design; Fachbereich 5: Gestaltung und Kultur; Hochschule für Technik und Wirtschaft Berlin (HTW Berlin)",,,https://www.htw-berlin.de/hochschule/personen/person/?eid=11625,"RESEARCH GROUP/LAB: HTW states lab leadership — Hochschullehrer*in, Laborleiter*in — Kommunikationsdesign (B) | Laborleiter*in, Auswahlkommission - Stellvertretende*r Vorsitzende*r, Studiengangssprecher*in, BAföG - Beauftragte*r, Prüfungsausschuss - Vorsitzende*r — Public Design (M) (source https://www.htw-berlin.de/hochschule/personen/person/?eid=11625). Research-output counters on the same page: Projekte (6) | Publikationen (15) | Vorträge / Veranstaltungen (11) | Mitgliedschaften (1). Other stated functions: Auswahlkommission - Stellvertretende*r Vorsitzende*r, BAföG - Beauftragte*r, Laborleiter*in, Prüfungsausschuss - Vorsitzende*r, Studiengangssprecher*in. Also listed as staff of the degree programmes/units: Kommunikationsdesign (B); Public Design (M). Campus stated: Campus Wilhelminenhof (both HTW campuses are in Berlin). Source of professorship: HTW Professor_innenprofile-Katalog."
Michael Naumann,Prof. Dr.-Ing. Michael Naumann,Hochschullehrer*in; Lehr- und Forschungsgebiet: Micro systems technology; Fachbereich 1: Ingenieurwissenschaften - Energie und Information; Hochschule für Technik und Wirtschaft Berlin (HTW Berlin),,,https://www.htw-berlin.de/hochschule/personen/person/?eid=12021,"No research group, lab, Forschungscluster or Forschungsschwerpunkt leadership stated on https://www.htw-berlin.de/hochschule/personen/person/?eid=12021. Schwerpunkte (verbatim): • Design, modeling and experimental characterization of MEMS devices • Reduced order modeling (modal superposition approach) • Fluidic simulations • MEMS reliability (fracture, adhesion, quadrature). Other stated functions: Studiengangssprecher*in. Also listed as staff of the degree programmes/units: Mikrosystemtechnik (B); Mikrosystemtechnik (M). Campus stated: Campus Wilhelminenhof (both HTW campuses are in Berlin). Source of professorship: HTW Professor_innenprofile-Katalog."
Tobias Nettke,Prof. Dr. Tobias Nettke,"Hochschullehrer*in; Lehr- und Forschungsgebiet: Bildung und Vermittlung in Museen, Museumspädagogik, Museumskommunikation, Kulturvermittlung; Fachbereich 5: Gestaltung und Kultur; Hochschule für Technik und Wirtschaft Berlin (HTW Berlin)",,https://mmk.htw-berlin.de/personen/prof-dr-tobias-nettke/,https://www.htw-berlin.de/hochschule/personen/person/?eid=4243,"No research group, lab, Forschungscluster or Forschungsschwerpunkt leadership stated on https://www.htw-berlin.de/hochschule/personen/person/?eid=4243. Research-output counters on the same page: Projekte (31) | Publikationen (52) | Vorträge / Veranstaltungen (162) | Betreute Promotionen (1) | Begutachtungen (10) | Mitgliedschaften (13). Schwerpunkte (verbatim): Theorie und Praxis der Museumspädagogik, Methoden der Vermittlung im Museum, Analyse kommunikativer Prozesse in Museen (Module zu: Museumspädagogik, Visuelle Kommunikation in Museen, Ausstellungskommunikation, Besucherservice, Besucherforschung, Audience Development, Medieneinsatz in Museen, Zielgruppenspezifische Informations- und Vermittlungsangebote). Other stated functions: Auswahlkommission - Mitglied, Fachbereichsrat - Mitglied, Prüfungsausschuss - Stellvertretende*r Vorsitzende*r, Studiengangssprecher*in. Also listed as staff of the degree programmes/units: FB5 Fachbereichsrat; Museologie (B); Museumskunde (B); Museumsmanagement und -kommunikation (M). Campus stated: Campus Wilhelminenhof (both HTW campuses are in Berlin). Source of professorship: HTW Professor_innenprofile-Katalog."
Frank Neumann,Prof. Dr.-Ing. Frank Neumann,"Hochschullehrer*in; Lehr- und Forschungsgebiet: Ingenieurinformatik, 3D-Datenverarbeitung (Tiefensensoren / 3D-Rekonstruktion / Objekterkennung / Ähnlichkeitssuche), Deep Learning im Bereich 3D, Extended Reality, Softwareentwurf / -architektur / -engineering, Mobile Applikationen; Fachbereich 2: Ingenieurwissenschaften - Technik und Leben; Hochschule für Technik und Wirtschaft Berlin (HTW Berlin)",,https://neumann.f2.htw-berlin.de/,https://www.htw-berlin.de/hochschule/personen/person/?eid=9685,"RESEARCH GROUP/LAB: listed under Industrielle Produktion (Forschungscluster) | Softwaresysteme und Informatikmethoden für eine nachhaltige Entwicklung (Forschungscluster) on https://www.htw-berlin.de/hochschule/personen/person/?eid=9685. Research-output counters on the same page: Projekte (7) | Publikationen (25) | Patente (1) | Vorträge / Veranstaltungen (42) | Preise / Auszeichnungen (1) | Begutachtungen (5). Schwerpunkte (verbatim): Tiefensensoren in mobilen Geräten (dToF, iToF, LiDAR), 3D-Rekonstruktion und Objekterkennung, 3D-basierte Ähnlichkeitssuche, Deep Learning im Bereich von 3D-Daten, Extended Reality für mobile Applikationen, Mobile Applikationen mit Kotlin. Other stated functions: Anrechnung von Prüfungsleistungen - Beauftragte*r, Studienfachberater*in. Also listed as staff of the degree programmes/units: Informatik in Ingenieurwissenschaften (M); Ingenieurinformatik (B). Campus stated: Campus Wilhelminenhof (both HTW campuses are in Berlin). Source of professorship: HTW Professor_innenprofile-Katalog."
Jens Neumann,Prof. Dr.-Ing. Jens Neumann,"Hochschullehrer*in; Lehr- und Forschungsgebiet: Klassische Konstruktion, Rechnerunterstützte Produktentwicklung, Product-Lifecycle-Management, Virtuelle Produktentstehung, CAx-Techniken; Fachbereich 4: Informatik, Kommunikation und Wirtschaft; Hochschule für Technik und Wirtschaft Berlin (HTW Berlin)",,https://wiw-bachelor.htw-berlin.de/studium/labore/,https://www.htw-berlin.de/hochschule/personen/person/?eid=9444,"RESEARCH GROUP/LAB: HTW states lab leadership — Laborleiter*in — FB4 Labore Wirtschaftsingenieurwesen I - III (source https://www.htw-berlin.de/hochschule/personen/person/?eid=9444). Research-output counters on the same page: Vorträge / Veranstaltungen (3). Schwerpunkte (verbatim): Teamcenter, NX, CAD, DMU, CAM, CMM Virtual Reality in der Produktvalidierung. Other stated functions: Fachbereichsrat - Mitglied, Laborleiter*in, Studiengangssprecher*in. Also listed as staff of the degree programmes/units: FB4 Fachbereichsrat; FB4 Labore Wirtschaftsingenieurwesen I - III; Wirtschaftsingenieurwesen (B); Wirtschaftsingenieurwesen (B) FW; Wirtschaftsingenieurwesen (M). Campus stated: Campus Wilhelminenhof (both HTW campuses are in Berlin). Source of professorship: HTW Professor_innenprofile-Katalog."
Ha Duong Ngo,Prof. Dr.-Ing. Ha Duong Ngo,"Hochschullehrer*in; Lehr- und Forschungsgebiet: Microsystems Engineering, Microsensors and Actuator Technologies; Fachbereich 1: Ingenieurwissenschaften - Energie und Information; Hochschule für Technik und Wirtschaft Berlin (HTW Berlin)",,https://mst.htw-berlin.de/forschung/arbeitsgruppe-ngo/,https://www.htw-berlin.de/hochschule/personen/person/?eid=8803,"RESEARCH GROUP/LAB: HTW states lab leadership — Laborleiter*in — Labore | Laborleiter*in — Technologie (source https://www.htw-berlin.de/hochschule/personen/person/?eid=8803). RESEARCH GROUP/LAB: listed under Klimagerechte Energieversorgungssysteme und energieeffiziente Gebäude (Forschungscluster) on https://www.htw-berlin.de/hochschule/personen/person/?eid=8803. Research-output counters on the same page: Projekte (36) | Publikationen (97) | Patente (10) | Vorträge / Veranstaltungen (34) | Betreute Promotionen (3) | Preise / Auszeichnungen (2) | Mitgliedschaften (4). Schwerpunkte (verbatim): Mikrosysteme Piezoresistive Sensors Sensors for Harsh Environments SOI- and SiC-based Sensors Accelerometers Aerospace MEMS Acoustic MEMS Sensors Gas Sensors Design and Simulation of Microsystems Graphene Material Research https://en.wikipedia.org/wiki/Ha_Duong_Ngo https://www.mdpi.com/journal/micromachines/editors https://www.frontiersin.org/research-topics/41052/mems-sensors-for-aerospace-applications. Other stated functions: Auswahlkommission - Vorsitzende*r, Laborleiter*in, Prüfungsausschuss - Mitglied, Prüfungsausschuss - Stellvertretende*r Vorsitzende*r. Also listed as staff of the degree programmes/units: Labore; Mikrosystemtechnik (B); Mikrosystemtechnik (M); Technologie. Campus stated: Campus Wilhelminenhof (both HTW campuses are in Berlin). Source of professorship: HTW Professor_innenprofile-Katalog."
Katja Ninnemann,Prof. Dr. Katja Ninnemann,"Hochschullehrer*in; Lehr- und Forschungsgebiet: Digitalisierung und Workspace Management, Corporate Learning Architecture; Fachbereich 2: Ingenieurwissenschaften - Technik und Leben; Hochschule für Technik und Wirtschaft Berlin (HTW Berlin)",,https://xwiki.htw-berlin.de/bin/view/%7Eninnema/WORKSPACE%20MANAGEMENT/,https://www.htw-berlin.de/hochschule/personen/person/?eid=12732,"RESEARCH GROUP/LAB: listed under Sustainable Smart Cities (Forschungscluster) on https://www.htw-berlin.de/hochschule/personen/person/?eid=12732. Research-output counters on the same page: Projekte (13) | Publikationen (66) | Vorträge / Veranstaltungen (123) | Mitgliedschaften (8). Schwerpunkte (verbatim): Corporate Learning Architecture: • Innovationsprozesse und Gestaltungspraktiken hybrider Lern- und Arbeitsumgebungen • Lernraumorganisation als strategisches Managementinstrument • Innovationsmanagement in Bildungsinstitutionen • Raumkonstitutionen und Wissensmanagement Reallabore Learning Experiences • Verortung von Lernprozessen und Wissensarbeit in hybriden Lern- und Arbeitsumgebungen • Experience und Change Management in innovativen Bildungsräumen • Handlungspraktiken und Orte selbstgesteuerter Lernprozesse • Digitalisierung in Bildungskontexten. Other stated functions: Auswahlkommission - Mitglied, BAföG - Beauftragte*r, Frauen- und Gleichstellungsbeauftragte - nebenberuflich, Studiengangssprecher*in. Also listed as staff of the degree programmes/units: Facility Management (B); Facility Management (M); Gremium; Workplace und Facility Engineering (B); Workspace Management und Real Estate Engineering (M). Campus stated: Campus Wilhelminenhof (both HTW campuses are in Berlin). Source of professorship: HTW Professor_innenprofile-Katalog."
Sabine Nitsche,Prof. Dr. Sabine Nitsche,"Hochschullehrer*in; Lehr- und Forschungsgebiet: (Internationales) Human Resource Management Global Leadership Betriebliches Gesundheitsmanagement; Fachbereich 4: Informatik, Kommunikation und Wirtschaft; Hochschule für Technik und Wirtschaft Berlin (HTW Berlin)",,,https://www.htw-berlin.de/hochschule/personen/person/?eid=4593,"RESEARCH GROUP/LAB: listed under Gesundheit (Forschungscluster) on https://www.htw-berlin.de/hochschule/personen/person/?eid=4593. Research-output counters on the same page: Projekte (8) | Publikationen (25) | Vorträge / Veranstaltungen (25). Schwerpunkte (verbatim): Interkulturelle Kommunikation Kompetenzmanagement Führungskräfteentwicklung Wechseljahre am Arbeitsplatz Management: Change Management, Projektmanagement, QM ... Strategie. Also listed as staff of the degree programmes/units: Wirtschaftsingenieurwesen (B); Wirtschaftsingenieurwesen (M). Campus stated: Campus Wilhelminenhof (both HTW campuses are in Berlin). Source of professorship: HTW Professor_innenprofile-Katalog."
Markus Nölle,Prof. Dr.-Ing. Markus Nölle,Hochschullehrer*in; Lehr- und Forschungsgebiet: Übertragungstechnik; Fachbereich 1: Ingenieurwissenschaften - Energie und Information; Hochschule für Technik und Wirtschaft Berlin (HTW Berlin),,https://scholar.google.de/citations?user=8hPYGaAAAAAJ&amp;hl=en,https://www.htw-berlin.de/hochschule/personen/person/?eid=9586,"RESEARCH GROUP/LAB: HTW states lab leadership — Laborleiter*in — Labore | Laborleiter*in — Übertragungstechnik (source https://www.htw-berlin.de/hochschule/personen/person/?eid=9586). Research-output counters on the same page: Projekte (1) | Publikationen (80). Schwerpunkte (verbatim): analoge und digitale Übertragungsverfahren optische Nachrichtentechnik. Other stated functions: Auswahlkommission - Mitglied, BAföG - Beauftragte*r, Laborleiter*in, Praktikumsbeauftragte*r, Studiengangssprecher*in. Also listed as staff of the degree programmes/units: Gesundheitselektronik (B); Informations- und Kommunikationstechnik (B); Informations- und Kommunikationstechnik (M); Labore; Übertragungstechnik. Campus stated: Campus Wilhelminenhof (both HTW campuses are in Berlin). Source of professorship: HTW Professor_innenprofile-Katalog."
Sebastian Ortlepp,Prof. Dr.-Ing. habil. Sebastian Ortlepp,Hochschullehrer*in; Lehr- und Forschungsgebiet: Tragwerksplanung Stahlbeton; Fachbereich 2: Ingenieurwissenschaften - Technik und Leben; Hochschule für Technik und Wirtschaft Berlin (HTW Berlin),,,https://www.htw-berlin.de/hochschule/personen/person/?eid=12271,"No research group, lab, Forschungscluster or Forschungsschwerpunkt leadership stated on https://www.htw-berlin.de/hochschule/personen/person/?eid=12271. Research-output counters on the same page: Projekte (1) | Publikationen (1). Schwerpunkte (verbatim): Forschungskompetenzen: - Textilbewehrter Beton - Dynamik im Bauwesen - Mauerwerksbau Themen für Bachelor- / Masterarbeiten: Themen auf Anfrage. Other stated functions: Akademischer Senat - Mitglied. Also listed as staff of the degree programmes/units: Bauingenieurwesen (B); Bauingenieurwesen (M); Gremium. Campus stated: Campus Wilhelminenhof (both HTW campuses are in Berlin). Source of professorship: HTW Professor_innenprofile-Katalog."
Patrick Ostendorf,Prof. Dr. Patrick Ostendorf,"Hochschullehrer*in; Lehr- und Forschungsgebiet: Allgemeines Zivilrecht, Internationales Vertragsrecht, Kollisionsrecht, Rechtsvergleichung und ausländisches Privatrecht, Kartell- und Regulierungsrecht; Fachbereich 3: Wirtschafts- und Rechtswissenschaften; Hochschule für Technik und Wirtschaft Berlin (HTW Berlin)",,,https://www.htw-berlin.de/hochschule/personen/person/?eid=9858,"RESEARCH GROUP/LAB: listed under Money, Finance, Trade and Development (Forschungscluster) on https://www.htw-berlin.de/hochschule/personen/person/?eid=9858. Research-output counters on the same page: Publikationen (173) | Vorträge / Veranstaltungen (15) | Mitgliedschaften (1). Other stated functions: Studienfachberater*in, Studiengangssprecher*in. Also listed as staff of the degree programmes/units: International Business (B); Wirtschaftsrecht (B); Wirtschaftsrecht (M). Campus stated: Campus Treskowallee (both HTW campuses are in Berlin). Source of professorship: HTW Professor_innenprofile-Katalog."
Anke Oßwald,Prof. Dr. Anke Oßwald,"Hochschullehrer*in; Fachbereich 4: Informatik, Kommunikation und Wirtschaft; Hochschule für Technik und Wirtschaft Berlin (HTW Berlin)",,,https://www.htw-berlin.de/hochschule/personen/person/?eid=15006,"No research group, lab, Forschungscluster or Forschungsschwerpunkt leadership stated on https://www.htw-berlin.de/hochschule/personen/person/?eid=15006. Research-output counters on the same page: Publikationen (9) | Preise / Auszeichnungen (1). Also listed as staff of the degree programmes/units: Wirtschaftskommunikation (B); Wirtschaftskommunikation (M). Campus stated: Campus Wilhelminenhof (both HTW campuses are in Berlin). Source of professorship: HTW Professor_innenprofile-Katalog."
/ Kyiv National Economic Uni. Tetiana Paientko,Prof. Dr. / Kyiv National Economic Uni. Tetiana Paientko,"Hochschullehrer*in; Lehr- und Forschungsgebiet: Finanz- und Kostenrechnung, IFRS, Unternehmensfinanzierung, Finanzmarkt, Big-Data-Analyse, maschinelles Lernen in der Finanzmarktanalyse, steuerliche Regulierung, M&A, Unternehmensführung, Ungleichheit, Financial and cost accounting, IFRS, corporate finance, financial market, Big Data Analysis, Machine Learning in financial market analysis, M&A, fiscal regulation, corporate governance, inequality; Fachbereich 3: Wirtschafts- und Rechtswissenschaften; Hochschule für Technik und Wirtschaft Berlin (HTW Berlin)",,,https://www.htw-berlin.de/hochschule/personen/person/?eid=13556,"No research group, lab, Forschungscluster or Forschungsschwerpunkt leadership stated on https://www.htw-berlin.de/hochschule/personen/person/?eid=13556. Research-output counters on the same page: Publikationen (37). Schwerpunkte (verbatim): IFRS, Aktienkursprognosen, Kapitalmärkte, BigData-Analyse, Machine Learning in financial market analysis, Unternehmensbewertung, M&A, Ausbildung im Rechnungswesen, steuerliche Regulierung, Korruptionsprävention, Ungleichheitsoptimierung IFRS, stock prices forecasting, capital markets, BigData analysis, Maschinelles Lernen in der Finanzmarktanalyse, companies valuation, M&A, accounting education, fiscal regulation, corruption prevention, inequality optimization. Other stated functions: Auswahlkommission - Vorsitzende*r, Prüfungsausschuss - Vorsitzende*r. Also listed as staff of the degree programmes/units: International Business (B); International Business (M). Campus stated: Campus Treskowallee (both HTW campuses are in Berlin). Source of professorship: HTW Professor_innenprofile-Katalog."
Christina Papenfuß,Prof. Dr. Christina Papenfuß,Hochschullehrer*in; Fachbereich 2: Ingenieurwissenschaften - Technik und Leben; Hochschule für Technik und Wirtschaft Berlin (HTW Berlin),,,https://www.htw-berlin.de/hochschule/personen/person/?eid=3344,"No research group, lab, Forschungscluster or Forschungsschwerpunkt leadership stated on https://www.htw-berlin.de/hochschule/personen/person/?eid=3344. Research-output counters on the same page: Projekte (7) | Publikationen (19) | Vorträge / Veranstaltungen (21) | Begutachtungen (11) | Mitgliedschaften (2). Also listed as staff of the degree programmes/units: Fahrzeugtechnik (B); Ingenieurinformatik (B); Maschinenbau (B). Campus stated: Campus Wilhelminenhof (both HTW campuses are in Berlin). Source of professorship: HTW Professor_innenprofile-Katalog."
Irina Penner,Prof. Dr. Irina Penner,"Hochschullehrer*in; Lehr- und Forschungsgebiet: Mathematik, Statistik; Fachbereich 3: Wirtschafts- und Rechtswissenschaften; Hochschule für Technik und Wirtschaft Berlin (HTW Berlin)",,,https://www.htw-berlin.de/hochschule/personen/person/?eid=9859,"No research group, lab, Forschungscluster or Forschungsschwerpunkt leadership stated on https://www.htw-berlin.de/hochschule/personen/person/?eid=9859. Research-output counters on the same page: Publikationen (9) | Vorträge / Veranstaltungen (1). Also listed as staff of the degree programmes/units: International Business (B). Campus stated: Campus Treskowallee (both HTW campuses are in Berlin). Source of professorship: HTW Professor_innenprofile-Katalog."
Anja Pfennig,Prof. Dr.-Ing. Anja Pfennig,"Hochschullehrer*in; Lehr- und Forschungsgebiet: Quantitative Gefügeanalyse (3D-Mikrostrukturen heterogener Werkstoffe. Zuverlässigkeit und Eigenschaften von Werkstoffen im Kraftwerksbau, Feinguss, Oxidation von Metallen, Schwingungsrisskorrosion, CCS (Speicherung von Kohlendioxid in tiefen geologischen Schichten zur Emissionsreduktion); Fachbereich 2: Ingenieurwissenschaften - Technik und Leben; Hochschule für Technik und Wirtschaft Berlin (HTW Berlin)",,http://werkstofftechnik1und2.wordpress.com/,https://www.htw-berlin.de/hochschule/personen/person/?eid=3191,"RESEARCH GROUP/LAB: listed under Gesundheit (Forschungscluster) | Industrielle Produktion (Forschungscluster) on https://www.htw-berlin.de/hochschule/personen/person/?eid=3191. Research-output counters on the same page: Projekte (32) | Publikationen (234) | Vorträge / Veranstaltungen (213) | Betreute Promotionen (1) | Preise / Auszeichnungen (6) | Begutachtungen (22) | Mitgliedschaften (11). Schwerpunkte (verbatim): Lehre, Vorlesungskonzept: http://lehrportfolio-pfennig.wikispaces.com/ Werkstofftechnik, Werkstoffkonzepte, Werkstoffauswahl, Werkstoffe und Umwelt, Forschung: Korrosionsverhalten von Kraftwerkskomponenten (Fe-, Ni-Basis-Legierungen). Other stated functions: Auswahlkommission - Mitglied, Ombudsperson - Stellvertretung. Also listed as staff of the degree programmes/units: Fahrzeugtechnik (B); Hochschule für Technik und Wirtschaft Berlin; Maschinenbau (B); Maschinenbau (M). Campus stated: Campus Wilhelminenhof (both HTW campuses are in Berlin). Source of professorship: HTW Professor_innenprofile-Katalog."
Jona Piehl,Prof. Dr. Jona Piehl,Hochschullehrer*in; Lehr- und Forschungsgebiet: Kommunikationsdesign; Fachbereich 5: Gestaltung und Kultur; Hochschule für Technik und Wirtschaft Berlin (HTW Berlin),,,https://www.htw-berlin.de/hochschule/personen/person/?eid=12663,"No research group, lab, Forschungscluster or Forschungsschwerpunkt leadership stated on https://www.htw-berlin.de/hochschule/personen/person/?eid=12663. Research-output counters on the same page: Projekte (1) | Publikationen (12) | Vorträge / Veranstaltungen (37) | Mitgliedschaften (5). Schwerpunkte (verbatim): Informationsdesign, Kommunikation im Raum, visuelle Erzählungen. Other stated functions: Anrechnung von Prüfungsleistungen - Beauftragte*r, Auswahlkommission - Mitglied, Fachbereichsrat - Mitglied, Prüfungsausschuss - Mitglied, Studiengangssprecher*in. Also listed as staff of the degree programmes/units: FB5 Fachbereichsrat; Kommunikationsdesign (B); Public Design (M). Campus stated: Campus Wilhelminenhof (both HTW campuses are in Berlin). Source of professorship: HTW Professor_innenprofile-Katalog."
Kirsten Pieplow,Prof. Dr.-Ing. Kirsten Pieplow,"Hochschullehrer*in; Lehr- und Forschungsgebiet: Baustatik, Konstruktiver Glasbau, Holzbau; Fachbereich 2: Ingenieurwissenschaften - Technik und Leben; Hochschule für Technik und Wirtschaft Berlin (HTW Berlin)",,,https://www.htw-berlin.de/hochschule/personen/person/?eid=4198,"No research group, lab, Forschungscluster or Forschungsschwerpunkt leadership stated on https://www.htw-berlin.de/hochschule/personen/person/?eid=4198. Research-output counters on the same page: Publikationen (3). Schwerpunkte (verbatim): Konstruktiver Glasbau - bauaufsichtlich anerkannte Prüfstelle für die Erteilung allgemeiner bauaufsichtlicher Prüfzeugnisse für das Bauprodukt der BRL A Teil 2, lfd. Nr. 2.43 sowie für die Bauart der BRL A Teil 3, lfd. Nr. 2.12. Other stated functions: Studiengangssprecher*in. Also listed as staff of the degree programmes/units: Bauingenieurwesen (B); Bauingenieurwesen (M). Campus stated: Campus Wilhelminenhof (both HTW campuses are in Berlin). Source of professorship: HTW Professor_innenprofile-Katalog."
Martin Pohlmann,Prof. Dr.-Ing. Martin Pohlmann,"Hochschullehrer*in; Lehr- und Forschungsgebiet: Logistik, Produktion, Supply Chain Management, Lean Management; Fachbereich 4: Informatik, Kommunikation und Wirtschaft; Hochschule für Technik und Wirtschaft Berlin (HTW Berlin)",,,https://www.htw-berlin.de/hochschule/personen/person/?eid=1427,"No research group, lab, Forschungscluster or Forschungsschwerpunkt leadership stated on https://www.htw-berlin.de/hochschule/personen/person/?eid=1427. Research-output counters on the same page: Projekte (18) | Vorträge / Veranstaltungen (1). Schwerpunkte (verbatim): Leistungsschwerpunkte: - Maturity Check / Reifegradprüfung - Prozessoptimierung - Logistik-Konzeption und -Planung - Logistikdienstleistung - Globale Beschaffungskonzepte - Supply Chain Management - Ganzheitliche Produktionssysteme - PPS-Systeme - DW Data Warehouse - MIS Management Information Systems - BI Business Intelligence Systems / QlikView - Lean Management - Lean Trainingcenter - Industrie 4.0 Branchenschwerpunkte: - Pharmazeutische Industrie - Pharmazeutischer Handel - Medizintechnische Industrie - Automobilhersteller- und Automobilzulieferindustrie - Eisenbahnhersteller- und Eisenbah…. Also listed as staff of the degree programmes/units: Wirtschaftsingenieurwesen (B); Wirtschaftsingenieurwesen (M). Campus stated: Campus Wilhelminenhof (both HTW campuses are in Berlin). Source of professorship: HTW Professor_innenprofile-Katalog."
Stefan Porschen,Prof. Dr. rer. nat. habil. Stefan Porschen,"Hochschullehrer*in; Lehr- und Forschungsgebiet: Diskrete Mathematik, Logik, Algebra, Mathematische Optimierung; Fachbereich 4: Informatik, Kommunikation und Wirtschaft; Hochschule für Technik und Wirtschaft Berlin (HTW Berlin)",,,https://www.htw-berlin.de/hochschule/personen/person/?eid=4594,"No research group, lab, Forschungscluster or Forschungsschwerpunkt leadership stated on https://www.htw-berlin.de/hochschule/personen/person/?eid=4594. Research-output counters on the same page: Projekte (1) | Publikationen (57) | Vorträge / Veranstaltungen (25). Schwerpunkte (verbatim): algorithmische Logik/Komplexitätstheorie, Optimierung und Strukturen in der Diskreten Mathematik. Other stated functions: Prüfungsausschuss - Mitglied. Also listed as staff of the degree programmes/units: Finanzdienstleistungen - Risikomanagement (M); Quantitative Finance and Data Science (M); Wirtschaftsmathematik (B). Source of professorship: HTW Professor_innenprofile-Katalog."
Barbara Praetorius,Prof. Dr. Barbara Praetorius,"Hochschullehrer*in; Lehr- und Forschungsgebiet: Umwelt und Nachhaltigkeit (insb. Energie- und Klimaökonomie/-politik), Mikroökonomie, Nachhaltigkeitsmanagement Environment and Sustainability (i.e. Energy and Climate Economics and Policy), Microeconomics, Sustainability Management; Fachbereich 3: Wirtschafts- und Rechtswissenschaften; Hochschule für Technik und Wirtschaft Berlin (HTW Berlin)",,http://people.f3.htw-berlin.de/Professoren/Praetorius/,https://www.htw-berlin.de/hochschule/personen/person/?eid=10709,"RESEARCH GROUP/LAB: listed under Money, Finance, Trade and Development (Forschungscluster) | Sustainable Smart Cities (Forschungscluster) on https://www.htw-berlin.de/hochschule/personen/person/?eid=10709. Research-output counters on the same page: Projekte (6) | Publikationen (117) | Vorträge / Veranstaltungen (106) | Betreute Promotionen (2). Schwerpunkte (verbatim): Nachhaltige Transformation, Klima- und Energieökonomie/politik in Deutschland und Europa Nachhaltige Entwicklung im globalen Süden (insb. Kolumbien, Südafrika) Sozial-ökologische Forschung (SÖF) Forschung für Nachhaltigkeit (FONA). Other stated functions: Auswahlkommission - Mitglied, Auswahlkommission - Vorsitzende*r, Frauen- und Gleichstellungsbeauftragte - nebenberuflich, Prüfungsausschuss - Vorsitzende*r. Also listed as staff of the degree programmes/units: Europäische Wirtschaftspolitik (M); International Business (B); Wirtschaft und Politik (B). Campus stated: Campus Treskowallee (both HTW campuses are in Berlin). Source of professorship: HTW Professor_innenprofile-Katalog."
Sven Prüser,Prof. Dr. Sven Prüser,"Hochschullehrer*in; Lehr- und Forschungsgebiet: Allgemeine Betriebswirtschaft, Industrial Marketing; Fachbereich 4: Informatik, Kommunikation und Wirtschaft; Hochschule für Technik und Wirtschaft Berlin (HTW Berlin)",,,https://www.htw-berlin.de/hochschule/personen/person/?eid=4238,"No research group, lab, Forschungscluster or Forschungsschwerpunkt leadership stated on https://www.htw-berlin.de/hochschule/personen/person/?eid=4238. Research-output counters on the same page: Projekte (1) | Publikationen (14) | Vorträge / Veranstaltungen (23) | Mitgliedschaften (3). Schwerpunkte (verbatim): Digitale Wirtschaft; i.e. die Einflüsse der Informations- und Telekommunikationstechnik (v.a. des Internet) auf die Wirtschaft, insbesondere auf das Industrial-Marketing.. Other stated functions: Auswahlkommission - Mitglied, Prüfungsausschuss - Vorsitzende*r. Also listed as staff of the degree programmes/units: Business Administration and Engineering (M) PG; Wirtschaftsingenieurwesen (B); Wirtschaftsingenieurwesen (B) FW; Wirtschaftsingenieurwesen (M); Zentrum für berufsbegleitendes und weiterbildendes Studium. Campus stated: Campus Wilhelminenhof (both HTW campuses are in Berlin). Source of professorship: HTW Professor_innenprofile-Katalog."
Udo Pursche,Prof. Dr.-Ing. Udo Pursche,Hochschullehrer*in; Fachbereich 1: Ingenieurwissenschaften - Energie und Information; Hochschule für Technik und Wirtschaft Berlin (HTW Berlin),,,https://www.htw-berlin.de/hochschule/personen/person/?eid=9014,"RESEARCH GROUP/LAB: HTW states lab leadership — Laborleiter*in — Hochfrequenztechnik | Laborleiter*in — Labore (source https://www.htw-berlin.de/hochschule/personen/person/?eid=9014). Research-output counters on the same page: Projekte (1). Other stated functions: Anrechnung von Prüfungsleistungen - Beauftragte*r, Laborleiter*in, Prüfungsausschuss - Mitglied, Studienfachberater*in. Also listed as staff of the degree programmes/units: Hochfrequenztechnik; Informations- und Kommunikationstechnik (B); Informations- und Kommunikationstechnik (M); Labore. Campus stated: Campus Wilhelminenhof (both HTW campuses are in Berlin). Source of professorship: HTW Professor_innenprofile-Katalog."
Volker Quaschning,Prof. Dr.-Ing. Volker Quaschning,Hochschullehrer*in; Lehr- und Forschungsgebiet: Regenerative Energiesysteme; Fachbereich 1: Ingenieurwissenschaften - Energie und Information; Hochschule für Technik und Wirtschaft Berlin (HTW Berlin),,http://www.volker-quaschning.de,https://www.htw-berlin.de/hochschule/personen/person/?eid=1363,"RESEARCH GROUP/LAB: listed under Klimagerechte Energieversorgungssysteme und energieeffiziente Gebäude (Forschungscluster) on https://www.htw-berlin.de/hochschule/personen/person/?eid=1363. Research-output counters on the same page: Projekte (28) | Publikationen (228) | Vorträge / Veranstaltungen (301) | Betreute Promotionen (1) | Preise / Auszeichnungen (5) | Begutachtungen (4). Schwerpunkte (verbatim): Modellierung und Simulation von Regenerativen Energiesystemen, Photovoltaische Eigenverbrauchssysteme mit Speichern, Energiekonzepte für eine nachhaltige Energieversorgung, Photovoltaiksysteme, Dünnschicht-Photovoltaik, Konzentrierende Solarenergiesysteme, Energiemeteorologie. Other stated functions: Studiengangssprecher*in. Also listed as staff of the degree programmes/units: Regenerative Energien (B); Regenerative Energien (M). Campus stated: Campus Wilhelminenhof (both HTW campuses are in Berlin). Source of professorship: HTW Professor_innenprofile-Katalog."
Jürgen Radel,Prof. Dr. phil. Jürgen Radel,"Hochschullehrer*in; Lehr- und Forschungsgebiet: Change-Management, Organizational Behavior, Executive Advisory & Coaching (INSEAD ICC 4 & ACG 1 TIHR), Supervision for Change Agents and Coaches (TIHR), Interpersonal and Group Dynamics; Fachbereich 3: Wirtschafts- und Rechtswissenschaften; Hochschule für Technik und Wirtschaft Berlin (HTW Berlin)",,https://www.youtube.com/channel/UCPxdFAk66J6KbFU8BN6QdlQ,https://www.htw-berlin.de/hochschule/personen/person/?eid=9705,"No research group, lab, Forschungscluster or Forschungsschwerpunkt leadership stated on https://www.htw-berlin.de/hochschule/personen/person/?eid=9705. Research-output counters on the same page: Projekte (20) | Publikationen (48) | Vorträge / Veranstaltungen (40) | Preise / Auszeichnungen (1) | Mitgliedschaften (1). Schwerpunkte (verbatim): Change-Management (Resistance to Change) Social System Dynamics Systems-Psychodynamics Executive Coaching (INSEAD ICC 4 & ACG 1 and Tavistock Institute of Human Relations certified). Other stated functions: Auswahlkommission - Vorsitzende*r, Dozent*in, Studienfachberater*in, Studiengangssprecher*in. Also listed as staff of the degree programmes/units: Arbeits- und Personalmanagement (M); Betriebswirtschaftslehre (B); General Management (M) FW; International Business (M); Zentrum für berufsbegleitendes und weiterbildendes Studium. Campus stated: Campus Treskowallee (both HTW campuses are in Berlin). Source of professorship: HTW Professor_innenprofile-Katalog."
Jens Ranneberg,Prof. Dr.-Ing. Jens Ranneberg,"Hochschullehrer*in; Lehr- und Forschungsgebiet: Leistungselektronik, Industrieelektronik, Grundlagen der Elektrotechnik; Fachbereich 1: Ingenieurwissenschaften - Energie und Information; Hochschule für Technik und Wirtschaft Berlin (HTW Berlin)",,,https://www.htw-berlin.de/hochschule/personen/person/?eid=4052,RESEARCH GROUP/LAB: HTW states lab leadership — Laborleiter*in — Grundlagen der Elektrotechnik | Laborleiter*in — Labore (source https://www.htw-berlin.de/hochschule/personen/person/?eid=4052). Research-output counters on the same page: Patente (5). Schwerpunkte (verbatim): Leistungselektronik. Other stated functions: Laborleiter*in. Also listed as staff of the degree programmes/units: Elektrotechnik (B); Elektrotechnik (M); Grundlagen der Elektrotechnik; Labore. Campus stated: Campus Wilhelminenhof (both HTW campuses are in Berlin). Source of professorship: HTW Professor_innenprofile-Katalog.
Stefanie Rathje,Prof. Dr. Stefanie Rathje,"Hochschullehrer*in; Lehr- und Forschungsgebiet: Wirtschaftskommunikation, Unternehmensführung, Interkulturelle Kommunikation, Personalführung, Organisationsentwicklung, Emotionale Kompetenz, Selbstmanagement; Fachbereich 4: Informatik, Kommunikation und Wirtschaft; Hochschule für Technik und Wirtschaft Berlin (HTW Berlin)",,http://www.stefanie-rathje.de,https://www.htw-berlin.de/hochschule/personen/person/?eid=3977,RESEARCH GROUP/LAB: listed under Creative Technologies (Forschungscluster) | Kultur und Informatik (Forschungscluster) on https://www.htw-berlin.de/hochschule/personen/person/?eid=3977. Research-output counters on the same page: Projekte (5) | Publikationen (78) | Vorträge / Veranstaltungen (51) | Betreute Promotionen (6) | Preise / Auszeichnungen (1) | Begutachtungen (2) | Mitgliedschaften (1). Schwerpunkte (verbatim): Lehre: * Führungskompetenz / Leadership * Interkulturelle Kommunikation * Präsentation & Expression * Emotionale Kompetenz * Selbstmanagement Forschung: * Interkulturelle Unternehmensführung und Unternehmenskultur * Interkulturelle Kompetenz * Zeitgemäße Kultur- und Kollektivkonzeptionen * Multikollektivität als kulturwissenschaftliches Konzept * Kooperationsfähigkeit als Unternehmenskompetenz. Other stated functions: Prüfungsausschuss - Mitglied. Also listed as staff of the degree programmes/units: Wirtschaftskommunikation (B); Wirtschaftskommunikation (M). Campus stated: Campus Wilhelminenhof (both HTW campuses are in Berlin). Source of professorship: HTW Professor_innenprofile-Katalog.
Björn Raupach,Prof. Dr. Björn Raupach,Hochschullehrer*in; Fachbereich 3: Wirtschafts- und Rechtswissenschaften; Hochschule für Technik und Wirtschaft Berlin (HTW Berlin),,,https://www.htw-berlin.de/hochschule/personen/person/?eid=14681,"No research group, lab, Forschungscluster or Forschungsschwerpunkt leadership stated on https://www.htw-berlin.de/hochschule/personen/person/?eid=14681. Other stated functions: Praktikumsbeauftragte*r. Also listed as staff of the degree programmes/units: Public und Nonprofit-Management (B). Campus stated: Campus Treskowallee (both HTW campuses are in Berlin). Source of professorship: HTW Professor_innenprofile-Katalog."
Annabella Rauscher-Scheibe,Prof. Dr. Annabella Rauscher-Scheibe,Präsident*in; Hochschule für Technik und Wirtschaft Berlin (HTW Berlin),,,https://www.htw-berlin.de/hochschule/personen/person/?eid=13906,"No research group, lab, Forschungscluster or Forschungsschwerpunkt leadership stated on https://www.htw-berlin.de/hochschule/personen/person/?eid=13906. Research-output counters on the same page: Projekte (1). Other stated functions: Präsident*in. Also listed as staff of the degree programmes/units: Präsidium. Campus stated: Campus Treskowallee (both HTW campuses are in Berlin). Holds the university-level office of Präsident*in of HTW Berlin. Source of professorship: HTW Professor_innenprofile-Katalog."
Kai Reinhardt,Prof. Dr. Kai Reinhardt,"Hochschullehrer*in; Lehr- und Forschungsgebiet: Allgemeine Betriebswirtschaftslehre mit Schwerpunkt auf digitaler Transformation der Organisation, strategischem Kompetenzmanagement und KI-gestütztem Organisationsdesign.; Fachbereich 3: Wirtschafts- und Rechtswissenschaften; Hochschule für Technik und Wirtschaft Berlin (HTW Berlin)",,http://www.kaireinhardt.de,https://www.htw-berlin.de/hochschule/personen/person/?eid=11313,"No research group, lab, Forschungscluster or Forschungsschwerpunkt leadership stated on https://www.htw-berlin.de/hochschule/personen/person/?eid=11313. Research-output counters on the same page: Projekte (92) | Publikationen (39) | Vorträge / Veranstaltungen (26) | Begutachtungen (8) | Mitgliedschaften (4). Schwerpunkte (verbatim): - Digitale Transformation der Organisation (DTO) - Strategisches Kompetenzmanagement und Skills-based Organization - KI im Personalmanagement und Job Analytics - Governance und Regulierung von KI in Arbeit und Organisation (EU AI Act). Other stated functions: Dozent*in, Prüfungsausschuss - Vorsitzende*r. Also listed as staff of the degree programmes/units: Arbeits- und Personalmanagement (M); General Management (M) FW; Zentrum für berufsbegleitendes und weiterbildendes Studium. Campus stated: Campus Treskowallee (both HTW campuses are in Berlin). Source of professorship: HTW Professor_innenprofile-Katalog."
Ulrike Reinhardt,Prof. Dr.-Ing. Ulrike Reinhardt,Hochschullehrer*in; Lehr- und Forschungsgebiet: Konstruktion und Simulation; Fachbereich 5: Gestaltung und Kultur; Hochschule für Technik und Wirtschaft Berlin (HTW Berlin),,,https://www.htw-berlin.de/hochschule/personen/person/?eid=3750,"RESEARCH GROUP/LAB: HTW states lab leadership — Prüfungsausschuss - Stellvertretende*r Vorsitzende*r, Auswahlkommission - Vorsitzende*r, Laborleiter*in — Bekleidungstechnik/Konfektion (B) | Prüfungsausschuss - Stellvertretende*r Vorsitzende*r, Auswahlkommission - Vorsitzende*r, Laborleiter*in — Bekleidungstechnik/Konfektion (M) | Laborleiter*in — Manuelle Schnittgestaltung | Laborleiter*in — Rechnergestützte Schnittgestaltung (source https://www.htw-berlin.de/hochschule/personen/person/?eid=3750). Research-output counters on the same page: Publikationen (3). Other stated functions: Auswahlkommission - Vorsitzende*r, Laborleiter*in, Prüfungsausschuss - Stellvertretende*r Vorsitzende*r. Also listed as staff of the degree programmes/units: Bekleidungstechnik/Konfektion (B); Bekleidungstechnik/Konfektion (M); Manuelle Schnittgestaltung; Rechnergestützte Schnittgestaltung. Campus stated: Campus Wilhelminenhof (both HTW campuses are in Berlin). Source of professorship: HTW Professor_innenprofile-Katalog."
Inga Reinwardt,Prof. Dr.-Ing. Inga Reinwardt,Hochschullehrer*in; Fachbereich 1: Ingenieurwissenschaften - Energie und Information; Hochschule für Technik und Wirtschaft Berlin (HTW Berlin),,,https://www.htw-berlin.de/hochschule/personen/person/?eid=14859,"No research group, lab, Forschungscluster or Forschungsschwerpunkt leadership stated on https://www.htw-berlin.de/hochschule/personen/person/?eid=14859. Research-output counters on the same page: Publikationen (4). Schwerpunkte (verbatim): Windenergie. Also listed as staff of the degree programmes/units: Regenerative Energien (B); Regenerative Energien (M). Campus stated: Campus Wilhelminenhof (both HTW campuses are in Berlin). Source of professorship: HTW Professor_innenprofile-Katalog."
Anna Riedel,Prof. Dr. Anna Riedel,Hochschullehrer*in; Lehr- und Forschungsgebiet: Digital Business; Fachbereich 3: Wirtschafts- und Rechtswissenschaften; Hochschule für Technik und Wirtschaft Berlin (HTW Berlin),,https://calendly.com/anna-riedel/10min,https://www.htw-berlin.de/hochschule/personen/person/?eid=10217,"No research group, lab, Forschungscluster or Forschungsschwerpunkt leadership stated on https://www.htw-berlin.de/hochschule/personen/person/?eid=10217. Research-output counters on the same page: Projekte (6) | Publikationen (22) | Vorträge / Veranstaltungen (26) | Betreute Promotionen (1) | Begutachtungen (1) | Mitgliedschaften (1). Schwerpunkte (verbatim): - interne und externe Kommunikation mit digitalen Medien - digitale Geschäftsmodelle - KI Chancen und Risiken - Digitalstrategien und Internetökonomie - digitale Transformation und Digitalisierungsgrad • Zertifizierte Mediatorin für Konfliktfälle. Other stated functions: Frauen- und Gleichstellungsbeauftragte - nebenberuflich. Campus stated: Campus Treskowallee (both HTW campuses are in Berlin). Source of professorship: HTW Professor_innenprofile-Katalog."
Thomas Riedle,Prof. Dr. Thomas Riedle,Hochschullehrer*in; Fachbereich 1: Ingenieurwissenschaften - Energie und Information; Hochschule für Technik und Wirtschaft Berlin (HTW Berlin),,,https://www.htw-berlin.de/hochschule/personen/person/?eid=13733,"No research group, lab, Forschungscluster or Forschungsschwerpunkt leadership stated on https://www.htw-berlin.de/hochschule/personen/person/?eid=13733. Also listed as staff of the degree programmes/units: Elektrotechnik (B); Elektrotechnik (M). Campus stated: Campus Wilhelminenhof (both HTW campuses are in Berlin). Source of professorship: HTW Professor_innenprofile-Katalog."
Oliver Rinne,Prof. Dr. Oliver Rinne,"Hochschullehrer*in; Lehr- und Forschungsgebiet: Mathematik; Fachbereich 4: Informatik, Kommunikation und Wirtschaft; Hochschule für Technik und Wirtschaft Berlin (HTW Berlin)",,https://linktr.ee/orinne,https://www.htw-berlin.de/hochschule/personen/person/?eid=10789,"No research group, lab, Forschungscluster or Forschungsschwerpunkt leadership stated on https://www.htw-berlin.de/hochschule/personen/person/?eid=10789. Research-output counters on the same page: Publikationen (11) | Vorträge / Veranstaltungen (12) | Betreute Promotionen (1) | Preise / Auszeichnungen (1) | Begutachtungen (2). Schwerpunkte (verbatim): Numerik, mathematische Software, Differentialgleichungen, mathematische Physik. Other stated functions: Prüfungsberater*in, Studienfachberater*in. Also listed as staff of the degree programmes/units: Wirtschaftsmathematik (B). Campus stated: Campus Wilhelminenhof (both HTW campuses are in Berlin). Source of professorship: HTW Professor_innenprofile-Katalog."
Kristoff Ritlewski,Prof. Dr. Kristoff Ritlewski,"Hochschullehrer*in; Lehr- und Forschungsgebiet: Intellectual Property Law, Copyright, Unfair Competition Law and Antitrust Law, Space Law and New Space Ventures; Fachbereich 3: Wirtschafts- und Rechtswissenschaften; Hochschule für Technik und Wirtschaft Berlin (HTW Berlin)",,,https://www.htw-berlin.de/hochschule/personen/person/?eid=12344,"No research group, lab, Forschungscluster or Forschungsschwerpunkt leadership stated on https://www.htw-berlin.de/hochschule/personen/person/?eid=12344. Research-output counters on the same page: Projekte (2) | Publikationen (19) | Vorträge / Veranstaltungen (8). Schwerpunkte (verbatim): Information obligations in unfair competition law, Machine learning in the application of the law, legal foundations of the certification industry, art and cultural law, in particular the law of the protection of cultural heritage, Optimizing Regulatory Frameworks for SME in New Space. Other stated functions: Akademischer Senat - Vorsitzende*r, Auswahlkommission - Vorsitzende*r, EPK - Vorsitzende*r. Also listed as staff of the degree programmes/units: Hochschule für Technik und Wirtschaft Berlin; Wirtschaftsrecht (B); Wirtschaftsrecht (M). Campus stated: Campus Treskowallee (both HTW campuses are in Berlin). Source of professorship: HTW Professor_innenprofile-Katalog."
Erik Rodner,Prof. Dr. Erik Rodner,"Hochschullehrer*in; Lehr- und Forschungsgebiet: Informatik, Maschinelles Lernen, Datenanalyse, Vernetzte Systeme, IoT, Bildverarbeitung, KI/Künstliche Intelligenz (Computer Science - Machine Learning - Data Science - Distributed Systems - IoT - Computer Vision - Artificial Intelligence); Fachbereich 2: Ingenieurwissenschaften - Technik und Leben; Hochschule für Technik und Wirtschaft Berlin (HTW Berlin)",,http://www.erodner.de,https://www.htw-berlin.de/hochschule/personen/person/?eid=12811,"RESEARCH GROUP/LAB: listed under Creative Technologies (Forschungscluster) | Gesundheit (Forschungscluster) on https://www.htw-berlin.de/hochschule/personen/person/?eid=12811. Research-output counters on the same page: Projekte (13) | Publikationen (35) | Patente (2) | Preise / Auszeichnungen (6) | Begutachtungen (1) | Mitgliedschaften (3). Schwerpunkte (verbatim): Deep Learning, Zeitreihenanalyse, Interaktives Lernen von Modellen, Datenanforderungen von ML-Methoden, Lernen unter Daten- und Annotationsmangel (Deep Learning, Time Series Analysis, Interactive Learning of Models, Data requirements for Machine Learning, Learning with Data and Annotation Scarcity). Other stated functions: Praktikumsbeauftragte*r. Also listed as staff of the degree programmes/units: Informatik in Ingenieurwissenschaften (M); Ingenieurinformatik (B). Campus stated: Campus Wilhelminenhof (both HTW campuses are in Berlin). Source of professorship: HTW Professor_innenprofile-Katalog."
Nobina Roy,Prof. Dr. Nobina Roy,Hochschullehrer*in; Fachbereich 3: Wirtschafts- und Rechtswissenschaften; Hochschule für Technik und Wirtschaft Berlin (HTW Berlin),,,https://www.htw-berlin.de/hochschule/personen/person/?eid=11574,"No research group, lab, Forschungscluster or Forschungsschwerpunkt leadership stated on https://www.htw-berlin.de/hochschule/personen/person/?eid=11574. Other stated functions: Lehrbeauftragte*r. Source of professorship: HTW Professor_innenprofile-Katalog."
Ulrich Rudolph,Prof. Dr.-Ing. Ulrich Rudolph,"Hochschullehrer*in; Lehr- und Forschungsgebiet: Wirtschaftsingenieurwesen - Innovationsmanagement, - Unternehmensführung, - Projektmanagement, - Vertriebsmanagement (Anlagenbau); Fachbereich 4: Informatik, Kommunikation und Wirtschaft; Hochschule für Technik und Wirtschaft Berlin (HTW Berlin)",,,https://www.htw-berlin.de/hochschule/personen/person/?eid=3195,"No research group, lab, Forschungscluster or Forschungsschwerpunkt leadership stated on https://www.htw-berlin.de/hochschule/personen/person/?eid=3195. Research-output counters on the same page: Projekte (5) | Publikationen (11) | Vorträge / Veranstaltungen (6). Schwerpunkte (verbatim): - Konfliktlösung bei Großprojekten des Sonderanlagenbaus - Claimmanagement - Interkulutrelle Aspekte des Projektmanagements. Also listed as staff of the degree programmes/units: Wirtschaftsingenieurwesen (B); Wirtschaftsingenieurwesen (M). Campus stated: Campus Wilhelminenhof (both HTW campuses are in Berlin). Source of professorship: HTW Professor_innenprofile-Katalog."
Oliver Rump,Prof. Dr. Oliver Rump,"Hochschullehrer*in; Lehr- und Forschungsgebiet: Museologie, Museumsmanagement, Museology / Museum Studies / Museum Management; Fachbereich 5: Gestaltung und Kultur; Hochschule für Technik und Wirtschaft Berlin (HTW Berlin)",,http://www.museumsmanagement.de,https://www.htw-berlin.de/hochschule/personen/person/?eid=4110,"No research group, lab, Forschungscluster or Forschungsschwerpunkt leadership stated on https://www.htw-berlin.de/hochschule/personen/person/?eid=4110. Research-output counters on the same page: Projekte (16) | Publikationen (66) | Vorträge / Veranstaltungen (195) | Betreute Promotionen (2) | Preise / Auszeichnungen (3) | Mitgliedschaften (8). Schwerpunkte (verbatim): Museumsmarketing, -finanzierung und -controlling Internationale Museumsmanagementansätze (u.a. Äthiopien, Indien, Iran, Kuba, Russland, Vietnam) Politische Museologie. Other stated functions: Auswahlkommission - Vorsitzende*r, BAföG - Beauftragte*r, Fachbereichsrat - Mitglied, Praktikumsbeauftragte*r. Also listed as staff of the degree programmes/units: FB5 Fachbereichsrat; Museologie (B); Museumskunde (B); Museumsmanagement und -kommunikation (M). Campus stated: Campus Wilhelminenhof (both HTW campuses are in Berlin). Source of professorship: HTW Professor_innenprofile-Katalog."
Ulrich Rüdel,Prof. Dr. rer. nat. Ulrich Rüdel,Hochschullehrer*in; Lehr- und Forschungsgebiet: Konservierung und Restaurierung mit dem Schwerpunkt moderne Medien: Filmrestaurierung - Foto - Video - Ton; Fachbereich 5: Gestaltung und Kultur; Hochschule für Technik und Wirtschaft Berlin (HTW Berlin),,,https://www.htw-berlin.de/hochschule/personen/person/?eid=9874,"RESEARCH GROUP/LAB: HTW states lab leadership — Studienfachberater*in, Auswahlkommission - Mitglied, Laborleiter*in — Audiovisuelles und fotografisches Kulturgut | Hochschullehrer*in, Studienfachberater*in, Auswahlkommission - Mitglied, Prüfungsausschuss - Vorsitzende*r, Laborleiter*in — Konservierung und Restaurierung (M) | Hochschullehrer*in, Studienfachberater*in, Auswahlkommission - Mitglied, Prüfungsausschuss - Vorsitzende*r, Laborleiter*in, Anrechnung von Prüfungsleistungen - Beauftragte*r — Konservierung und Restaurierung/Grabungstechnik (B) (source https://www.htw-berlin.de/hochschule/personen/person/?eid=9874). Research-output counters on the same page: Projekte (4) | Publikationen (42) | Vorträge / Veranstaltungen (62). Schwerpunkte (verbatim): Filmrestaurierung. Photographische Chemie. Analytische Chemie. Farbverfahren in Film und Foto.. Other stated functions: Anrechnung von Prüfungsleistungen - Beauftragte*r, Auswahlkommission - Mitglied, Fachbereichsrat - Mitglied, Laborleiter*in, Prüfungsausschuss - Vorsitzende*r, Strahlenschutzbeauftragte*r, Studienfachberater*in. Also listed as staff of the degree programmes/units: Angewandte Landschafts- und Feldarchäologie (M); Audiovisuelles und fotografisches Kulturgut; FB5 Fachbereichsrat; Konservierung und Restaurierung (M); Konservierung und Restaurierung/Grabungstechnik (B). Campus stated: Campus Wilhelminenhof (both HTW campuses are in Berlin). Source of professorship: HTW Professor_innenprofile-Katalog."
Lilia Sabantina,Prof. Dr. Lilia Sabantina,"Hochschullehrer*in; Lehr- und Forschungsgebiet: Textile Werkstoffe und Verarbeitungstechnik, Textile Materials and Processing Technology, Quality Management, Apparel Manufacturing; Fachbereich 5: Gestaltung und Kultur; Hochschule für Technik und Wirtschaft Berlin (HTW Berlin)",,https://www.researchgate.net/profile/Lilia-Sabantina,https://www.htw-berlin.de/hochschule/personen/person/?eid=13789,"No research group, lab, Forschungscluster or Forschungsschwerpunkt leadership stated on https://www.htw-berlin.de/hochschule/personen/person/?eid=13789. Research-output counters on the same page: Projekte (7) | Publikationen (126) | Patente (1) | Vorträge / Veranstaltungen (46) | Preise / Auszeichnungen (3) | Begutachtungen (11) | Mitgliedschaften (4). Schwerpunkte (verbatim): Research Areas: Nanomaterials, Electrospinning, Carbon Nanofibers, Bio-Based Composites, Mushroom Mycelium Pleurotus Ostreatus. Also listed as staff of the degree programmes/units: Bekleidungstechnik/Konfektion (B); Bekleidungstechnik/Konfektion (M). Campus stated: Campus Wilhelminenhof (both HTW campuses are in Berlin). Source of professorship: HTW Professor_innenprofile-Katalog."
Nataliya Sadretdinova,Prof. Nataliya Sadretdinova,Hochschullehrer*in; Fachbereich 5: Gestaltung und Kultur; Hochschule für Technik und Wirtschaft Berlin (HTW Berlin),,,https://www.htw-berlin.de/hochschule/personen/person/?eid=15227,"No research group, lab, Forschungscluster or Forschungsschwerpunkt leadership stated on https://www.htw-berlin.de/hochschule/personen/person/?eid=15227. Other stated functions: Studiengangssprecher*in. Also listed as staff of the degree programmes/units: Bekleidungstechnik/Konfektion (B); Bekleidungstechnik/Konfektion (M). Campus stated: Campus Wilhelminenhof (both HTW campuses are in Berlin). Source of professorship: HTW Professor_innenprofile-Katalog."
Seyed Hossein Sagheby,Prof. Dr.-Ing. Seyed Hossein Sagheby,Hochschullehrer*in; Lehr- und Forschungsgebiet: Sustainable Smart Buildings und Data Analytics Studiengang Gebäudeenergie- und -informationstechnik (Energy and Information Technology for the Built Environment); Fachbereich 1: Ingenieurwissenschaften - Energie und Information; Hochschule für Technik und Wirtschaft Berlin (HTW Berlin),,,https://www.htw-berlin.de/hochschule/personen/person/?eid=9871,"RESEARCH GROUP/LAB: listed under Klimagerechte Energieversorgungssysteme und energieeffiziente Gebäude (Forschungscluster) on https://www.htw-berlin.de/hochschule/personen/person/?eid=9871. Research-output counters on the same page: Projekte (2) | Publikationen (15) | Vorträge / Veranstaltungen (16). Schwerpunkte (verbatim): Machinelles Lernen und Anwendung KI bei technischen Anlagen in Gebäuden Gebäudeautomation ML/AI for HVAC, Sustainable Smart Buildings Sustainability Assessment and Analytics for the Built environment, Sustainable Cities. Other stated functions: Anrechnung von Prüfungsleistungen - Beauftragte*r, BAföG - Beauftragte*r, Praktikumsbeauftragte*r, Prüfungsausschuss - Mitglied, Studienfachberater*in. Also listed as staff of the degree programmes/units: Gebäudeenergie- und -informationstechnik (B); Gebäudeenergie- und -informationstechnik (M). Campus stated: Campus Wilhelminenhof (both HTW campuses are in Berlin). Source of professorship: HTW Professor_innenprofile-Katalog."
Stephan Salinger,Prof. Dr. Stephan Salinger,"Hochschullehrer*in; Lehr- und Forschungsgebiet: Softwareentwicklung, Softwaretechnik; Fachbereich 4: Informatik, Kommunikation und Wirtschaft; Hochschule für Technik und Wirtschaft Berlin (HTW Berlin)",,,https://www.htw-berlin.de/hochschule/personen/person/?eid=10225,"No research group, lab, Forschungscluster or Forschungsschwerpunkt leadership stated on https://www.htw-berlin.de/hochschule/personen/person/?eid=10225. Schwerpunkte (verbatim): Agile Softwareentwicklung. Other stated functions: BAföG - Beauftragte*r, Prüfungsausschuss - Mitglied. Also listed as staff of the degree programmes/units: Angewandte Informatik (B). Campus stated: Campus Wilhelminenhof (both HTW campuses are in Berlin). Source of professorship: HTW Professor_innenprofile-Katalog."
Fiona Sammler,Prof. Dr. Fiona Sammler,not stated; Hochschule für Technik und Wirtschaft Berlin (HTW Berlin),,,https://www.htw-berlin.de/hochschule/personen/person/?eid=11756,"No research group, lab, Forschungscluster or Forschungsschwerpunkt leadership stated on https://www.htw-berlin.de/hochschule/personen/person/?eid=11756. LOW CONFIDENCE: HTW's person record says ""Die Person ist derzeit nicht aktiv"" — name and professorship taken from the Professor_innenprofile catalogue (https://www.htw-berlin.de/forschung/online-forschungskatalog/professorenprofile/), current status not verifiable. Source of professorship: HTW Professor_innenprofile-Katalog."
Berit Sandberg,Prof. Dr. Berit Sandberg,"Hochschullehrer*in; Lehr- und Forschungsgebiet: Public Management, Nonprofit-Management; Fachbereich 3: Wirtschafts- und Rechtswissenschaften; Hochschule für Technik und Wirtschaft Berlin (HTW Berlin)",,,https://www.htw-berlin.de/hochschule/personen/person/?eid=1310,"No research group, lab, Forschungscluster or Forschungsschwerpunkt leadership stated on https://www.htw-berlin.de/hochschule/personen/person/?eid=1310. Research-output counters on the same page: Projekte (26) | Publikationen (163) | Vorträge / Veranstaltungen (57). Other stated functions: Gemeinsame Kommission - Vorsitzende*r, Studienfachberater*in, Studiengangssprecher*in. Also listed as staff of the degree programmes/units: Nonprofit Management und Public Governance (M); Public und Nonprofit-Management (B). Campus stated: Campus Treskowallee (both HTW campuses are in Berlin). Source of professorship: HTW Professor_innenprofile-Katalog."
Anne Sanftenberg,Prof. Dr.-Ing. Anne Sanftenberg,"Hochschullehrer*in; Lehr- und Forschungsgebiet: Real Estate Management, Real Estate Economics; Fachbereich 3: Wirtschafts- und Rechtswissenschaften; Hochschule für Technik und Wirtschaft Berlin (HTW Berlin)",,,https://www.htw-berlin.de/hochschule/personen/person/?eid=14178,"No research group, lab, Forschungscluster or Forschungsschwerpunkt leadership stated on https://www.htw-berlin.de/hochschule/personen/person/?eid=14178. Research-output counters on the same page: Projekte (3) | Publikationen (27) | Vorträge / Veranstaltungen (11) | Begutachtungen (2) | Mitgliedschaften (8). Schwerpunkte (verbatim): Real Estate Valuation & Sustainability, Real Estate Investment / Sustainable Finance, Real Estate Asset Management /Real Estate Portfolio Management. Other stated functions: Auswahlkommission - Vorsitzende*r, Studienfachberater*in, Studiengangssprecher*in, Vorpraktikumsbeauftragte*r. Also listed as staff of the degree programmes/units: Immobilienwirtschaft (B); Real Estate Management (M) FW. Campus stated: Campus Treskowallee (both HTW campuses are in Berlin). Source of professorship: HTW Professor_innenprofile-Katalog."
Leo Schapiro,Prof. Dr. Leo Schapiro,"Hochschullehrer*in; Lehr- und Forschungsgebiet: Urheber- und Medienrecht, Kunst- und Restitutionsrecht, E-Commerce-Recht, Datenschutzrecht, Presse- und Äußerungsrecht, Marken- und Wettbewerbsrecht, privates Wirtschaftsrecht, Bürgerliches Recht; Fachbereich 3: Wirtschafts- und Rechtswissenschaften; Hochschule für Technik und Wirtschaft Berlin (HTW Berlin)",,,https://www.htw-berlin.de/hochschule/personen/person/?eid=11991,"No research group, lab, Forschungscluster or Forschungsschwerpunkt leadership stated on https://www.htw-berlin.de/hochschule/personen/person/?eid=11991. Research-output counters on the same page: Publikationen (11). Also listed as staff of the degree programmes/units: Wirtschaftsrecht (B). Campus stated: Campus Treskowallee (both HTW campuses are in Berlin). Source of professorship: HTW Professor_innenprofile-Katalog."
Kai Schauer,Prof. Dr.-Ing. Kai Schauer,"Hochschullehrer*in; Lehr- und Forschungsgebiet: Konstruktion, Computer Aided Design (CAD), Technische Mechanik (TM), Mechatronik, Sensorik/Aktorik, Simulation; Fachbereich 2: Ingenieurwissenschaften - Technik und Leben; Hochschule für Technik und Wirtschaft Berlin (HTW Berlin)",,,https://www.htw-berlin.de/hochschule/personen/person/?eid=4203,"No research group, lab, Forschungscluster or Forschungsschwerpunkt leadership stated on https://www.htw-berlin.de/hochschule/personen/person/?eid=4203. Research-output counters on the same page: Projekte (3) | Publikationen (5) | Vorträge / Veranstaltungen (20). Schwerpunkte (verbatim): Ingenieur-Informatik. Other stated functions: Auswahlkommission - Vorsitzende*r. Also listed as staff of the degree programmes/units: Informatik in Ingenieurwissenschaften (M); Ingenieurinformatik (B). Campus stated: Campus Wilhelminenhof (both HTW campuses are in Berlin). Source of professorship: HTW Professor_innenprofile-Katalog."
Thomas Scheffler,Prof. Dr. Thomas Scheffler,Hochschullehrer*in; Lehr- und Forschungsgebiet: Computer Networks / Network Security; Fachbereich 1: Ingenieurwissenschaften - Energie und Information; Hochschule für Technik und Wirtschaft Berlin (HTW Berlin),,https://wiki.ipv6lab.f1.htw-berlin.de,https://www.htw-berlin.de/hochschule/personen/person/?eid=12281,"RESEARCH GROUP/LAB: HTW states lab leadership — Laborleiter*in — Vernetzte Systeme (source https://www.htw-berlin.de/hochschule/personen/person/?eid=12281). Research-output counters on the same page: Projekte (1) | Publikationen (17) | Vorträge / Veranstaltungen (13). Other stated functions: Auswahlkommission - Stellvertretende*r Vorsitzende*r, Fachbereichsrat - Mitglied, Laborleiter*in. Also listed as staff of the degree programmes/units: FB1 Fachbereichsrat; Informations- und Kommunikationstechnik (B); Informations- und Kommunikationstechnik (M); Vernetzte Systeme. Campus stated: Campus Wilhelminenhof (both HTW campuses are in Berlin). Source of professorship: HTW Professor_innenprofile-Katalog."
Thomas Schenk,Prof. Dr. Thomas Schenk,"Hochschullehrer*in; Lehr- und Forschungsgebiet: Grabungstechnik, Dokumentationsmethoden in der Archäologie, Archäologische Prospektion; Fachbereich 5: Gestaltung und Kultur; Hochschule für Technik und Wirtschaft Berlin (HTW Berlin)",,,https://www.htw-berlin.de/hochschule/personen/person/?eid=1176,"RESEARCH GROUP/LAB: HTW states lab leadership — Anrechnung von Prüfungsleistungen - Beauftragte*r, BAföG - Beauftragte*r, Laborleiter*in, Prüfungsausschuss - Vorsitzende*r, Studienfachberater*in, Studiengangssprecher*in, Auswahlkommission - Stellvertretende*r Vorsitzende*r — Angewandte Landschafts- und Feldarchäologie (M) | Laborleiter*in — Studios Grabungstechnik (source https://www.htw-berlin.de/hochschule/personen/person/?eid=1176). RESEARCH GROUP/LAB: listed under Kultur Islam (Forschungscluster) on https://www.htw-berlin.de/hochschule/personen/person/?eid=1176. Research-output counters on the same page: Projekte (14) | Publikationen (40) | Vorträge / Veranstaltungen (76). Other stated functions: Anrechnung von Prüfungsleistungen - Beauftragte*r, Auswahlkommission - Stellvertretende*r Vorsitzende*r, BAföG - Beauftragte*r, Laborleiter*in, Prüfungsausschuss - Mitglied, Prüfungsausschuss - Vorsitzende*r, Studienfachberater*in, Studiengangssprecher*in. Also listed as staff of the degree programmes/units: Angewandte Landschafts- und Feldarchäologie (M); Konservierung und Restaurierung/Grabungstechnik (B); Studios Grabungstechnik. Campus stated: Campus Wilhelminenhof (both HTW campuses are in Berlin). Source of professorship: HTW Professor_innenprofile-Katalog."
Jörn Scheuren,Prof. Dr.-Ing. Jörn Scheuren,"Hochschullehrer*in; Lehr- und Forschungsgebiet: Regenerative Wärmeversorgung, Solarthermie, Wärmepumpen; Fachbereich 1: Ingenieurwissenschaften - Energie und Information; Hochschule für Technik und Wirtschaft Berlin (HTW Berlin)",,,https://www.htw-berlin.de/hochschule/personen/person/?eid=4735,"RESEARCH GROUP/LAB: HTW states lab leadership — Laborleiter*in — Solare Energiewandlung | Laborleiter*in — Solares Bauen (source https://www.htw-berlin.de/hochschule/personen/person/?eid=4735). RESEARCH GROUP/LAB: listed under Klimagerechte Energieversorgungssysteme und energieeffiziente Gebäude (Forschungscluster) on https://www.htw-berlin.de/hochschule/personen/person/?eid=4735. Research-output counters on the same page: Projekte (4) | Publikationen (38) | Vorträge / Veranstaltungen (18). Schwerpunkte (verbatim): Regenerative Wärmeversorgung (Solarthermie, Wärmepumpen). Other stated functions: Laborleiter*in, Praktikumsbeauftragte*r. Also listed as staff of the degree programmes/units: Regenerative Energien (B); Regenerative Energien (M); Solare Energiewandlung; Solares Bauen. Campus stated: Campus Wilhelminenhof (both HTW campuses are in Berlin). Source of professorship: HTW Professor_innenprofile-Katalog."
Rutger Schlatmann,Prof. Dr. Rutger Schlatmann,"Hochschullehrer*in; Lehr- und Forschungsgebiet: Umwelttechnik, Regenerative Energien; Fachbereich 1: Ingenieurwissenschaften - Energie und Information; Hochschule für Technik und Wirtschaft Berlin (HTW Berlin)",,,https://www.htw-berlin.de/hochschule/personen/person/?eid=8375,RESEARCH GROUP/LAB: listed under Klimagerechte Energieversorgungssysteme und energieeffiziente Gebäude (Forschungscluster) on https://www.htw-berlin.de/hochschule/personen/person/?eid=8375. Research-output counters on the same page: Projekte (28) | Publikationen (239) | Patente (1) | Vorträge / Veranstaltungen (252) | Betreute Promotionen (23) | Mitgliedschaften (3). Schwerpunkte (verbatim): Photovoltaik Produktionstechnologie Gebäudeintegration. Also listed as staff of the degree programmes/units: Regenerative Energien (B); Regenerative Energien (M). Source of professorship: HTW Professor_innenprofile-Katalog.
Anke Schlöder,Prof. Anke Schlöder,Hochschullehrer*in; Lehr- und Forschungsgebiet: Produktentwicklung Modedesign/Schwerpunkt Kollektionsgestaltung/Schnittgestaltung; Fachbereich 5: Gestaltung und Kultur; Hochschule für Technik und Wirtschaft Berlin (HTW Berlin),,,https://www.htw-berlin.de/hochschule/personen/person/?eid=4242,"No research group, lab, Forschungscluster or Forschungsschwerpunkt leadership stated on https://www.htw-berlin.de/hochschule/personen/person/?eid=4242. Research-output counters on the same page: Projekte (30) | Publikationen (12) | Vorträge / Veranstaltungen (8) | Mitgliedschaften (3). Schwerpunkte (verbatim): Kollektionsgestaltung : Creative Identity / experimentelle Schnittgestaltung/ Modepräsentation : Modenschau. Other stated functions: BAföG - Beauftragte*r. Also listed as staff of the degree programmes/units: Modedesign (B); Modedesign (M). Campus stated: Campus Wilhelminenhof (both HTW campuses are in Berlin). Source of professorship: HTW Professor_innenprofile-Katalog."
Christin Schmidt,Prof. Dr. Christin Schmidt,"Hochschullehrer*in; Lehr- und Forschungsgebiet: Angewandte Informatik; Fachbereich 4: Informatik, Kommunikation und Wirtschaft; Hochschule für Technik und Wirtschaft Berlin (HTW Berlin)",,https://htwb.de/cschmidt,https://www.htw-berlin.de/hochschule/personen/person/?eid=7897,"RESEARCH GROUP/LAB: listed under Creative Technologies (Forschungscluster) | Kultur und Informatik (Forschungscluster) on https://www.htw-berlin.de/hochschule/personen/person/?eid=7897. Research-output counters on the same page: Publikationen (2). Schwerpunkte (verbatim): Distributed Systems, Data & Network Science. Other stated functions: Fachbereichsrat - Mitglied, Studiengangssprecher*in. Also listed as staff of the degree programmes/units: Angewandte Informatik (B); Angewandte Informatik (M); FB4 Fachbereichsrat. Campus stated: Campus Wilhelminenhof (both HTW campuses are in Berlin). Source of professorship: HTW Professor_innenprofile-Katalog."
Christoph Schmitz,Prof. Dr. Christoph Schmitz,"Hochschullehrer*in; Lehr- und Forschungsgebiet: Biomedizinische Gerätetechnik, Bildgebende Verfahren, Medizinphysik, Neurowissenschaften; Fachbereich 1: Ingenieurwissenschaften - Energie und Information; Hochschule für Technik und Wirtschaft Berlin (HTW Berlin)",,https://www.researchgate.net/profile/Christoph_Schmitz3,https://www.htw-berlin.de/hochschule/personen/person/?eid=12832,"RESEARCH GROUP/LAB: HTW states lab leadership — Laborleiter*in — Labore | Laborleiter*in — Medizinische Gerätetechnik (source https://www.htw-berlin.de/hochschule/personen/person/?eid=12832). Research-output counters on the same page: Projekte (1) | Publikationen (4) | Vorträge / Veranstaltungen (5) | Preise / Auszeichnungen (1) | Begutachtungen (2). Schwerpunkte (verbatim): Biomedizinische Optik, Gewebespektroskopie, Analogelektronik, Datenerfassung/Messtechnik, optische Mammographie, optische Hirnbildgebung. Other stated functions: Anrechnung von Prüfungsleistungen - Beauftragte*r, Laborleiter*in, Praktikumsbeauftragte*r, Studienfachberater*in. Also listed as staff of the degree programmes/units: Gesundheitselektronik (B); Labore; Medizinische Gerätetechnik. Campus stated: Campus Wilhelminenhof (both HTW campuses are in Berlin). Source of professorship: HTW Professor_innenprofile-Katalog."
Michael Schneider,Prof. Dr.-Ing. Michael Schneider,"Hochschullehrer*in; Lehr- und Forschungsgebiet: Bauverfahrenstechnik, Baubetriebslehre; Fachbereich 2: Ingenieurwissenschaften - Technik und Leben; Hochschule für Technik und Wirtschaft Berlin (HTW Berlin)",,,https://www.htw-berlin.de/hochschule/personen/person/?eid=9163,"No research group, lab, Forschungscluster or Forschungsschwerpunkt leadership stated on https://www.htw-berlin.de/hochschule/personen/person/?eid=9163. Research-output counters on the same page: Publikationen (2). Other stated functions: Anrechnung von Prüfungsleistungen - Beauftragte*r, Auswahlkommission - Vorsitzende*r, BAföG - Beauftragte*r, Praktikumsbeauftragte*r, Studienfachberater*in. Also listed as staff of the degree programmes/units: Bauingenieurwesen (B); Bauingenieurwesen (M); Construction and Real Estate Management (M). Campus stated: Campus Wilhelminenhof (both HTW campuses are in Berlin). Source of professorship: HTW Professor_innenprofile-Katalog."
Ralf Schnieders,Prof. Dr. Ralf Schnieders,Hochschullehrer*in; Lehr- und Forschungsgebiet: Öffentliches Wirtschaftsrecht; Fachbereich 3: Wirtschafts- und Rechtswissenschaften; Hochschule für Technik und Wirtschaft Berlin (HTW Berlin),,,https://www.htw-berlin.de/hochschule/personen/person/?eid=11925,"No research group, lab, Forschungscluster or Forschungsschwerpunkt leadership stated on https://www.htw-berlin.de/hochschule/personen/person/?eid=11925. Research-output counters on the same page: Projekte (2) | Publikationen (26) | Mitgliedschaften (6). Schwerpunkte (verbatim): Verfassungsrecht, Verwaltungsrecht, Europarecht, Umweltrecht, Datenrecht, Vergaberecht.. Also listed as staff of the degree programmes/units: Wirtschaftsrecht (B); Wirtschaftsrecht (M). Campus stated: Campus Treskowallee (both HTW campuses are in Berlin). Source of professorship: HTW Professor_innenprofile-Katalog."
Oliver Scholz,Prof. Dr. Oliver Scholz,"Hochschullehrer*in; Lehr- und Forschungsgebiet: Betriebs- und Volkswirtschaftslehre; Fachbereich 4: Informatik, Kommunikation und Wirtschaft; Hochschule für Technik und Wirtschaft Berlin (HTW Berlin)",,,https://www.htw-berlin.de/hochschule/personen/person/?eid=794,"No research group, lab, Forschungscluster or Forschungsschwerpunkt leadership stated on https://www.htw-berlin.de/hochschule/personen/person/?eid=794. Research-output counters on the same page: Projekte (3) | Publikationen (4). Schwerpunkte (verbatim): Topics: Digitalisation, Corporate Strategy, Compliance, Risk Management, Corporate Governance, Management and Business in complex environments Regions: Africa with a focus on Ethiopia, Gulf Region. Other stated functions: BAföG - Beauftragte*r, Prüfungsausschuss - Mitglied, Prüfungsberater*in, Studienfachberater*in. Also listed as staff of the degree programmes/units: Wirtschaftsingenieurwesen (B); Wirtschaftsingenieurwesen (M). Campus stated: Campus Wilhelminenhof (both HTW campuses are in Berlin). Source of professorship: HTW Professor_innenprofile-Katalog."
Niklas Schrape,Prof. Dr. Niklas Schrape,"Hochschullehrer*in; Lehr- und Forschungsgebiet: Strategische Planung der Wirtschaftskommunikation, Kreativ-Strategie, Gamification, Serious Games, Rhetorik; Fachbereich 4: Informatik, Kommunikation und Wirtschaft; Hochschule für Technik und Wirtschaft Berlin (HTW Berlin)",,,https://www.htw-berlin.de/hochschule/personen/person/?eid=13385,"No research group, lab, Forschungscluster or Forschungsschwerpunkt leadership stated on https://www.htw-berlin.de/hochschule/personen/person/?eid=13385. Research-output counters on the same page: Publikationen (3). Schwerpunkte (verbatim): Strategische Kommunikationsplanung. Other stated functions: Studiengangssprecher*in. Also listed as staff of the degree programmes/units: Wirtschaftskommunikation (B). Campus stated: Campus Wilhelminenhof (both HTW campuses are in Berlin). Source of professorship: HTW Professor_innenprofile-Katalog."
Franziska Schuh,Prof. Franziska Schuh,Hochschullehrer*in; Fachbereich 5: Gestaltung und Kultur; Hochschule für Technik und Wirtschaft Berlin (HTW Berlin),,,https://www.htw-berlin.de/hochschule/personen/person/?eid=12505,"No research group, lab, Forschungscluster or Forschungsschwerpunkt leadership stated on https://www.htw-berlin.de/hochschule/personen/person/?eid=12505. Other stated functions: Auswahlkommission - Mitglied, BAföG - Beauftragte*r, Fachbereichsrat - Mitglied, Frauen- und Gleichstellungsbeauftragte - Stellvertreterin, Studienfachberater*in, Studiengangssprecher*in. Also listed as staff of the degree programmes/units: FB5 Fachbereichsrat; Industrial Design (B); System Design/Game Design (M). Campus stated: Campus Wilhelminenhof (both HTW campuses are in Berlin). Source of professorship: HTW Professor_innenprofile-Katalog."
Horst Schulte,Prof. Dr.-Ing. Horst Schulte,"Hochschullehrer*in; Lehr- und Forschungsgebiet: Control Systems Engineering, Electrical Engineering, Mathematical Modeling of Dynamic Systems; Fachbereich 1: Ingenieurwissenschaften - Energie und Information; Hochschule für Technik und Wirtschaft Berlin (HTW Berlin)",,https://www.researchgate.net/profile/Horst_Schulte2,https://www.htw-berlin.de/hochschule/personen/person/?eid=4367,"RESEARCH GROUP/LAB: listed under Klimagerechte Energieversorgungssysteme und energieeffiziente Gebäude (Forschungscluster) on https://www.htw-berlin.de/hochschule/personen/person/?eid=4367. Research-output counters on the same page: Projekte (24) | Publikationen (208) | Patente (3) | Vorträge / Veranstaltungen (230) | Betreute Promotionen (4) | Preise / Auszeichnungen (4) | Begutachtungen (6) | Mitgliedschaften (8). Schwerpunkte (verbatim): Modeling, Control, and Diagnosis of Complex Systems Model-based and Data-driven Control Computational Intelligence in Control Robust and Fault-Tolerant Control. Other stated functions: Auswahlkommission - Stellvertretende*r Vorsitzende*r, Studiengangssprecher*in. Also listed as staff of the degree programmes/units: Elektrotechnik (B); Elektrotechnik (M). Campus stated: Campus Wilhelminenhof (both HTW campuses are in Berlin). Source of professorship: HTW Professor_innenprofile-Katalog."
Maija Schultz,Prof. Maija Schultz,Hochschullehrer*in; Fachbereich 5: Gestaltung und Kultur; Hochschule für Technik und Wirtschaft Berlin (HTW Berlin),,,https://www.htw-berlin.de/hochschule/personen/person/?eid=10518,"RESEARCH GROUP/LAB: HTW states lab leadership — Laborleiter*in — CAD-Fashion Design | Laborleiter*in, Studiengangssprecher*in, Hochschullehrer*in — Modedesign (B) | Laborleiter*in, Studiengangssprecher*in, Hochschullehrer*in — Modedesign (M) (source https://www.htw-berlin.de/hochschule/personen/person/?eid=10518). Research-output counters on the same page: Projekte (1). Other stated functions: Laborleiter*in, Studiengangssprecher*in. Also listed as staff of the degree programmes/units: CAD-Fashion Design; Modedesign (B); Modedesign (M). Campus stated: Campus Wilhelminenhof (both HTW campuses are in Berlin). Source of professorship: HTW Professor_innenprofile-Katalog."
Anita Schulz,Prof. Dr.-Ing. Anita Schulz,"Hochschullehrer*in; Lehr- und Forschungsgebiet: Acoustics, Aeroacoustics, Automated Measurements; Fachbereich 1: Ingenieurwissenschaften - Energie und Information; Hochschule für Technik und Wirtschaft Berlin (HTW Berlin)",,https://www.researchgate.net/profile/Anita-Schulz,https://www.htw-berlin.de/hochschule/personen/person/?eid=13497,"RESEARCH GROUP/LAB: HTW states lab leadership — Laborleiter*in — Computer-Messtechnik | Laborleiter*in — Labore (source https://www.htw-berlin.de/hochschule/personen/person/?eid=13497). RESEARCH GROUP/LAB: listed under Klimagerechte Energieversorgungssysteme und energieeffiziente Gebäude (Forschungscluster) on https://www.htw-berlin.de/hochschule/personen/person/?eid=13497. Research-output counters on the same page: Projekte (2) | Publikationen (8) | Vorträge / Veranstaltungen (10) | Preise / Auszeichnungen (2) | Begutachtungen (5) | Mitgliedschaften (6). Schwerpunkte (verbatim): Research key words: duct acoustics, liners, acoustic boundary condition, impedance models, wall-bounded turbulent flow, flow-induced noise, turbulence with instationary boundary condition, nonlinear flow at edges and openings, sound-coherent Reynolds stress, mode decomposition, aeroacoustic experimental characterization and modeling. Other stated functions: Laborleiter*in. Also listed as staff of the degree programmes/units: Computer-Messtechnik; Informations- und Kommunikationstechnik (B); Informations- und Kommunikationstechnik (M); Labore. Campus stated: Campus Wilhelminenhof (both HTW campuses are in Berlin). Source of professorship: HTW Professor_innenprofile-Katalog."
Stefanie Schwaar,Prof. Dr. Stefanie Schwaar,Hochschullehrer*in; Lehr- und Forschungsgebiet: ML- und KI-Lösungen; Fachbereich 3: Wirtschafts- und Rechtswissenschaften; Hochschule für Technik und Wirtschaft Berlin (HTW Berlin),,,https://www.htw-berlin.de/hochschule/personen/person/?eid=14586,"No research group, lab, Forschungscluster or Forschungsschwerpunkt leadership stated on https://www.htw-berlin.de/hochschule/personen/person/?eid=14586. Research-output counters on the same page: Publikationen (2) | Betreute Promotionen (1). Schwerpunkte (verbatim): Anomalie Erkennung (Ausreißer- und Änderungsdetektion), Textverarbeitung und Erklärbarkeit. Campus stated: Campus Treskowallee (both HTW campuses are in Berlin). Source of professorship: HTW Professor_innenprofile-Katalog."
Julia Schwarzkopf,Prof. Dr. Julia Schwarzkopf,"Hochschullehrer*in; Lehr- und Forschungsgebiet: Nachhaltigkeit, Nachhaltige Unternehmensführung / Sustainability Management, Sustainable Supply Chain Management; Fachbereich 3: Wirtschafts- und Rechtswissenschaften; Hochschule für Technik und Wirtschaft Berlin (HTW Berlin)",,,https://www.htw-berlin.de/hochschule/personen/person/?eid=11249,"No research group, lab, Forschungscluster or Forschungsschwerpunkt leadership stated on https://www.htw-berlin.de/hochschule/personen/person/?eid=11249. Research-output counters on the same page: Projekte (8) | Publikationen (43) | Vorträge / Veranstaltungen (26) | Betreute Promotionen (4) | Mitgliedschaften (2). Schwerpunkte (verbatim): 🔎 Forschungsschwerpunkte ---------------------------- Sustainable Supply Chain Management; Brancheninitiativen/Sector initiatives; CSR-Audits; Nachhaltigkeit; Corporate Social Responsibility; Nachhaltigkeitsberichterstattung/Sustainability Reporting Human Rights Due Diligence; OECD Due Diligence Guidance Einen Überblick über aktuelle Projekte entnehmen Sie bitte der Liste ""Forschungsaktivitäten > Projekte"" __________________________ Vertrauensdozentin der Friedrich-Ebert-Stiftung. Other stated functions: Auswahlkommission - Mitglied, Studienfachberater*in, Studiengangssprecher*in. Also listed as staff of the degree programmes/units: International Business (B); International Business (M). Campus stated: Campus Treskowallee (both HTW campuses are in Berlin). Source of professorship: HTW Professor_innenprofile-Katalog."
Thomas Schwotzer,Prof. Dr.-Ing. Thomas Schwotzer,"Hochschullehrer*in; Lehr- und Forschungsgebiet: Angewandte Informatik; Fachbereich 4: Informatik, Kommunikation und Wirtschaft; Hochschule für Technik und Wirtschaft Berlin (HTW Berlin)",,https://wiki.htw-berlin.de/confluence/display/fb4mobileapplicatio/Lehre,https://www.htw-berlin.de/hochschule/personen/person/?eid=3665,"RESEARCH GROUP/LAB: listed under Industrielle Produktion (Forschungscluster) | Sustainable Smart Cities (Forschungscluster) on https://www.htw-berlin.de/hochschule/personen/person/?eid=3665. Research-output counters on the same page: Projekte (11) | Publikationen (13) | Vorträge / Veranstaltungen (21) | Betreute Promotionen (1). Schwerpunkte (verbatim): Mobile Anwendungen Semantic Web Dezentrale Systeme Digitale Karten https://www.researchgate.net/profile/Thomas-Schwotzer. Other stated functions: Anrechnung von Prüfungsleistungen - Beauftragte*r, Auswahlkommission - Vorsitzende*r, Prüfungsausschuss - Vorsitzende*r, Studienfachberater*in, Studiengangssprecher*in. Also listed as staff of the degree programmes/units: Angewandte Informatik (B); Angewandte Informatik (M); Professional IT Business and Digitalization (M) FW. Campus stated: Campus Wilhelminenhof (both HTW campuses are in Berlin). Source of professorship: HTW Professor_innenprofile-Katalog."
Stephan Schäfer,Prof. Dr.-Ing. Stephan Schäfer,"Hochschullehrer*in; Lehr- und Forschungsgebiet: Elektrotechnik, Verteilte Automatisierungssysteme, Industrie 4.0, Industrierobotik, Speicherprogrammierbare Steuerungen; Fachbereich 1: Ingenieurwissenschaften - Energie und Information; Hochschule für Technik und Wirtschaft Berlin (HTW Berlin)",,,https://www.htw-berlin.de/hochschule/personen/person/?eid=4618,"RESEARCH GROUP/LAB: HTW states lab leadership — Laborleiter*in — Labore | Laborleiter*in — Prozesssteuerungssysteme (source https://www.htw-berlin.de/hochschule/personen/person/?eid=4618). RESEARCH GROUP/LAB: listed under Industrielle Produktion (Forschungscluster) on https://www.htw-berlin.de/hochschule/personen/person/?eid=4618. Research-output counters on the same page: Projekte (17) | Publikationen (49) | Vorträge / Veranstaltungen (87) | Mitgliedschaften (1). Schwerpunkte (verbatim): Projektmanagement Technische und kaufmännische Projektabwicklung Technologie- Tansfer Know-how-Transfer Verbundprojekte Forschungsnetzwerke. Other stated functions: Laborleiter*in, Praktikumsbeauftragte*r. Also listed as staff of the degree programmes/units: Elektrotechnik (B); Elektrotechnik (M); Labore; Prozesssteuerungssysteme. Campus stated: Campus Wilhelminenhof (both HTW campuses are in Berlin). Source of professorship: HTW Professor_innenprofile-Katalog."
Anna Schönemann,Prof. Dr. Anna Schönemann,Hochschullehrer*in; Lehr- und Forschungsgebiet: Archäometrie und Naturwissenschaften in der Konservierung/Restaurierung (Conservation Science); Fachbereich 5: Gestaltung und Kultur; Hochschule für Technik und Wirtschaft Berlin (HTW Berlin),,,https://www.htw-berlin.de/hochschule/personen/person/?eid=9258,"No research group, lab, Forschungscluster or Forschungsschwerpunkt leadership stated on https://www.htw-berlin.de/hochschule/personen/person/?eid=9258. Research-output counters on the same page: Projekte (11) | Publikationen (18) | Vorträge / Veranstaltungen (25) | Betreute Promotionen (1) | Mitgliedschaften (1). Also listed as staff of the degree programmes/units: Konservierung und Restaurierung (M); Konservierung und Restaurierung/Grabungstechnik (B). Campus stated: Campus Wilhelminenhof (both HTW campuses are in Berlin). Source of professorship: HTW Professor_innenprofile-Katalog."
Robert Schöpflin,Prof. Dr. rer. nat. Robert Schöpflin,"Hochschullehrer*in; Lehr- und Forschungsgebiet: Grundlagen der Programmierung, Objektorientierte Programmierung; Fachbereich 1: Ingenieurwissenschaften - Energie und Information; Hochschule für Technik und Wirtschaft Berlin (HTW Berlin)",,,https://www.htw-berlin.de/hochschule/personen/person/?eid=13786,"No research group, lab, Forschungscluster or Forschungsschwerpunkt leadership stated on https://www.htw-berlin.de/hochschule/personen/person/?eid=13786. Other stated functions: Praktikumsbeauftragte*r. Also listed as staff of the degree programmes/units: Gesundheitselektronik (B). Campus stated: Campus Wilhelminenhof (both HTW campuses are in Berlin). Source of professorship: HTW Professor_innenprofile-Katalog."
Elena Schüler,Prof. Dr. Elena Schüler,"Hochschullehrer*in; Lehr- und Forschungsgebiet: - Studiengang Angewandte Informatik; Fachbereich 4: Informatik, Kommunikation und Wirtschaft; Hochschule für Technik und Wirtschaft Berlin (HTW Berlin)",,,https://www.htw-berlin.de/hochschule/personen/person/?eid=11594,"No research group, lab, Forschungscluster or Forschungsschwerpunkt leadership stated on https://www.htw-berlin.de/hochschule/personen/person/?eid=11594. Schwerpunkte (verbatim): Software Development Softwarequalitätssicherung. Also listed as staff of the degree programmes/units: Angewandte Informatik (B). Campus stated: Campus Wilhelminenhof (both HTW campuses are in Berlin). Source of professorship: HTW Professor_innenprofile-Katalog."
Stephan Seeck,Prof. Dr. Stephan Seeck,"Hochschullehrer*in; Lehr- und Forschungsgebiet: Produktionsmanagement, Logistik, Supply Chain Management, Handel, E-Business; Fachbereich 4: Informatik, Kommunikation und Wirtschaft; Hochschule für Technik und Wirtschaft Berlin (HTW Berlin)",,,https://www.htw-berlin.de/hochschule/personen/person/?eid=8635,"RESEARCH GROUP/LAB: listed under Sustainable Smart Cities (Forschungscluster) on https://www.htw-berlin.de/hochschule/personen/person/?eid=8635. Research-output counters on the same page: Projekte (12) | Publikationen (34) | Vorträge / Veranstaltungen (39). Schwerpunkte (verbatim): Forschungsschwerpunkt ""Urbane Logistik"". Also listed as staff of the degree programmes/units: Wirtschaftsingenieurwesen (B); Wirtschaftsingenieurwesen (M). Campus stated: Campus Wilhelminenhof (both HTW campuses are in Berlin). Source of professorship: HTW Professor_innenprofile-Katalog."
Michael Selig,Prof. Dr. Michael Selig,Hochschullehrer*in; Lehr- und Forschungsgebiet: Allgemeine Kraftfahrzeugtechnik / Mobilitätskonzepte; Fachbereich 2: Ingenieurwissenschaften - Technik und Leben; Hochschule für Technik und Wirtschaft Berlin (HTW Berlin),,,https://www.htw-berlin.de/hochschule/personen/person/?eid=13328,"No research group, lab, Forschungscluster or Forschungsschwerpunkt leadership stated on https://www.htw-berlin.de/hochschule/personen/person/?eid=13328. Other stated functions: Anrechnung von Prüfungsleistungen - Beauftragte*r, Prüfungsausschuss - Stellvertretende*r Vorsitzende*r, Studienfachberater*in. Also listed as staff of the degree programmes/units: Fahrzeugtechnik (B); Fahrzeugtechnik (M); Maschinenbau (B); Maschinenbau (M). Campus stated: Campus Wilhelminenhof (both HTW campuses are in Berlin). Source of professorship: HTW Professor_innenprofile-Katalog."
Hendrik Send,Prof. Dr. Hendrik Send,Hochschullehrer*in; Lehr- und Forschungsgebiet: - Marketing and Market Research - Digital Innovation; Fachbereich 3: Wirtschafts- und Rechtswissenschaften; Hochschule für Technik und Wirtschaft Berlin (HTW Berlin),,,https://www.htw-berlin.de/hochschule/personen/person/?eid=10498,"No research group, lab, Forschungscluster or Forschungsschwerpunkt leadership stated on https://www.htw-berlin.de/hochschule/personen/person/?eid=10498. Research-output counters on the same page: Projekte (1) | Publikationen (31) | Vorträge / Veranstaltungen (5) | Betreute Promotionen (1) | Preise / Auszeichnungen (1). Schwerpunkte (verbatim): Für Studierende auf der Suche nach einem Bachelor-/Master-Abschlussarbeitthema biete ich an: - Civic participation and co‐creation at Transparency International/Bürgerliche Partizipation und Co-Creation bei Transparency International Betreuung von Abschlussarbeiten Verfügbarkeit - Thesis Supervision Availability: https://moodle.htw-berlin.de/course/view.php?id=38068. Also listed as staff of the degree programmes/units: International Business (B). Campus stated: Campus Treskowallee (both HTW campuses are in Berlin). Source of professorship: HTW Professor_innenprofile-Katalog."
Christopher Severin,Prof. Dr.-Ing. Christopher Severin,Hochschullehrer*in; Lehr- und Forschungsgebiet: Nachhaltige Fahrzeugantriebe; Fachbereich 2: Ingenieurwissenschaften - Technik und Leben; Hochschule für Technik und Wirtschaft Berlin (HTW Berlin),,,https://www.htw-berlin.de/hochschule/personen/person/?eid=11074,"No research group, lab, Forschungscluster or Forschungsschwerpunkt leadership stated on https://www.htw-berlin.de/hochschule/personen/person/?eid=11074. Research-output counters on the same page: Projekte (2) | Publikationen (5). Schwerpunkte (verbatim): Batterieelektrische Antriebe, brennstoffzellenelektrische Antriebe, Hybridantriebe, nachhaltige Kraftstoffe, Wasserstoff in der Mobilität. Other stated functions: Praktikumsbeauftragte*r. Also listed as staff of the degree programmes/units: Fahrzeugtechnik (B); Fahrzeugtechnik (M). Campus stated: Campus Wilhelminenhof (both HTW campuses are in Berlin). Source of professorship: HTW Professor_innenprofile-Katalog."
Grit Seymour,Prof. Grit Seymour,"Hochschullehrer*in; Lehr- und Forschungsgebiet: Modedesign, Strickdesign, Kreativdirektion; Fachbereich 5: Gestaltung und Kultur; Hochschule für Technik und Wirtschaft Berlin (HTW Berlin)",,,https://www.htw-berlin.de/hochschule/personen/person/?eid=11033,"RESEARCH GROUP/LAB: HTW states lab leadership — Laborleiter*in — Strickdesign (source https://www.htw-berlin.de/hochschule/personen/person/?eid=11033). Research-output counters on the same page: Projekte (17) | Publikationen (17) | Vorträge / Veranstaltungen (40) | Begutachtungen (5). Schwerpunkte (verbatim): DOB-womens wear design, Strick- Jerseydesign, computergesteuertes 3D Stricken, Mode&Medizin, Artificial Intelligence&Mode, Sustainability in Knitwear. Other stated functions: Akademischer Senat - Stellvertretende*r Vorsitzende*r, Auswahlkommission - Stellvertretende*r Vorsitzende*r, Laborleiter*in, Praktikumsbeauftragte*r, Prüfungsausschuss - Vorsitzende*r. Also listed as staff of the degree programmes/units: Modedesign (B); Modedesign (M); Strickdesign. Campus stated: Campus Wilhelminenhof (both HTW campuses are in Berlin). Source of professorship: HTW Professor_innenprofile-Katalog."
Mohammad Hassan Farshbaf Shaker,Prof. Dr. Mohammad Hassan Farshbaf Shaker,Hochschullehrer*in; Lehr- und Forschungsgebiet: Mathematik in den Ingenieurwissenschaften; Fachbereich 2: Ingenieurwissenschaften - Technik und Leben; Hochschule für Technik und Wirtschaft Berlin (HTW Berlin),,,https://www.htw-berlin.de/hochschule/personen/person/?eid=13483,"No research group, lab, Forschungscluster or Forschungsschwerpunkt leadership stated on https://www.htw-berlin.de/hochschule/personen/person/?eid=13483. Research-output counters on the same page: Projekte (2) | Vorträge / Veranstaltungen (1). Schwerpunkte (verbatim): Angewandte Mathematik. Also listed as staff of the degree programmes/units: Bauingenieurwesen (B). Campus stated: Campus Wilhelminenhof (both HTW campuses are in Berlin). Source of professorship: HTW Professor_innenprofile-Katalog."
Friedrich Sick,Prof. Dr.-Ing. Friedrich Sick,Hochschullehrer*in; Lehr- und Forschungsgebiet: Regenerative Energiesysteme; Fachbereich 1: Ingenieurwissenschaften - Energie und Information; Hochschule für Technik und Wirtschaft Berlin (HTW Berlin),,,https://www.htw-berlin.de/hochschule/personen/person/?eid=981,"RESEARCH GROUP/LAB: listed under Klimagerechte Energieversorgungssysteme und energieeffiziente Gebäude (Forschungscluster) | Sustainable Smart Cities (Forschungscluster) on https://www.htw-berlin.de/hochschule/personen/person/?eid=981. Research-output counters on the same page: Projekte (17) | Publikationen (57) | Vorträge / Veranstaltungen (104) | Betreute Promotionen (1) | Begutachtungen (1). Schwerpunkte (verbatim): Solares und klimagerechtes Bauen, nachhaltige Energiekonzepte für Gebäude und Quartiere, dynamische Gebäude- und Anlagensimulation. Also listed as staff of the degree programmes/units: Regenerative Energien (B); Regenerative Energien (M). Campus stated: Campus Wilhelminenhof (both HTW campuses are in Berlin). Source of professorship: HTW Professor_innenprofile-Katalog."
Nils Siebel,Prof. Dr. Nils Siebel,"Hochschullehrer*in; Lehr- und Forschungsgebiet: Informatik, Mechatronik, IT-Sicherheit, Automation, Gebäudeautomation, Bildverarbeitung, Neuronale Netzwerke, Evolutionary Computing; Fachbereich 2: Ingenieurwissenschaften - Technik und Leben; Hochschule für Technik und Wirtschaft Berlin (HTW Berlin)",,https://ii.htw-berlin.de/,https://www.htw-berlin.de/hochschule/personen/person/?eid=4357,"No research group, lab, Forschungscluster or Forschungsschwerpunkt leadership stated on https://www.htw-berlin.de/hochschule/personen/person/?eid=4357. Research-output counters on the same page: Projekte (2) | Publikationen (21) | Vorträge / Veranstaltungen (39). Schwerpunkte (verbatim): Gebäudesicherheit (Safety and Security), IT-Sicherheit, Lernmethoden für autonome/teilautonome Systeme, Automation/Automatisierungstechnik, Robotik, Intelligente Gebäude, visuelle Überwachung. Other stated functions: Auswahlkommission - Mitglied. Also listed as staff of the degree programmes/units: Informatik in Ingenieurwissenschaften (M); Ingenieurinformatik (B). Campus stated: Campus Wilhelminenhof (both HTW campuses are in Berlin). Source of professorship: HTW Professor_innenprofile-Katalog."
Juliane Siegeris,Prof. Dr. Juliane Siegeris,"Hochschullehrer*in; Lehr- und Forschungsgebiet: Softwaretechnik; Fachbereich 4: Informatik, Kommunikation und Wirtschaft; Hochschule für Technik und Wirtschaft Berlin (HTW Berlin)",,,https://www.htw-berlin.de/hochschule/personen/person/?eid=4462,"RESEARCH GROUP/LAB: listed under Industrielle Produktion (Forschungscluster) on https://www.htw-berlin.de/hochschule/personen/person/?eid=4462. Research-output counters on the same page: Projekte (6) | Publikationen (40) | Vorträge / Veranstaltungen (62) | Betreute Promotionen (2) | Preise / Auszeichnungen (1) | Begutachtungen (1) | Mitgliedschaften (1). Schwerpunkte (verbatim): Requirementsengineering, Prozessmanagement, Usability. Other stated functions: Fachbereichsrat - Mitglied, Prüfungsausschuss - Mitglied, Studiengangssprecher*in. Also listed as staff of the degree programmes/units: FB4 Fachbereichsrat; Informatik und Wirtschaft - Frauenstudiengang (B). Campus stated: Campus Wilhelminenhof (both HTW campuses are in Berlin). Source of professorship: HTW Professor_innenprofile-Katalog."
Katharina Simbeck,Prof. Dr. Katharina Simbeck,"Hochschullehrer*in; Lehr- und Forschungsgebiet: Wirtschaftsinformatik KI im Personalmanagement, KI im Bildungswesen, Faire und erklärbare KI Digitale Transformation; Fachbereich 4: Informatik, Kommunikation und Wirtschaft; Hochschule für Technik und Wirtschaft Berlin (HTW Berlin)",,https://iug-lab.de/themen-fur-abschlussarbeiten/,https://www.htw-berlin.de/hochschule/personen/person/?eid=9862,"No research group, lab, Forschungscluster or Forschungsschwerpunkt leadership stated on https://www.htw-berlin.de/hochschule/personen/person/?eid=9862. Research-output counters on the same page: Projekte (18) | Publikationen (94) | Vorträge / Veranstaltungen (32) | Betreute Promotionen (1). Schwerpunkte (verbatim): Digitalisierung Learning Analytics HR Analytics Bias and Fairness in AI systems. Also listed as staff of the degree programmes/units: Wirtschaftsinformatik (B); Wirtschaftsinformatik (M). Campus stated: Campus Treskowallee (both HTW campuses are in Berlin). Source of professorship: HTW Professor_innenprofile-Katalog."
Henrik Spohler,Prof. Henrik Spohler,Hochschullehrer*in; Lehr- und Forschungsgebiet: Fotografie; Fachbereich 5: Gestaltung und Kultur; Hochschule für Technik und Wirtschaft Berlin (HTW Berlin),,https://henrikspohler.de,https://www.htw-berlin.de/hochschule/personen/person/?eid=4402,"RESEARCH GROUP/LAB: HTW states lab leadership — Laborleiter*in — Fotografiewerkstatt (inkl. Atelier) | Hochschullehrer*in, Laborleiter*in, Auswahlkommission - Mitglied — Kommunikationsdesign (B) (source https://www.htw-berlin.de/hochschule/personen/person/?eid=4402). Research-output counters on the same page: Projekte (10) | Publikationen (25) | Vorträge / Veranstaltungen (38). Other stated functions: Auswahlkommission - Mitglied, Laborleiter*in. Also listed as staff of the degree programmes/units: Fotografiewerkstatt (inkl. Atelier); Kommunikationsdesign (B). Campus stated: Campus Wilhelminenhof (both HTW campuses are in Berlin). Source of professorship: HTW Professor_innenprofile-Katalog."
Martin Spott,Prof. Dr. Martin Spott,"Hochschullehrer*in; Lehr- und Forschungsgebiet: Data Science; Fachbereich 4: Informatik, Kommunikation und Wirtschaft; Hochschule für Technik und Wirtschaft Berlin (HTW Berlin)",,,https://www.htw-berlin.de/hochschule/personen/person/?eid=10741,"No research group, lab, Forschungscluster or Forschungsschwerpunkt leadership stated on https://www.htw-berlin.de/hochschule/personen/person/?eid=10741. Research-output counters on the same page: Projekte (4) | Publikationen (27) | Patente (5) | Vorträge / Veranstaltungen (3). Schwerpunkte (verbatim): Collaborative and Visual Analytics, AI, Data Mining and Machine Learning, Statistics, Education in Data Science. Also listed as staff of the degree programmes/units: Wirtschaftsinformatik (B); Wirtschaftsinformatik (M). Campus stated: Campus Treskowallee (both HTW campuses are in Berlin). Source of professorship: HTW Professor_innenprofile-Katalog."
Alexander Stanik,Prof. Dr.-Ing. Alexander Stanik,"Hochschullehrer*in; Lehr- und Forschungsgebiet: Verteilte Anwendungen und Immobiliensoftware; Fachbereich 4: Informatik, Kommunikation und Wirtschaft; Hochschule für Technik und Wirtschaft Berlin (HTW Berlin)",,https://remsfal.de,https://www.htw-berlin.de/hochschule/personen/person/?eid=13708,RESEARCH GROUP/LAB: listed under Klimagerechte Energieversorgungssysteme und energieeffiziente Gebäude (Forschungscluster) on https://www.htw-berlin.de/hochschule/personen/person/?eid=13708. Research-output counters on the same page: Projekte (1). Schwerpunkte (verbatim): - Forschung & Entwicklung von skalierbaren Architekturen & Technologien für verteilte & parallele Informationssysteme der Immobilienwirtschaft - Entwicklung & Erprobung neuer Technologien & Anwendungen für nachhaltige & klimagerechte Gebäudebewirtschaftung. Also listed as staff of the degree programmes/units: Wirtschaftsinformatik (B); Wirtschaftsinformatik (M). Campus stated: Campus Treskowallee (both HTW campuses are in Berlin). Source of professorship: HTW Professor_innenprofile-Katalog.
Bert Stegemann,Prof. Dr. Bert Stegemann,"Hochschullehrer*in; Lehr- und Forschungsgebiet: Photovoltaik, Physik, Laser; Fachbereich 1: Ingenieurwissenschaften - Energie und Information; Hochschule für Technik und Wirtschaft Berlin (HTW Berlin)",,http://www.researchgate.net/profile/Bert_Stegemann/,https://www.htw-berlin.de/hochschule/personen/person/?eid=4205,"RESEARCH GROUP/LAB: HTW states lab leadership — Laborleiter*in — Physikalische Messtechnik/Werkstofftechnik/Laserlabor (source https://www.htw-berlin.de/hochschule/personen/person/?eid=4205). RESEARCH GROUP/LAB: listed under Klimagerechte Energieversorgungssysteme und energieeffiziente Gebäude (Forschungscluster) on https://www.htw-berlin.de/hochschule/personen/person/?eid=4205. Research-output counters on the same page: Projekte (13) | Publikationen (146) | Patente (3) | Vorträge / Veranstaltungen (204) | Betreute Promotionen (2) | Preise / Auszeichnungen (1) | Begutachtungen (3). Schwerpunkte (verbatim): Perowskit-Solarzellen, Tandem- und Hocheffizienz-Solarzellen, Dünnschicht-Photovoltaik, Laserstrukturierung und Laser-Material-Bearbeitung Vertrauensdozent der Deutsch-Amerikanischen Fulbright-Kommission. Other stated functions: FNK - Mitglied, Fachbereichsrat - Mitglied, Laborleiter*in. Also listed as staff of the degree programmes/units: FB1 Fachbereichsrat; Gremien; Physikalische Messtechnik/Werkstofftechnik/Laserlabor; Regenerative Energien (B); Regenerative Energien (M). Campus stated: Campus Wilhelminenhof (both HTW campuses are in Berlin). Source of professorship: HTW Professor_innenprofile-Katalog."
David Strippgen,Prof. Dr.-Ing. David Strippgen,"Hochschullehrer*in; Lehr- und Forschungsgebiet: Game Technologies, Interactive Systems, Embedded Devices,; Fachbereich 4: Informatik, Kommunikation und Wirtschaft; Hochschule für Technik und Wirtschaft Berlin (HTW Berlin)",,https://xwiki.htw-berlin.de/bin/view/%7Estrippg/,https://www.htw-berlin.de/hochschule/personen/person/?eid=4293,"RESEARCH GROUP/LAB: HTW states lab leadership — Laborleiter*in — FB4 Labor Game Technology & Interactive Systems | Laborleiter*in — FB4 Labor Web Technology | Laborleiter*in, Prüfungsausschuss - Mitglied, BAföG - Beauftragte*r, Hochschullehrer*in, Praktikumsbeauftragte*r, Praktikumsbeauftragte*r, Praktikumsbeauftragte*r — Internationale Medieninformatik (B) | Laborleiter*in, Prüfungsausschuss - Mitglied, BAföG - Beauftragte*r, Praktikumsbeauftragte*r, Hochschullehrer*in — Internationale Medieninformatik (M) (source https://www.htw-berlin.de/hochschule/personen/person/?eid=4293). RESEARCH GROUP/LAB: listed under GAME CHANGER (Forschungscluster) on https://www.htw-berlin.de/hochschule/personen/person/?eid=4293. Research-output counters on the same page: Projekte (3) | Publikationen (6) | Vorträge / Veranstaltungen (3). Schwerpunkte (verbatim): Game Technology, Simulation, Real Time Interactive Applications. Other stated functions: BAföG - Beauftragte*r, Laborleiter*in, Praktikumsbeauftragte*r, Prüfungsausschuss - Mitglied. Also listed as staff of the degree programmes/units: FB4 Labor Game Technology & Interactive Systems; FB4 Labor Web Technology; Internationale Medieninformatik (B); Internationale Medieninformatik (M). Campus stated: Campus Wilhelminenhof (both HTW campuses are in Berlin). Source of professorship: HTW Professor_innenprofile-Katalog."
Lutz Strobach,Prof. Dr. Lutz Strobach,"Hochschullehrer*in; Lehr- und Forschungsgebiet: Materialien der Moderne, Historische Metalle, Technikgeschichte, Konservierung und Restaurierung; Fachbereich 5: Gestaltung und Kultur; Hochschule für Technik und Wirtschaft Berlin (HTW Berlin)",,,https://www.htw-berlin.de/hochschule/personen/person/?eid=8621,"RESEARCH GROUP/LAB: HTW states lab leadership — Auswahlkommission - Vorsitzende*r, Hochschullehrer*in, Laborleiter*in, Studienfachberater*in — Konservierung und Restaurierung (M) | Laborleiter*in, Auswahlkommission - Mitglied, Studienfachberater*in, Hochschullehrer*in, Studiengangssprecher*in, Prüfungsausschuss - Mitglied — Konservierung und Restaurierung/Grabungstechnik (B) | Laborleiter*in — Labor Naturwissenschaftliche Untersuchungen | Laborleiter*in, Studienfachberater*in, Praktikumsbeauftragte*r — Moderne Materialien und technisches Kulturgut (source https://www.htw-berlin.de/hochschule/personen/person/?eid=8621). Research-output counters on the same page: Projekte (3) | Publikationen (4) | Vorträge / Veranstaltungen (1). Other stated functions: Auswahlkommission - Mitglied, Auswahlkommission - Vorsitzende*r, Fachbereichsrat - Mitglied, Laborleiter*in, Praktikumsbeauftragte*r, Prüfungsausschuss - Mitglied, Strahlenschutzbeauftragte*r, Studienfachberater*in, Studiengangssprecher*in. Also listed as staff of the degree programmes/units: FB5 Fachbereichsrat; Konservierung und Restaurierung (M); Konservierung und Restaurierung/Grabungstechnik (B); Labor Naturwissenschaftliche Untersuchungen; Moderne Materialien und technisches Kulturgut. Campus stated: Campus Wilhelminenhof (both HTW campuses are in Berlin). Source of professorship: HTW Professor_innenprofile-Katalog."
Matthias Strobel,Prof. Dr. Matthias Strobel,"Hochschullehrer*in; Lehr- und Forschungsgebiet: Physik, Elektrotechnik, Regenerative Energiesysteme, Photovoltaik, Physics, Electrical Engineering, Renewable Energy Systems, Photovoltaics; Fachbereich 1: Ingenieurwissenschaften - Energie und Information; Hochschule für Technik und Wirtschaft Berlin (HTW Berlin)",,https://www.researchgate.net/profile/Matthias-Strobel,https://www.htw-berlin.de/hochschule/personen/person/?eid=10607,"RESEARCH GROUP/LAB: HTW states lab leadership — Laborleiter*in — Labore | Laborleiter*in — Physikalische Grundlagen (source https://www.htw-berlin.de/hochschule/personen/person/?eid=10607). Research-output counters on the same page: Projekte (2) | Publikationen (1) | Vorträge / Veranstaltungen (2) | Mitgliedschaften (1). Schwerpunkte (verbatim): • Elektrotechnik (electrical engineering) • Physik (physics) • Photovoltaische Systeme (photovotaic systems) • MINT Lehre (STEM education). Other stated functions: Fachbereichsrat - Mitglied, Laborleiter*in. Also listed as staff of the degree programmes/units: Elektrotechnik (B); FB1 Fachbereichsrat; Fachgruppe Mathematik/Physik/Chemie; Labore; Physikalische Grundlagen. Campus stated: Campus Wilhelminenhof (both HTW campuses are in Berlin). Source of professorship: HTW Professor_innenprofile-Katalog."
Alexander Taffe,Prof. Dr.-Ing. Alexander Taffe,"Hochschullehrer*in; Lehr- und Forschungsgebiet: Baustoffkunde, Bauwerksdiagnose und zerstörungsfreie Prüfung; Fachbereich 2: Ingenieurwissenschaften - Technik und Leben; Hochschule für Technik und Wirtschaft Berlin (HTW Berlin)",,,https://www.htw-berlin.de/hochschule/personen/person/?eid=9443,"No research group, lab, Forschungscluster or Forschungsschwerpunkt leadership stated on https://www.htw-berlin.de/hochschule/personen/person/?eid=9443. Research-output counters on the same page: Projekte (8) | Publikationen (50) | Vorträge / Veranstaltungen (27) | Betreute Promotionen (1). Also listed as staff of the degree programmes/units: Bauingenieurwesen (B); Bauingenieurwesen (M). Campus stated: Campus Wilhelminenhof (both HTW campuses are in Berlin). Source of professorship: HTW Professor_innenprofile-Katalog."
Helga Tauscher,Prof. Dr.-Ing. Helga Tauscher,Hochschullehrer*in; Lehr- und Forschungsgebiet: Informatik in den Ingenieurwissenschaften; Fachbereich 2: Ingenieurwissenschaften - Technik und Leben; Hochschule für Technik und Wirtschaft Berlin (HTW Berlin),,,https://www.htw-berlin.de/hochschule/personen/person/?eid=14861,"No research group, lab, Forschungscluster or Forschungsschwerpunkt leadership stated on https://www.htw-berlin.de/hochschule/personen/person/?eid=14861. Research-output counters on the same page: Projekte (1) | Publikationen (4) | Vorträge / Veranstaltungen (2). Schwerpunkte (verbatim): Bauinformatik, BIM, Opensource Software. Also listed as staff of the degree programmes/units: Bauingenieurwesen (B); Informatik in Ingenieurwissenschaften (M); Ingenieurinformatik (B); Maschinenbau (B). Campus stated: Campus Wilhelminenhof (both HTW campuses are in Berlin). Source of professorship: HTW Professor_innenprofile-Katalog."
Carsten Thomas,Prof. Dr.-Ing. Carsten Thomas,Hochschullehrer*in; Lehr- und Forschungsgebiet: Computer Engineering / Systems Engineering / Safety Engineering; Fachbereich 1: Ingenieurwissenschaften - Energie und Information; Hochschule für Technik und Wirtschaft Berlin (HTW Berlin),,,https://www.htw-berlin.de/hochschule/personen/person/?eid=11552,"RESEARCH GROUP/LAB: HTW states lab leadership — Laborleiter*in — Informatik (source https://www.htw-berlin.de/hochschule/personen/person/?eid=11552). Research-output counters on the same page: Projekte (4) | Publikationen (23) | Vorträge / Veranstaltungen (4) | Mitgliedschaften (5). Schwerpunkte (verbatim): Safe Embedded Systems, Model-Based Systems Engineering, Open Adaptive Systems, Safety Aspects of Artificial Intelligence. Other stated functions: Laborleiter*in. Also listed as staff of the degree programmes/units: Computer Engineering (B); Computer Engineering (M); Informatik. Campus stated: Campus Wilhelminenhof (both HTW campuses are in Berlin). Source of professorship: HTW Professor_innenprofile-Katalog."
Nataliya Togobytska,Prof. Dr. Nataliya Togobytska,"Hochschullehrer*in; Lehr- und Forschungsgebiet: Mathematik; Fachbereich 4: Informatik, Kommunikation und Wirtschaft; Hochschule für Technik und Wirtschaft Berlin (HTW Berlin)",,,https://www.htw-berlin.de/hochschule/personen/person/?eid=10857,"No research group, lab, Forschungscluster or Forschungsschwerpunkt leadership stated on https://www.htw-berlin.de/hochschule/personen/person/?eid=10857. Research-output counters on the same page: Projekte (5) | Publikationen (15) | Vorträge / Veranstaltungen (7). Schwerpunkte (verbatim): Analysis, Differentialgleichungen, Optimierung. Also listed as staff of the degree programmes/units: Finanzmathematik, Aktuarwissenschaften und Risikomanagement (M); Wirtschaftsmathematik (B). Campus stated: Campus Wilhelminenhof (both HTW campuses are in Berlin). Source of professorship: HTW Professor_innenprofile-Katalog."
Sunna Torge,Prof. Dr. Sunna Torge,"Hochschullehrer*in; Lehr- und Forschungsgebiet: Angewandte Mathematik, Data Science; Fachbereich 4: Informatik, Kommunikation und Wirtschaft; Hochschule für Technik und Wirtschaft Berlin (HTW Berlin)",,,https://www.htw-berlin.de/hochschule/personen/person/?eid=14328,"No research group, lab, Forschungscluster or Forschungsschwerpunkt leadership stated on https://www.htw-berlin.de/hochschule/personen/person/?eid=14328. Research-output counters on the same page: Projekte (2) | Publikationen (1) | Vorträge / Veranstaltungen (2). Schwerpunkte (verbatim): Statistical Learning, Deep Learning, NLP. Also listed as staff of the degree programmes/units: Finanzmathematik, Aktuarwissenschaften und Risikomanagement (M); Wirtschaftsmathematik (B). Campus stated: Campus Wilhelminenhof (both HTW campuses are in Berlin). Source of professorship: HTW Professor_innenprofile-Katalog."
Carsten Totz,Prof. Dr. Carsten Totz,"Hochschullehrer*in; Lehr- und Forschungsgebiet: Wirtschaftskommunikation, Digitale Kommunikation, Digitale Kontaktpunkte, Digitale Interfaces, Conversational Interfaces, Chatbots, Digitale Markenführung, Digitale Medien, User Experience Design, Customer Experience, Brand Experience, Social Media, Markenstrategie, Branding; Fachbereich 4: Informatik, Kommunikation und Wirtschaft; Hochschule für Technik und Wirtschaft Berlin (HTW Berlin)",,https://www.carstentotz.de,https://www.htw-berlin.de/hochschule/personen/person/?eid=10529,"No research group, lab, Forschungscluster or Forschungsschwerpunkt leadership stated on https://www.htw-berlin.de/hochschule/personen/person/?eid=10529. Research-output counters on the same page: Projekte (2) | Publikationen (9) | Vorträge / Veranstaltungen (11). Schwerpunkte (verbatim): LEHRE: - Wissenschaftliches Arbeiten und Schreiben - Digital Marketing - User Experience Design - Experience Strategy & Management - Marketing Technologie - Literatur- und Forschungsseminar FORSCHUNGSINTERESSEN: - Algorithmic Communication/Marketing - Experience Design & Management (Brand/Customer/User Experience) - Interaktionsorientierte Markenführung - Personalisierung und Kundeninteraktion. Also listed as staff of the degree programmes/units: Wirtschaftskommunikation (B); Wirtschaftskommunikation (M). Campus stated: Campus Wilhelminenhof (both HTW campuses are in Berlin). Source of professorship: HTW Professor_innenprofile-Katalog."
Silvia de Lima Vasconcelos,Prof. Dr. Silvia de Lima Vasconcelos,Hochschullehrer*in; Lehr- und Forschungsgebiet: Digitalisierung in der Gebäudeplanung; Fachbereich 1: Ingenieurwissenschaften - Energie und Information; Hochschule für Technik und Wirtschaft Berlin (HTW Berlin),,,https://www.htw-berlin.de/hochschule/personen/person/?eid=9673,"No research group, lab, Forschungscluster or Forschungsschwerpunkt leadership stated on https://www.htw-berlin.de/hochschule/personen/person/?eid=9673. Research-output counters on the same page: Projekte (5) | Publikationen (13) | Vorträge / Veranstaltungen (6) | Mitgliedschaften (2). Schwerpunkte (verbatim): Architektur, Nachhaltigkeit, Baustoffe, Revit, BIM, Digitalisierung, Planungsprozesse, Smart Buildings, Digitale Zwillinge. Other stated functions: Auswahlkommission - Mitglied, Frauen- und Gleichstellungsbeauftragte - nebenberuflich, Studiengangssprecher*in. Also listed as staff of the degree programmes/units: Gebäudeenergie- und -informationstechnik (B); Gebäudeenergie- und -informationstechnik (M). Campus stated: Campus Wilhelminenhof (both HTW campuses are in Berlin). Source of professorship: HTW Professor_innenprofile-Katalog."
Jan Vietze,Prof. Jan Vietze,"Hochschullehrer*in; Lehr- und Forschungsgebiet: Industrial Design, Transportation Design, Product Design; Fachbereich 5: Gestaltung und Kultur; Hochschule für Technik und Wirtschaft Berlin (HTW Berlin)",,https://id.htw-berlin.de/personen/personen/prof-jan-vietze/,https://www.htw-berlin.de/hochschule/personen/person/?eid=8499,"RESEARCH GROUP/LAB: HTW states lab leadership — Laborleiter*in — 3D-Modellbaustudio (Werkstatt) | Hochschullehrer*in, BAföG - Beauftragte*r, Laborleiter*in, Auswahlkommission - Vorsitzende*r, Prüfungsausschuss - Stellvertretende*r Vorsitzende*r, Studiengangssprecher*in — Industrial Design (B) (source https://www.htw-berlin.de/hochschule/personen/person/?eid=8499). Research-output counters on the same page: Projekte (33) | Publikationen (13) | Vorträge / Veranstaltungen (18). Schwerpunkte (verbatim): Mobility Design, Transportation Design, Technisches Design, Investitionsgüter-Design, Robotic Design. Other stated functions: Auswahlkommission - Vorsitzende*r, BAföG - Beauftragte*r, Laborleiter*in, Prüfungsausschuss - Stellvertretende*r Vorsitzende*r, Studiengangssprecher*in. Also listed as staff of the degree programmes/units: 3D-Modellbaustudio (Werkstatt); Industrial Design (B); System Design/Game Design (M). Campus stated: Campus Wilhelminenhof (both HTW campuses are in Berlin). Source of professorship: HTW Professor_innenprofile-Katalog."
Fritz Daniel Vogdt,Prof. Dr.-Ing. Fritz Daniel Vogdt,Hochschullehrer*in; Fachbereich 2: Ingenieurwissenschaften - Technik und Leben; Hochschule für Technik und Wirtschaft Berlin (HTW Berlin),,,https://www.htw-berlin.de/hochschule/personen/person/?eid=14674,"No research group, lab, Forschungscluster or Forschungsschwerpunkt leadership stated on https://www.htw-berlin.de/hochschule/personen/person/?eid=14674. Other stated functions: Fachbereichsrat - Mitglied. Also listed as staff of the degree programmes/units: Bauingenieurwesen (B); Bauingenieurwesen (M); FB2 Fachbereichsrat. Campus stated: Campus Wilhelminenhof (both HTW campuses are in Berlin). Source of professorship: HTW Professor_innenprofile-Katalog."
Ariane Waegner,Prof. Ariane Waegner,Hochschullehrer*in; Lehr- und Forschungsgebiet: Immobilienwirtschaft; Fachbereich 3: Wirtschafts- und Rechtswissenschaften; Hochschule für Technik und Wirtschaft Berlin (HTW Berlin),,,https://www.htw-berlin.de/hochschule/personen/person/?eid=1331,"No research group, lab, Forschungscluster or Forschungsschwerpunkt leadership stated on https://www.htw-berlin.de/hochschule/personen/person/?eid=1331. Research-output counters on the same page: Projekte (3) | Vorträge / Veranstaltungen (1). Schwerpunkte (verbatim): Projektentwicklung, Projektsteuerung, Projektmanagement. Other stated functions: Studienfachberater*in, Studiengangssprecher*in. Also listed as staff of the degree programmes/units: Immobilienwirtschaft (B). Campus stated: Campus Treskowallee (both HTW campuses are in Berlin). Source of professorship: HTW Professor_innenprofile-Katalog."
Manuela Walsdorf-Maul,Prof. Dr.-Ing. Manuela Walsdorf-Maul,Hochschullehrer*in; Lehr- und Forschungsgebiet: Energieeffizientes Bauen und Konstruieren; Fachbereich 2: Ingenieurwissenschaften - Technik und Leben; Hochschule für Technik und Wirtschaft Berlin (HTW Berlin),,,https://www.htw-berlin.de/hochschule/personen/person/?eid=9274,"No research group, lab, Forschungscluster or Forschungsschwerpunkt leadership stated on https://www.htw-berlin.de/hochschule/personen/person/?eid=9274. Research-output counters on the same page: Publikationen (4) | Vorträge / Veranstaltungen (1). Schwerpunkte (verbatim): Energieeffizientes Bauen Bauphysikalische Simulationen Nachhaltiges Bauen. Also listed as staff of the degree programmes/units: Bauingenieurwesen (B); Bauingenieurwesen (M). Campus stated: Campus Wilhelminenhof (both HTW campuses are in Berlin). Source of professorship: HTW Professor_innenprofile-Katalog."
Lucy Weggler,Prof. Dr. Lucy Weggler,Hochschullehrer*in; Lehr- und Forschungsgebiet: - Mathematik für Ingenieure - High Order Boundary Element Methods - AI-Feature Development for better Teaching; Fachbereich 1: Ingenieurwissenschaften - Energie und Information; Hochschule für Technik und Wirtschaft Berlin (HTW Berlin),,https://orcid.org/0009-0004-0662-2756,https://www.htw-berlin.de/hochschule/personen/person/?eid=12356,"No research group, lab, Forschungscluster or Forschungsschwerpunkt leadership stated on https://www.htw-berlin.de/hochschule/personen/person/?eid=12356. Research-output counters on the same page: Projekte (5) | Vorträge / Veranstaltungen (4) | Preise / Auszeichnungen (1). Schwerpunkte (verbatim): Numical Methods for Elliptic PDEs. Also listed as staff of the degree programmes/units: Fachgruppe Mathematik/Physik/Chemie. Campus stated: Campus Wilhelminenhof (both HTW campuses are in Berlin). Source of professorship: HTW Professor_innenprofile-Katalog."
Benjamin Weiler,Prof. Dr. Benjamin Weiler,Hochschullehrer*in; Lehr- und Forschungsgebiet: Wirtschaftsrecht; Fachbereich 3: Wirtschafts- und Rechtswissenschaften; Hochschule für Technik und Wirtschaft Berlin (HTW Berlin),,,https://www.htw-berlin.de/hochschule/personen/person/?eid=13330,"No research group, lab, Forschungscluster or Forschungsschwerpunkt leadership stated on https://www.htw-berlin.de/hochschule/personen/person/?eid=13330. Research-output counters on the same page: Projekte (2) | Publikationen (5). Schwerpunkte (verbatim): Handels- und Gesellschaftsrecht, Vertragsrecht, allgemeines Wirtschaftsprivatrecht, Compliance, Rechtsaspekte von Blockchain und Kryptowährungen. Other stated functions: Auswahlkommission - Vorsitzende*r, Prüfungsausschuss - Vorsitzende*r. Also listed as staff of the degree programmes/units: Betriebswirtschaftslehre (B); Finance, Accounting, Corporate Law and Taxation (M); Wirtschaftsrecht (B). Campus stated: Campus Treskowallee (both HTW campuses are in Berlin). Source of professorship: HTW Professor_innenprofile-Katalog."
Jörg Wendler,Prof. Dr.-Ing. Jörg Wendler,Hochschullehrer*in; Lehr- und Forschungsgebiet: Maschinenelemente; Fachbereich 2: Ingenieurwissenschaften - Technik und Leben; Hochschule für Technik und Wirtschaft Berlin (HTW Berlin),,,https://www.htw-berlin.de/hochschule/personen/person/?eid=13017,"No research group, lab, Forschungscluster or Forschungsschwerpunkt leadership stated on https://www.htw-berlin.de/hochschule/personen/person/?eid=13017. Research-output counters on the same page: Publikationen (11) | Vorträge / Veranstaltungen (10) | Begutachtungen (2) | Mitgliedschaften (4). Other stated functions: Studiengangssprecher*in. Also listed as staff of the degree programmes/units: Fahrzeugtechnik (B); Maschinenbau (B); Maschinenbau (M). Campus stated: Campus Wilhelminenhof (both HTW campuses are in Berlin). Source of professorship: HTW Professor_innenprofile-Katalog."
Tilo Wendler,Prof. Dr. Tilo Wendler,Hochschullehrer*in; Lehr- und Forschungsgebiet: Quantitative Methoden; Fachbereich 3: Wirtschafts- und Rechtswissenschaften; Hochschule für Technik und Wirtschaft Berlin (HTW Berlin),,http://www.wiwistat.de,https://www.htw-berlin.de/hochschule/personen/person/?eid=8865,"RESEARCH GROUP/LAB: listed under Gesundheit (Forschungscluster) on https://www.htw-berlin.de/hochschule/personen/person/?eid=8865. Research-output counters on the same page: Projekte (17) | Publikationen (40) | Vorträge / Veranstaltungen (1). Schwerpunkte (verbatim): Statistik, Wirtschaftsmathematik, Data Mining, Ökonometrie. Other stated functions: Auswahlkommission - Vorsitzende*r, Kanzler*in, Studiengangssprecher*in. Also listed as staff of the degree programmes/units: Project Management and Data Science (M) PG; Präsidium. Campus stated: Campus Treskowallee (both HTW campuses are in Berlin). Source of professorship: HTW Professor_innenprofile-Katalog."
Arif Wider,Prof. Dr. Arif Wider,"Hochschullehrer*in; Lehr- und Forschungsgebiet: Wirtschaftsinformatik; Fachbereich 4: Informatik, Kommunikation und Wirtschaft; Hochschule für Technik und Wirtschaft Berlin (HTW Berlin)",,http://arifwider.com,https://www.htw-berlin.de/hochschule/personen/person/?eid=12850,"No research group, lab, Forschungscluster or Forschungsschwerpunkt leadership stated on https://www.htw-berlin.de/hochschule/personen/person/?eid=12850. Research-output counters on the same page: Projekte (1) | Publikationen (13) | Vorträge / Veranstaltungen (28). Schwerpunkte (verbatim): Programmierung, Softwaretechnik, Anwendungsentwicklung. Abschlussarbeitsthemen zu: - Programmiertechniken (Test-Driven, Funktional, Event-Driven) - Software-Engineering (Continuous Delivery, DevOps, Build-Tools) - Architekturstile (Microservices, Serverless, Cloud, Modell-getrieben) - Machine Learning (insbes. Produktionalisierung und Integration) - IT-Beratung (insbes. Design von Unternehmensdatenlandschaften). Other stated functions: Auswahlkommission - Mitglied. Also listed as staff of the degree programmes/units: Wirtschaftsinformatik (B); Wirtschaftsinformatik (M). Campus stated: Campus Treskowallee (both HTW campuses are in Berlin). Source of professorship: HTW Professor_innenprofile-Katalog."
Andi Widok,Prof. Dr. Andi Widok,"Hochschullehrer*in; Lehr- und Forschungsgebiet: Betriebliche Umweltinformatik, Umweltinformatik, Modellbildung und Simulation, LCA, Umweltmanagement, Softwareentwicklung, Software Engineering, Nachhaltigkeit, Soziale Nachhaltigkeit; Fachbereich 2: Ingenieurwissenschaften - Technik und Leben; Hochschule für Technik und Wirtschaft Berlin (HTW Berlin)",,,https://www.htw-berlin.de/hochschule/personen/person/?eid=4726,"No research group, lab, Forschungscluster or Forschungsschwerpunkt leadership stated on https://www.htw-berlin.de/hochschule/personen/person/?eid=4726. Research-output counters on the same page: Projekte (2) | Publikationen (25) | Vorträge / Veranstaltungen (5) | Preise / Auszeichnungen (3). Schwerpunkte (verbatim): Nachhaltigkeit, Soziale Nachhaltigkeit, Software Engineering, Modellbildung und Simulation, Green Coding. Also listed as staff of the degree programmes/units: Betriebliche Umweltinformatik (M); Umweltinformatik (B). Campus stated: Campus Wilhelminenhof (both HTW campuses are in Berlin). Source of professorship: HTW Professor_innenprofile-Katalog."
Thomas Wilk,Prof. Dr. Thomas Wilk,"Hochschullehrer*in; Lehr- und Forschungsgebiet: Externe Rechnungslegung, Steuerrecht, Wirtschaftsprüfung; Fachbereich 3: Wirtschafts- und Rechtswissenschaften; Hochschule für Technik und Wirtschaft Berlin (HTW Berlin)",,,https://www.htw-berlin.de/hochschule/personen/person/?eid=1143,"No research group, lab, Forschungscluster or Forschungsschwerpunkt leadership stated on https://www.htw-berlin.de/hochschule/personen/person/?eid=1143. Research-output counters on the same page: Publikationen (2) | Vorträge / Veranstaltungen (2). Schwerpunkte (verbatim): Jahresabschlussanalyse, Unternehmensbewertung, Betriebswirtschaftliche Prüfungen, Handel- und Steuerbilanz, Buchführung Derzeitiger Forschungsschwerpunkt: Rechnungslegung der IHKs und Verwaltungsrechtsprechung. Entwicklung einer adressatenorientierten transparenter Rechnungslegung unter Berücksichtigung des IHKG. Also listed as staff of the degree programmes/units: Betriebswirtschaftslehre (B); Betriebswirtschaftslehre (B) FW; Zentrum für berufsbegleitendes und weiterbildendes Studium. Campus stated: Campus Treskowallee (both HTW campuses are in Berlin). Source of professorship: HTW Professor_innenprofile-Katalog."
Helmuth Wilke,Prof. Dr.-Ing. Helmuth Wilke,Hochschullehrer*in; Lehr- und Forschungsgebiet: Betriebswirtschaftliche Steuerlehre; Fachbereich 3: Wirtschafts- und Rechtswissenschaften; Hochschule für Technik und Wirtschaft Berlin (HTW Berlin),,,https://www.htw-berlin.de/hochschule/personen/person/?eid=1144,"No research group, lab, Forschungscluster or Forschungsschwerpunkt leadership stated on https://www.htw-berlin.de/hochschule/personen/person/?eid=1144. Research-output counters on the same page: Publikationen (42) | Vorträge / Veranstaltungen (24) | Preise / Auszeichnungen (1) | Mitgliedschaften (4). Other stated functions: Akademischer Senat - Vorsitzende*r, Auswahlkommission - Vorsitzende*r, Prüfungsausschuss - Vorsitzende*r, Studienfachberater*in, Studiengangssprecher*in. Also listed as staff of the degree programmes/units: Betriebswirtschaftslehre (B); Betriebswirtschaftslehre (B) FW; Finance, Accounting, Corporate Law and Taxation (M); Hochschule für Technik und Wirtschaft Berlin; Unternehmenssteuerrecht (M); Zentrum für berufsbegleitendes und weiterbildendes Studium. Campus stated: Campus Treskowallee (both HTW campuses are in Berlin). Source of professorship: HTW Professor_innenprofile-Katalog."
Stephan Wilksch,Prof. Dr.-Ing. Stephan Wilksch,"Hochschullehrer*in; Lehr- und Forschungsgebiet: Produktionsmanagement und Logistik, Innovations- und Technologiemanagement; Fachbereich 3: Wirtschafts- und Rechtswissenschaften; Hochschule für Technik und Wirtschaft Berlin (HTW Berlin)",,,https://www.htw-berlin.de/hochschule/personen/person/?eid=1145,"No research group, lab, Forschungscluster or Forschungsschwerpunkt leadership stated on https://www.htw-berlin.de/hochschule/personen/person/?eid=1145. Schwerpunkte (verbatim): Produktions- u. Logistikmanagement, Innovations- u. Technologiemanagement, Produktentwicklung. Other stated functions: Auswahlkommission - Mitglied, Studienfachberater*in, Studiengangssprecher*in. Also listed as staff of the degree programmes/units: Betriebswirtschaftslehre (B); Betriebswirtschaftslehre (B) FW; Industrial Sales and Innovation Management (M); Zentrum für berufsbegleitendes und weiterbildendes Studium. Campus stated: Campus Treskowallee (both HTW campuses are in Berlin). Source of professorship: HTW Professor_innenprofile-Katalog."
Olga Willner,Prof. Dr. Olga Willner,"Hochschullehrer*in; Lehr- und Forschungsgebiet: Wirtschaftsinformatik mit Schwerpunkt Intelligente Systeme; Fachbereich 4: Informatik, Kommunikation und Wirtschaft; Hochschule für Technik und Wirtschaft Berlin (HTW Berlin)",,,https://www.htw-berlin.de/hochschule/personen/person/?eid=12227,"RESEARCH GROUP/LAB: listed under Sustainable Smart Cities (Forschungscluster) on https://www.htw-berlin.de/hochschule/personen/person/?eid=12227. Research-output counters on the same page: Projekte (2) | Publikationen (3) | Vorträge / Veranstaltungen (12). Schwerpunkte (verbatim): Technologien der Digitalisierung, Physical Tech, IoT, Künstliche Intelligenz, Smart Cities. Also listed as staff of the degree programmes/units: Wirtschaftsinformatik (B); Wirtschaftsinformatik (M). Campus stated: Campus Treskowallee (both HTW campuses are in Berlin). Source of professorship: HTW Professor_innenprofile-Katalog."
Jan Wirsam,Prof. Dr. Jan Wirsam,"Hochschullehrer*in; Lehr- und Forschungsgebiet: Innovationsmanagement, Produktionswirtschaft, Operationsmanagement, Digitalisierung, pflanzenbasierte Wertschöpfung; Fachbereich 3: Wirtschafts- und Rechtswissenschaften; Hochschule für Technik und Wirtschaft Berlin (HTW Berlin)",,,https://www.htw-berlin.de/hochschule/personen/person/?eid=10528,"No research group, lab, Forschungscluster or Forschungsschwerpunkt leadership stated on https://www.htw-berlin.de/hochschule/personen/person/?eid=10528. Research-output counters on the same page: Projekte (8) | Publikationen (30) | Vorträge / Veranstaltungen (24) | Mitgliedschaften (1). Schwerpunkte (verbatim): Digitale Innovation, Geschäftsmodellinnovationen, Innovationen und Nachhaltigkeit, pflanzenbasierte Wertschöpfung. Campus stated: Campus Treskowallee (both HTW campuses are in Berlin). Source of professorship: HTW Professor_innenprofile-Katalog."
Michael Witt,Prof. Dr. Michael Witt,"Hochschullehrer*in; Lehr- und Forschungsgebiet: Wirtschaftinformatik mit Schwerpunkt Verteilte IT-Systeme und IT-Security; Fachbereich 4: Informatik, Kommunikation und Wirtschaft; Hochschule für Technik und Wirtschaft Berlin (HTW Berlin)",,https://www.htw-berlin.de/hochschule/personen/person/?eid=4763,https://www.htw-berlin.de/hochschule/personen/person/?eid=4763,"No research group, lab, Forschungscluster or Forschungsschwerpunkt leadership stated on https://www.htw-berlin.de/hochschule/personen/person/?eid=4763. Research-output counters on the same page: Projekte (1) | Publikationen (9). Schwerpunkte (verbatim): IT-Infrastrukturen, Rechnernetze, Programmierung, IT-Security. Also listed as staff of the degree programmes/units: Wirtschaftsinformatik (B). Campus stated: Campus Treskowallee (both HTW campuses are in Berlin). Source of professorship: HTW Professor_innenprofile-Katalog."
Stefan Wittenberg,Prof. Dr. Stefan Wittenberg,"Hochschullehrer*in; Lehr- und Forschungsgebiet: Generative künstliche Intelligenz (Gen AI) Informationsmanagement Prozessmanagement (BPMN, Robotic Process Automation, Process Mining) ERP-Systeme (Schwerpunkt: SAP S/4 Hana) CRM-Systeme (Schwerpunkt Salesforce) MES/Industrie 4.0 (SAP MES, MPDV Hydra); Fachbereich 3: Wirtschafts- und Rechtswissenschaften; Hochschule für Technik und Wirtschaft Berlin (HTW Berlin)",,https://kiwerkstatt.f2.htw-berlin.de/projekte/gen-ai,https://www.htw-berlin.de/hochschule/personen/person/?eid=11037,"No research group, lab, Forschungscluster or Forschungsschwerpunkt leadership stated on https://www.htw-berlin.de/hochschule/personen/person/?eid=11037. Research-output counters on the same page: Projekte (10) | Publikationen (14) | Vorträge / Veranstaltungen (21). Schwerpunkte (verbatim): ERP-Systeme generative Künstliche Intelligenz Prozessmodellierung in BPMN 2.0 RPA Process Mining Digitalisierung von KMUs Einführung generativer KI in KMUs. Also listed as staff of the degree programmes/units: Betriebswirtschaftslehre (B); International Business (B). Campus stated: Campus Treskowallee (both HTW campuses are in Berlin). Source of professorship: HTW Professor_innenprofile-Katalog."
Jochen Wittmann,Prof. Dr.-Ing. Jochen Wittmann,"Hochschullehrer*in; Lehr- und Forschungsgebiet: Systemanalyse, Modellierung und Simulation, Erfassung / Verarbeitung / Analyse von Umweltdaten, Umweltinformatik; Fachbereich 2: Ingenieurwissenschaften - Technik und Leben; Hochschule für Technik und Wirtschaft Berlin (HTW Berlin)",,,https://www.htw-berlin.de/hochschule/personen/person/?eid=4335,"RESEARCH GROUP/LAB: listed under Softwaresysteme und Informatikmethoden für eine nachhaltige Entwicklung (Forschungscluster) on https://www.htw-berlin.de/hochschule/personen/person/?eid=4335. Research-output counters on the same page: Publikationen (142) | Vorträge / Veranstaltungen (16). Schwerpunkte (verbatim): dynamische Modelle in Umwelt- und Geowissenschaften, Medizin und Biologie; Szenariountersuchungen; Soft-Computing; Neuronale Netze; intelligente Datenanalyse; Prozeßmodellierung und Workflow; Geographische Informationssysteme. Other stated functions: Anrechnung von Prüfungsleistungen - Beauftragte*r, Auswahlkommission - Mitglied, Auswahlkommission - Vorsitzende*r, Studienfachberater*in, Studiengangssprecher*in. Also listed as staff of the degree programmes/units: Betriebliche Umweltinformatik (M); Life Science Engineering (M); Umweltinformatik (B). Campus stated: Campus Wilhelminenhof (both HTW campuses are in Berlin). Source of professorship: HTW Professor_innenprofile-Katalog."
Veit Wohlgemuth,Prof. Dr. Veit Wohlgemuth,Hochschullehrer*in; Lehr- und Forschungsgebiet: Allg. BWL mit Schwerpunkt Corporate Finance; Fachbereich 3: Wirtschafts- und Rechtswissenschaften; Hochschule für Technik und Wirtschaft Berlin (HTW Berlin),,,https://www.htw-berlin.de/hochschule/personen/person/?eid=8663,"No research group, lab, Forschungscluster or Forschungsschwerpunkt leadership stated on https://www.htw-berlin.de/hochschule/personen/person/?eid=8663. Research-output counters on the same page: Projekte (1) | Publikationen (30) | Vorträge / Veranstaltungen (17) | Betreute Promotionen (1). Other stated functions: Prüfungsausschuss - Vorsitzende*r. Also listed as staff of the degree programmes/units: Betriebswirtschaftslehre (B); Betriebswirtschaftslehre (B) FW; Finance, Accounting, Corporate Law and Taxation (M); International Business (B); International Business (M). Campus stated: Campus Treskowallee (both HTW campuses are in Berlin). Source of professorship: HTW Professor_innenprofile-Katalog."
Volker Wohlgemuth,Prof. Dr. Volker Wohlgemuth,"Hochschullehrer*in; Lehr- und Forschungsgebiet: Betriebliche Umweltinformatik, BUIS (Konzeption/ Anwendung und Entwicklung von betrieblichen Umweltinformationssystemen), Umweltinformatik, Simulation, Stoffstrommanagement, Umweltmanagement, Softwareentwicklung, Software-Engineering, Projektmanagement; Fachbereich 2: Ingenieurwissenschaften - Technik und Leben; Hochschule für Technik und Wirtschaft Berlin (HTW Berlin)",,http://wohlgemuth.f2.htw-berlin.de,https://www.htw-berlin.de/hochschule/personen/person/?eid=3355,"RESEARCH GROUP/LAB: listed under Softwaresysteme und Informatikmethoden für eine nachhaltige Entwicklung (Forschungscluster) on https://www.htw-berlin.de/hochschule/personen/person/?eid=3355. Research-output counters on the same page: Projekte (64) | Publikationen (213) | Vorträge / Veranstaltungen (116) | Betreute Promotionen (4) | Preise / Auszeichnungen (5) | Begutachtungen (3) | Mitgliedschaften (1). Schwerpunkte (verbatim): Stoffstrommanagement, Modellbildung und Simulation, Computerunterstützte Bearbeitung von Energie- und Materialeffizienzfragestellungen, Schnittstellen zu betrieblichen Informationssystemen (SAP/R3, ARIS, Umberto), Usability, Digitalisierung, Industriesymbiosen, Green Coding. Other stated functions: Auswahlkommission - Mitglied. Also listed as staff of the degree programmes/units: Betriebliche Umweltinformatik (M); Informatik in Ingenieurwissenschaften (M); Life Science Engineering (M); Umweltinformatik (B). Campus stated: Campus Wilhelminenhof (both HTW campuses are in Berlin). Source of professorship: HTW Professor_innenprofile-Katalog."
Annett Wolf,Prof. Dr. Annett Wolf,"Hochschullehrer*in; Lehr- und Forschungsgebiet: Marketing, Strategische Unternehmensführung; Fachbereich 3: Wirtschafts- und Rechtswissenschaften; Hochschule für Technik und Wirtschaft Berlin (HTW Berlin)",,,https://www.htw-berlin.de/hochschule/personen/person/?eid=4633,"RESEARCH GROUP/LAB: listed under Industrielle Produktion (Forschungscluster) on https://www.htw-berlin.de/hochschule/personen/person/?eid=4633. Research-output counters on the same page: Projekte (9) | Publikationen (44) | Vorträge / Veranstaltungen (6) | Preise / Auszeichnungen (1) | Begutachtungen (1) | Mitgliedschaften (1). Schwerpunkte (verbatim): B2B-Marketing, Markenpolitik in Industrie und Handel, Grundfragen des Strategischen Managements, Preisstrategien im Multi-Channel-Retailing Käuferverhaltensforschung, Frauen in Führungspositionen Beitrag ab Minuten 16.30 in der ZDF Dokumentation ZDF:die Zeit zum Thema Lebensmittelpreise (https://www.zdf.de/video/dokus/zdfzeit-106/rewe-edeka-und-co-100). Herausgeberin der AfM-Periodika „PraxisWISSEN Marketing"" Website AfM: http://arbeitsgemeinschaft.marketing/ sowie Gutachterin für die Schriftenreihe „Digitales Management"" von Prof. Dr. Jeannette Trenkmann und Prof. Dr. Christian Wissing, BSP B…. Other stated functions: Fachbereichsrat - Mitglied, Studienfachberater*in, Studiengangssprecher*in. Also listed as staff of the degree programmes/units: Betriebswirtschaftslehre (B); Betriebswirtschaftslehre (B) FW; FB3 Fachbereichsrat; Zentrum für berufsbegleitendes und weiterbildendes Studium. Campus stated: Campus Treskowallee (both HTW campuses are in Berlin). Source of professorship: HTW Professor_innenprofile-Katalog."
Ulrich Wurzel,Prof. Dr. Ulrich Wurzel,Hochschullehrer*in; Lehr- und Forschungsgebiet: Volkswirtschaftslehre; Fachbereich 3: Wirtschafts- und Rechtswissenschaften; Hochschule für Technik und Wirtschaft Berlin (HTW Berlin),,,https://www.htw-berlin.de/hochschule/personen/person/?eid=1431,"RESEARCH GROUP/LAB: listed under Money, Finance, Trade and Development (Forschungscluster) on https://www.htw-berlin.de/hochschule/personen/person/?eid=1431. Research-output counters on the same page: Projekte (6) | Publikationen (45) | Vorträge / Veranstaltungen (5). Schwerpunkte (verbatim): Economic development strategies and development policy, international competitiveness, industrial policy - National and transnational research, technology and innovation policy, international technology transfer - Regional and local econommic policy, regional networks, clusters, industrial districts, local production systems - Organization theory, strategic planning, business co-operation and networks - SMEs and innovation (e.g. regional and international R&D co-operation) - Evaluation of economic policy programs, in particular in the areas of structural and regional policy, research, technolo…. Other stated functions: Auswahlkommission - Mitglied, Studienfachberater*in, Studiengangssprecher*in. Also listed as staff of the degree programmes/units: Betriebswirtschaftslehre (B); International and Development Economics (M). Campus stated: Campus Treskowallee (both HTW campuses are in Berlin). Source of professorship: HTW Professor_innenprofile-Katalog."
Peter Zaumseil,Prof. Dr. Peter Zaumseil,"Hochschullehrer*in; Lehr- und Forschungsgebiet: Betriebswirtschaftliche Steuerlehre und Steuerrecht, Corporate Taxation and Tax Law; Fachbereich 3: Wirtschafts- und Rechtswissenschaften; Hochschule für Technik und Wirtschaft Berlin (HTW Berlin)",,,https://www.htw-berlin.de/hochschule/personen/person/?eid=3639,"No research group, lab, Forschungscluster or Forschungsschwerpunkt leadership stated on https://www.htw-berlin.de/hochschule/personen/person/?eid=3639. Research-output counters on the same page: Projekte (15) | Publikationen (155) | Vorträge / Veranstaltungen (124) | Begutachtungen (4) | Mitgliedschaften (7). Schwerpunkte (verbatim): Besteuerungsverfahren, Umsatzsteuer, Internationales Steuerrecht Taxation Procedure, Value Added Tax, International Taxation. Other stated functions: Dekan*in, Fachbereichsrat - Mitglied. Also listed as staff of the degree programmes/units: Betriebswirtschaftslehre (B); FB3 Dekanat; FB3 Fachbereichsrat; Wirtschaftsrecht (B). Campus stated: Campus Treskowallee (both HTW campuses are in Berlin). Source of professorship: HTW Professor_innenprofile-Katalog."
Jacek Zawisza,Prof. Dr.-Ing. Jacek Zawisza,Hochschullehrer*in; Lehr- und Forschungsgebiet: Betriebliche Informationssysteme & Digitalisierung; Fachbereich 3: Wirtschafts- und Rechtswissenschaften; Hochschule für Technik und Wirtschaft Berlin (HTW Berlin),,http://prof-z.com,https://www.htw-berlin.de/hochschule/personen/person/?eid=13331,"No research group, lab, Forschungscluster or Forschungsschwerpunkt leadership stated on https://www.htw-berlin.de/hochschule/personen/person/?eid=13331. Research-output counters on the same page: Projekte (2) | Publikationen (15). Schwerpunkte (verbatim): Unternehmenssoftware & Digitalisierung, Geschäftsprozesse, BPMN 2.0, Datenbanken, ERP-Systeme, CRM-Systeme, Smart Applications, Anwendungen im B2B-Bereich, Produktion und Logistik, insb. Automobil- und Bauindustrie Forschungsprojekt Digital Plus: https://digitalplus.ai/ Digitalisierungsnavigator: https://navigator.digitalagentur.berlin/. Campus stated: Campus Treskowallee (both HTW campuses are in Berlin). Source of professorship: HTW Professor_innenprofile-Katalog."
Olaf Zeidler,Prof. Dr.-Ing. Olaf Zeidler,Hochschullehrer*in; Lehr- und Forschungsgebiet: Gebäudetechnik; Fachbereich 1: Ingenieurwissenschaften - Energie und Information; Hochschule für Technik und Wirtschaft Berlin (HTW Berlin),,,https://www.htw-berlin.de/hochschule/personen/person/?eid=8711,"RESEARCH GROUP/LAB: HTW states lab leadership — Laborleiter*in — Elektrische Gebäudetechnik | Laborleiter*in — Labore | Laborleiter*in — Mechanische Gebäudetechnik (source https://www.htw-berlin.de/hochschule/personen/person/?eid=8711). RESEARCH GROUP/LAB: listed under Klimagerechte Energieversorgungssysteme und energieeffiziente Gebäude (Forschungscluster) on https://www.htw-berlin.de/hochschule/personen/person/?eid=8711. Research-output counters on the same page: Projekte (6) | Publikationen (17) | Vorträge / Veranstaltungen (10). Schwerpunkte (verbatim): Heizungs- und Raumlufttechnik. Other stated functions: Auswahlkommission - Stellvertretende*r Vorsitzende*r, Laborleiter*in, Sicherheitsbeauftragte*r. Also listed as staff of the degree programmes/units: Elektrische Gebäudetechnik; Gebäudeenergie- und -informationstechnik (B); Gebäudeenergie- und -informationstechnik (M); Labore; Mechanische Gebäudetechnik. Campus stated: Campus Wilhelminenhof (both HTW campuses are in Berlin). Source of professorship: HTW Professor_innenprofile-Katalog."
Andreas Zeiser,Prof. Dr. rer. nat. Andreas Zeiser,Hochschullehrer*in; Lehr- und Forschungsgebiet: Numerische Mathematik und Modellierung; Fachbereich 1: Ingenieurwissenschaften - Energie und Information; Hochschule für Technik und Wirtschaft Berlin (HTW Berlin),,,https://www.htw-berlin.de/hochschule/personen/person/?eid=10753,"No research group, lab, Forschungscluster or Forschungsschwerpunkt leadership stated on https://www.htw-berlin.de/hochschule/personen/person/?eid=10753. Research-output counters on the same page: Projekte (4) | Publikationen (27) | Vorträge / Veranstaltungen (16). Schwerpunkte (verbatim): Partielle Differenzialgleichungen, Adaptive Algorithmen, Finite Elemente, Approximation hochdimensionaler Funktionen, Anwendung maschinellen Lernens/KI. Also listed as staff of the degree programmes/units: Fachgruppe Mathematik/Physik/Chemie. Campus stated: Campus Wilhelminenhof (both HTW campuses are in Berlin). Source of professorship: HTW Professor_innenprofile-Katalog."
Regina Zeitner,Prof. Dr.-Ing. Regina Zeitner,Hochschullehrer*in; Lehr- und Forschungsgebiet: Facility Management; Fachbereich 2: Ingenieurwissenschaften - Technik und Leben; Hochschule für Technik und Wirtschaft Berlin (HTW Berlin),,http://www.ccpmre.de/,https://www.htw-berlin.de/hochschule/personen/person/?eid=2668,"RESEARCH GROUP/LAB: listed under Sustainable Smart Cities (Forschungscluster) on https://www.htw-berlin.de/hochschule/personen/person/?eid=2668. Research-output counters on the same page: Projekte (49) | Publikationen (168) | Vorträge / Veranstaltungen (99) | Preise / Auszeichnungen (2) | Begutachtungen (7) | Mitgliedschaften (5). Schwerpunkte (verbatim): Flächenmanagement, Klimaanpassung, Megatrends in der Immobilienwirtschaft, Projektentwicklung im Bestand. Other stated functions: Akademischer Senat - Mitglied, Anrechnung von Prüfungsleistungen - Beauftragte*r, Fachbereichsrat - Mitglied, Prüfungsausschuss - Mitglied, Studienfachberater*in. Also listed as staff of the degree programmes/units: Allgemeinwissenschaftlicher Bereich; FB2 Fachbereichsrat; Facility Management (B); Facility Management (M); Gremium; Workplace und Facility Engineering (B); Workspace Management und Real Estate Engineering (M). Campus stated: Campus Wilhelminenhof (both HTW campuses are in Berlin). Source of professorship: HTW Professor_innenprofile-Katalog."
Gefei Zhang,Prof. Dr. Gefei Zhang,"Hochschullehrer*in; Lehr- und Forschungsgebiet: Medieninformatik; Fachbereich 4: Informatik, Kommunikation und Wirtschaft; Hochschule für Technik und Wirtschaft Berlin (HTW Berlin)",,https://people.f4.htw-berlin.de/~zhangg/,https://www.htw-berlin.de/hochschule/personen/person/?eid=10755,"No research group, lab, Forschungscluster or Forschungsschwerpunkt leadership stated on https://www.htw-berlin.de/hochschule/personen/person/?eid=10755. Research-output counters on the same page: Projekte (3) | Publikationen (38) | Vorträge / Veranstaltungen (3) | Begutachtungen (3). Schwerpunkte (verbatim): Programming, Software-Entwicklung, Web-Technologien. Also listed as staff of the degree programmes/units: Internationale Medieninformatik (B); Internationale Medieninformatik (M). Campus stated: Campus Wilhelminenhof (both HTW campuses are in Berlin). Source of professorship: HTW Professor_innenprofile-Katalog."
Juan Pablo Menendez Zometa,Prof. Dr.-Ing. Juan Pablo Menendez Zometa,Hochschullehrer*in; Fachbereich 2: Ingenieurwissenschaften - Technik und Leben; Hochschule für Technik und Wirtschaft Berlin (HTW Berlin),,,https://www.htw-berlin.de/hochschule/personen/person/?eid=14933,"No research group, lab, Forschungscluster or Forschungsschwerpunkt leadership stated on https://www.htw-berlin.de/hochschule/personen/person/?eid=14933. Also listed as staff of the degree programmes/units: Maschinenbau (B); Maschinenbau (M). Campus stated: Campus Wilhelminenhof (both HTW campuses are in Berlin). Source of professorship: HTW Professor_innenprofile-Katalog."
