name,title_verbatim,group_or_dept,other_affiliations,personal_url,evidence_url,notes
Katharina Afflerbach,Prof. Dr. Katharina Afflerbach,Professorin (Betriebswirtschaftslehre / Personalmanagement); Fachbereich I – Wirtschafts- und Gesellschaftswissenschaften; Berliner Hochschule für Technik (BHT),,,https://www.bht-berlin.de/people/detail/1733,"No research group, lab or Forschungsschwerpunkt leadership stated on https://www.bht-berlin.de/people/detail/1733 (page lists only the professorship and any teaching/committee functions). Denomination (Lehrgebiet) on the Fachbereich I Personen list: Betriebswirtschaftslehre / Personalmanagement (https://www.bht-berlin.de/30)."
Ralf Ahlbrink,Prof. Dr. Ralf Ahlbrink,Professor (Physikalische Technik); Fachbereich II – Mathematik – Physik – Chemie; Berliner Hochschule für Technik (BHT),,,https://www.bht-berlin.de/people/detail/1898,"No research group, lab or Forschungsschwerpunkt leadership stated on https://www.bht-berlin.de/people/detail/1898 (page lists only the professorship and any teaching/committee functions). Denomination (Lehrgebiet) on the Fachbereich II Personen list: Physikalische Technik (https://www.bht-berlin.de/86)."
Silke Aschmann,Prof. Dr. Silke Aschmann,Professorin (Betriebswirtschaftslehre/ Controlling); Fachbereich I – Wirtschafts- und Gesellschaftswissenschaften; Berliner Hochschule für Technik (BHT),,,https://www.bht-berlin.de/people/detail/2521,"No research group, lab or Forschungsschwerpunkt leadership stated on https://www.bht-berlin.de/people/detail/2521 (page lists only the professorship and any teaching/committee functions). Denomination (Lehrgebiet) on the Fachbereich I Personen list: Betriebswirtschaftslehre/ Controlling (https://www.bht-berlin.de/30)."
Susanne Auffermann-Lemmer,Prof. Diplome Regie general Susanne Auffermann-Lemmer,"Professorin (Beleuchtungstechnik und Lichtgestaltung); Fachbereich VIII – Maschinenbau, Veranstaltungstechnik, Verfahrenstechnik; Berliner Hochschule für Technik (BHT)",,,https://www.bht-berlin.de/people/detail/196,"No research group, lab or Forschungsschwerpunkt leadership stated on https://www.bht-berlin.de/people/detail/196 (page lists only the professorship and any teaching/committee functions). Denomination (Lehrgebiet) on the Fachbereich VIII Personen list: Beleuchtungstechnik und Lichtgestaltung (https://www.bht-berlin.de/101)."
Johannes Bader,Prof. Dr.-Ing. Johannes Bader,Professor (Aufarbeitungstechnik); Fachbereich V – Life Sciences and Technology; Berliner Hochschule für Technik (BHT),,https://prof.bht-berlin.de/bader/,https://www.bht-berlin.de/people/detail/1443,"RESEARCH GROUP/LAB: Laborleiter, Biotechnikum (stated on https://www.bht-berlin.de/people/detail/1443) Denomination (Lehrgebiet) on the Fachbereich V Personen list: Aufarbeitungstechnik (https://www.bht-berlin.de/98). Lab page(s): https://www.bht-berlin.de/labor/detail/btk."
Karoline Barthel,Prof. Dr. rer. oec. Karoline Barthel,Professorin (Betriebswirtschaftslehre / Personalmanagement); Fachbereich I – Wirtschafts- und Gesellschaftswissenschaften; Berliner Hochschule für Technik (BHT),,,https://www.bht-berlin.de/people/detail/210,"No research group, lab or Forschungsschwerpunkt leadership stated on https://www.bht-berlin.de/people/detail/210 (page lists only the professorship and any teaching/committee functions). Denomination (Lehrgebiet) on the Fachbereich I Personen list: Betriebswirtschaftslehre / Personalmanagement (https://www.bht-berlin.de/30)."
Khaled Bathich,Prof. Dr.-Ing. Khaled Bathich,Professor; Fachbereich VII – Elektrotechnik – Mechatronik – Optometrie; Berliner Hochschule für Technik (BHT),,https://prof.bht-berlin.de/bathich,https://www.bht-berlin.de/people/detail/2023,"No research group, lab or Forschungsschwerpunkt leadership stated on https://www.bht-berlin.de/people/detail/2023 (page lists only the professorship and any teaching/committee functions)."
Markus Bautsch,Prof. Dr.-Ing. Markus Bautsch,Professor (Realisierung und Design optomechatronischer Systeme); Fachbereich VII – Elektrotechnik – Mechatronik – Optometrie; Berliner Hochschule für Technik (BHT),,http://prof.bht-berlin.de/bautsch,https://www.bht-berlin.de/people/detail/2708,"No research group, lab or Forschungsschwerpunkt leadership stated on https://www.bht-berlin.de/people/detail/2708 (page lists only the professorship and any teaching/committee functions). Denomination (Lehrgebiet) on the Fachbereich VII Personen list: Realisierung und Design optomechatronischer Systeme (https://www.bht-berlin.de/100)."
Ingeborg Beckers,Prof. Dr. Ingeborg Beckers,Professorin (Medizinphysik); Fachbereich II – Mathematik – Physik – Chemie; Berliner Hochschule für Technik (BHT),,,https://www.bht-berlin.de/people/detail/215,"RESEARCH GROUP/LAB: Laborleiterin, Optik und Lasertechnik (stated on https://www.bht-berlin.de/people/detail/215) Other stated functions: Vertreterin der Professoren und Professorinnen, Kommission für Forschung und Förderung des wissenschaftlichen Nachwuchses. Denomination (Lehrgebiet) on the Fachbereich II Personen list: Medizinphysik (https://www.bht-berlin.de/86). Lab page(s): https://www.bht-berlin.de/labor/detail/olt."
Martin Behne,Prof. Dr.-Ing. Martin Behne,Professor (Gebäudetechnik); Fachbereich IV – Architektur und Gebäudetechnik; Berliner Hochschule für Technik (BHT),,https://prof.bht-berlin.de/behne,https://www.bht-berlin.de/people/detail/218,"RESEARCH GROUP/LAB: Laborleiter, Bausanierung und Energieeffizienz (stated on https://www.bht-berlin.de/people/detail/218) Other stated functions: Beauftragter für die Anerkennung von Studienleistungen, Planung nachhaltiger Gebäude (Master) | Studienfachberater, Planung nachhaltiger Gebäude (Master) | BAföG-Beauftragter, Architektur (Bachelor) | BAföG-Beauftragter, Architektur (Master) | BAföG-Beauftragter, Planung nachhaltiger Gebäude (Master). Denomination (Lehrgebiet) on the Fachbereich IV Personen list: Gebäudetechnik (https://www.bht-berlin.de/97). Lab page(s): https://www.bht-berlin.de/labor/detail/lfbe."
Felix Bießmann,Prof. Dr. rer. nat. Felix Bießmann,Professor (Maschinelles Lernen); Fachbereich VI – Informatik und Medien; Berliner Hochschule für Technik (BHT),,https://prof.bht-berlin.de/biessmann/,https://www.bht-berlin.de/people/detail/1904,"No research group, lab or Forschungsschwerpunkt leadership stated on https://www.bht-berlin.de/people/detail/1904 (page lists only the professorship and any teaching/committee functions). Other stated functions: Vorsitzender, Prüfungsausschuss Data Science. Denomination (Lehrgebiet) on the Fachbereich VI Personen list: Maschinelles Lernen (https://www.bht-berlin.de/99)."
Ivo Boblan,Prof. Dr.-Ing Ivo Boblan,"Professor (Elektrotechnik, Aktoren, Robotik, Bionik); Fachbereich VII – Elektrotechnik – Mechatronik – Optometrie; Berliner Hochschule für Technik (BHT)",,http://prof.bht-berlin.de/boblan/,https://www.bht-berlin.de/people/detail/1720,"No research group, lab or Forschungsschwerpunkt leadership stated on https://www.bht-berlin.de/people/detail/1720 (page lists only the professorship and any teaching/committee functions). Other stated functions: Vertreter der Professoren und Professorinnen, Kommission für Forschung und Förderung des wissenschaftlichen Nachwuchses. Denomination (Lehrgebiet) on the Fachbereich VII Personen list: Elektrotechnik, Aktoren, Robotik, Bionik (https://www.bht-berlin.de/100)."
Annette Bobrik,Prof. Dr.-Ing. Annette Bobrik,Professorin (Wirtschaftsinformatik / BWL); Fachbereich I – Wirtschafts- und Gesellschaftswissenschaften; Berliner Hochschule für Technik (BHT),,,https://www.bht-berlin.de/people/detail/2506,"RESEARCH GROUP/LAB: Laborleiterin, Betriebswirtschaftliche EDV-Anwendungen (stated on https://www.bht-berlin.de/people/detail/2506) Other stated functions: Studienfachberaterin, Berufs- und Technikpädagogik (M.A.) (Master). Denomination (Lehrgebiet) on the Fachbereich I Personen list: Wirtschaftsinformatik / BWL (https://www.bht-berlin.de/30). Lab page(s): https://www.bht-berlin.de/labor/detail/edv."
Christopher Bode,Prof. Dr.-Ing. Christopher Bode,"Professor (Getriebe- und Fördertechnik); Fachbereich VIII – Maschinenbau, Veranstaltungstechnik, Verfahrenstechnik; Berliner Hochschule für Technik (BHT)",,http://prof.bht-berlin.de/bode/,https://www.bht-berlin.de/people/detail/236,"No research group, lab or Forschungsschwerpunkt leadership stated on https://www.bht-berlin.de/people/detail/236 (page lists only the professorship and any teaching/committee functions). Other stated functions: Vertreter der Professoren und Professorinnen, Fachbereichsrat VIII. Denomination (Lehrgebiet) on the Fachbereich VIII Personen list: Getriebe- und Fördertechnik (https://www.bht-berlin.de/101)."
Simon Boecker,Prof. Dr. Simon Boecker,Professor (Bioverfahrenstechnik); Fachbereich V – Life Sciences and Technology; Berliner Hochschule für Technik (BHT),,,https://www.bht-berlin.de/people/detail/2328,"No research group, lab or Forschungsschwerpunkt leadership stated on https://www.bht-berlin.de/people/detail/2328 (page lists only the professorship and any teaching/committee functions). Other stated functions: Vertreter der Professoren und Professorinnen, Kommission für Entwicklungsplanung. Denomination (Lehrgebiet) on the Fachbereich V Personen list: Bioverfahrenstechnik (https://www.bht-berlin.de/98)."
Roland Borgwardt,Prof. Dipl.-Ing. Roland Borgwardt,Professor (Integrale Gebäudeplanung); Fachbereich IV – Architektur und Gebäudetechnik; Berliner Hochschule für Technik (BHT),,https://prof.bht-berlin.de/borgwardt/,https://www.bht-berlin.de/people/detail/1940,"No research group, lab or Forschungsschwerpunkt leadership stated on https://www.bht-berlin.de/people/detail/1940 (page lists only the professorship and any teaching/committee functions). Other stated functions: Vertreter der Professoren und Professorinnen, Fachbereichsrat IV. Denomination (Lehrgebiet) on the Fachbereich IV Personen list: Integrale Gebäudeplanung (https://www.bht-berlin.de/97)."
Holger Borowiak,Prof. Dr.-Ing. Holger Borowiak,Professor (Elektrische Energieversorgung); Fachbereich VII – Elektrotechnik – Mechatronik – Optometrie; Berliner Hochschule für Technik (BHT),,http://prof.bht-berlin.de/borowiak/,https://www.bht-berlin.de/people/detail/1187,"No research group, lab or Forschungsschwerpunkt leadership stated on https://www.bht-berlin.de/people/detail/1187 (page lists only the professorship and any teaching/committee functions). Denomination (Lehrgebiet) on the Fachbereich VII Personen list: Elektrische Energieversorgung (https://www.bht-berlin.de/100)."
Michael Breuer,Prof. Dipl.-Ing. Michael Breuer,Professor (Photogrammetrie und Fernerkundung); Fachbereich III – Bauingenieur- und Geoinformationswesen; Berliner Hochschule für Technik (BHT),,https://prof.bht-berlin.de/breuer/,https://www.bht-berlin.de/people/detail/832,"RESEARCH GROUP/LAB: Laborleiter, Photogrammetrie (stated on https://www.bht-berlin.de/people/detail/832) Other stated functions: Studienfachberater, Geoinformation und Umwelt (Bachelor). Denomination (Lehrgebiet) on the Fachbereich III Personen list: Photogrammetrie und Fernerkundung (https://www.bht-berlin.de/87). Lab page(s): https://www.bht-berlin.de/labor/detail/phg."
Heiner Brockmann,Prof. Dr. rer. pol. Heiner Brockmann,Professor (Allgemeine Volkswirtschaftslehre mit Schwerpunkt internationale Wirtschaftsbeziehungen); Fachbereich I – Wirtschafts- und Gesellschaftswissenschaften; Berliner Hochschule für Technik (BHT),,https://prof.bht-berlin.de/brockmann/,https://www.bht-berlin.de/people/detail/248,"No research group, lab or Forschungsschwerpunkt leadership stated on https://www.bht-berlin.de/people/detail/248 (page lists only the professorship and any teaching/committee functions). Other stated functions: Auslandskoordinator, Fachbereich I – Wirtschafts- und Gesellschaftswissenschaften | BAföG-Beauftragter, Betriebswirtschaftslehre – Digitale Wirtschaft (Bachelor) | BAföG-Beauftragter, Betriebswirtschaftslehre (Dual) (Bachelor) | BAföG-Beauftragter, Management und Consulting (Master) | BAföG-Beauftragter, Wirtschaftsingenieurwesen/Bau (Bachelor) | BAföG-Beauftragter, Wirtschaftsingenieurwesen/Bautechnik und -management (Master) | BAföG-Beauftragter, Wirtschaftsingenieurwesen/Maschinenbau (Bachelor) | BAföG-Beauftragter, Wirtschaftsingenieurwesen/Maschinenbau (Master) | BAföG-Beauftragter, Wirtschaftsingenieurwesen/Projektmanagement (Master). Denomination (Lehrgebiet) on the Fachbereich I Personen list: Allgemeine Volkswirtschaftslehre mit Schwerpunkt internationale Wirtschaftsbeziehungen (https://www.bht-berlin.de/30)."
Eva Maria Brüning,Prof. Dr. Eva Maria Brüning,Professorin; Fachbereich II – Mathematik – Physik – Chemie; Berliner Hochschule für Technik (BHT),,,https://www.bht-berlin.de/people/detail/1957,"No research group, lab or Forschungsschwerpunkt leadership stated on https://www.bht-berlin.de/people/detail/1957 (page lists only the professorship and any teaching/committee functions). Other stated functions: Nebenberufliche Frauen- und Gleichstellungsbeauftragte, Fachbereich II – Mathematik – Physik – Chemie."
Ilona Buchem,Prof. Dr. Ilona Buchem,Professorin (Kommunikations- u. Medienwissenschaft); Fachbereich I – Wirtschafts- und Gesellschaftswissenschaften; Berliner Hochschule für Technik (BHT),,https://prof.bht-berlin.de/buchem,https://www.bht-berlin.de/people/detail/1285,"RESEARCH GROUP/LAB: Laborleiterin, Kommunikation (stated on https://www.bht-berlin.de/people/detail/1285) Other stated functions: Digitalisierungsbeauftragte, Fachbereich I – Wirtschafts- und Gesellschaftswissenschaften. Denomination (Lehrgebiet) on the Fachbereich I Personen list: Kommunikations- u. Medienwissenschaft (https://www.bht-berlin.de/30). Lab page(s): https://www.bht-berlin.de/labor/detail/kom."
Markus Buchgeister,Prof. Dr. rer. nat. Markus Buchgeister,Professor (Medizinische Strahlungsphysik); Fachbereich II – Mathematik – Physik – Chemie; Berliner Hochschule für Technik (BHT),,,https://www.bht-berlin.de/people/detail/1132,"RESEARCH GROUP/LAB: Stellv. Laborleiter, Medizinische Strahlungsphysik und Bildgebung (stated on https://www.bht-berlin.de/people/detail/1132) Denomination (Lehrgebiet) on the Fachbereich II Personen list: Medizinische Strahlungsphysik (https://www.bht-berlin.de/86). Lab page(s): https://www.bht-berlin.de/labor/detail/msb."
Monika Buchholz,Prof. Dr. Monika Buchholz,Professorin (Organische Chemie); Fachbereich II – Mathematik – Physik – Chemie; Berliner Hochschule für Technik (BHT),,https://prof.bht-berlin.de/buchholz/,https://www.bht-berlin.de/people/detail/2305,"RESEARCH GROUP/LAB: Stellv. Laborleiterin, Organische Chemie (stated on https://www.bht-berlin.de/people/detail/2305) Other stated functions: Studienfachberaterin, Pharma- und Chemietechnik (Bachelor) | Studienfachberaterin, Pharma- und Chemietechnik (Master). Denomination (Lehrgebiet) on the Fachbereich II Personen list: Organische Chemie (https://www.bht-berlin.de/86). Lab page(s): https://www.bht-berlin.de/labor/detail/oc."
Claus Bull,Prof. Dr. Claus Bull,Professor (Gärtnerische Pflanzenproduktion und -vermarktung); Fachbereich V – Life Sciences and Technology; Berliner Hochschule für Technik (BHT),,,https://www.bht-berlin.de/people/detail/1080,"RESEARCH GROUP/LAB: Laborleiter, Gewächshaus (stated on https://www.bht-berlin.de/people/detail/1080) Denomination (Lehrgebiet) on the Fachbereich V Personen list: Gärtnerische Pflanzenproduktion und -vermarktung (https://www.bht-berlin.de/98). Lab page(s): https://www.bht-berlin.de/labor/detail/gwh."
Bernd Bungert,Prof. Dr.-Ing. Bernd Bungert,"Professor (Mechanische Verfahrenstechnik und Apparatebau); Fachbereich VIII – Maschinenbau, Veranstaltungstechnik, Verfahrenstechnik; Berliner Hochschule für Technik (BHT)",,https://prof.bht-berlin.de/bungert/,https://www.bht-berlin.de/people/detail/1001,"RESEARCH GROUP/LAB: Laborleiter, Mechanische Verfahrenstechnik (stated on https://www.bht-berlin.de/people/detail/1001) Other stated functions: Studienfachberater, Wirtschaftsingenieur/in Umwelt und Nachhaltigkeit (Bachelor). Denomination (Lehrgebiet) on the Fachbereich VIII Personen list: Mechanische Verfahrenstechnik und Apparatebau (https://www.bht-berlin.de/101). Lab page(s): https://www.bht-berlin.de/labor/detail/mevt."
Christian Butz,Prof. Dr.-Ing. habil. Christian Butz,Professor (BWL/Logistik); Fachbereich I – Wirtschafts- und Gesellschaftswissenschaften; Berliner Hochschule für Technik (BHT),,https://prof.bht-berlin.de/butz/,https://www.bht-berlin.de/people/detail/1154,"No research group, lab or Forschungsschwerpunkt leadership stated on https://www.bht-berlin.de/people/detail/1154 (page lists only the professorship and any teaching/committee functions). Denomination (Lehrgebiet) on the Fachbereich I Personen list: BWL/Logistik (https://www.bht-berlin.de/30)."
Marco Chiadò Caponet,Prof. Dr. Marco Chiadò Caponet,Professor ( Leistungselektronik); Fachbereich VII – Elektrotechnik – Mechatronik – Optometrie; Berliner Hochschule für Technik (BHT),,https://prof.bht-berlin.de/chiadocaponet/,https://www.bht-berlin.de/people/detail/2123,"No research group, lab or Forschungsschwerpunkt leadership stated on https://www.bht-berlin.de/people/detail/2123 (page lists only the professorship and any teaching/committee functions). Denomination (Lehrgebiet) on the Fachbereich VII Personen list: Leistungselektronik (https://www.bht-berlin.de/100)."
Jan-Hendrik Carstens,Prof. Dr. Jan-Hendrik Carstens,Prodekan; Fachbereich VII – Elektrotechnik – Mechatronik – Optometrie; Berliner Hochschule für Technik (BHT),,https://prof.bht-berlin.de/carstens/,https://www.bht-berlin.de/people/detail/2262,"No research group, lab or Forschungsschwerpunkt leadership stated on https://www.bht-berlin.de/people/detail/2262 (page lists only the professorship and any teaching/committee functions). Other stated functions: Professor (Grundlagen der Elektrotechnik), Fachbereich VII – Elektrotechnik – Mechatronik – Optometrie | Vertreter der Professoren und Professorinnen, Fachbereichsrat VII. Denomination (Lehrgebiet) on the Fachbereich VII Personen list: Grundlagen der Elektrotechnik (https://www.bht-berlin.de/100)."
Uwe Dathe,Prof. Dr. jur. Uwe Dathe,Professor (Deutsches und internationales Wirtschaftsrecht einschließlich Arbeitsrecht); Fachbereich I – Wirtschafts- und Gesellschaftswissenschaften; Berliner Hochschule für Technik (BHT),,,https://www.bht-berlin.de/people/detail/1718,"No research group, lab or Forschungsschwerpunkt leadership stated on https://www.bht-berlin.de/people/detail/1718 (page lists only the professorship and any teaching/committee functions). Denomination (Lehrgebiet) on the Fachbereich I Personen list: Deutsches und internationales Wirtschaftsrecht einschließlich Arbeitsrecht (https://www.bht-berlin.de/30)."
Michael Dattner,Prof. Dr.-Ing. Michael Dattner,Professor (IT-gestützte Druckproduktion); Fachbereich VI – Informatik und Medien; Berliner Hochschule für Technik (BHT),,https://prof.bht-berlin.de/dattner/,https://www.bht-berlin.de/people/detail/2086,"No research group, lab or Forschungsschwerpunkt leadership stated on https://www.bht-berlin.de/people/detail/2086 (page lists only the professorship and any teaching/committee functions). Other stated functions: Vorsitzender, Prüfungsausschuss Druck- und Medientechnik. Denomination (Lehrgebiet) on the Fachbereich VI Personen list: IT-gestützte Druckproduktion (https://www.bht-berlin.de/99)."
Andreas Deckmann,Prof. Dr. rer. pol. Andreas Deckmann,Professor (Betriebswirtschaftslehre / Unternehmensführung); Fachbereich I – Wirtschafts- und Gesellschaftswissenschaften; Berliner Hochschule für Technik (BHT),,https://prof.bht-berlin.de/deckmann,https://www.bht-berlin.de/people/detail/276,"No research group, lab or Forschungsschwerpunkt leadership stated on https://www.bht-berlin.de/people/detail/276 (page lists only the professorship and any teaching/committee functions). Other stated functions: Studienfachberater, Betriebswirtschaftslehre (Dual) (Bachelor) | Vertreter der Professoren und Professorinnen, Fachbereichsrat I. Denomination (Lehrgebiet) on the Fachbereich I Personen list: Betriebswirtschaftslehre / Unternehmensführung (https://www.bht-berlin.de/30)."
Andrea Denker,Prof. Dr. Andrea Denker,Professorin; Fachbereich II – Mathematik – Physik – Chemie; Berliner Hochschule für Technik (BHT),,https://prof.bht-berlin.de/denker/,https://www.bht-berlin.de/people/detail/1905,"No research group, lab or Forschungsschwerpunkt leadership stated on https://www.bht-berlin.de/people/detail/1905 (page lists only the professorship and any teaching/committee functions)."
Volker Dick,Prof. Volker Dick,Professor (Konstruktiver Ingenieurbau mit Schwerpunkt Stahl- und Verbundbau); Fachbereich III – Bauingenieur- und Geoinformationswesen; Berliner Hochschule für Technik (BHT),,,https://www.bht-berlin.de/people/detail/2318,"No research group, lab or Forschungsschwerpunkt leadership stated on https://www.bht-berlin.de/people/detail/2318 (page lists only the professorship and any teaching/committee functions). Other stated functions: Auslandskoordinator, Fachbereich III – Bauingenieur- und Geoinformationswesen für die Studiengänge des Bauingenieurwesens. Denomination (Lehrgebiet) on the Fachbereich III Personen list: Konstruktiver Ingenieurbau mit Schwerpunkt Stahl- und Verbundbau (https://www.bht-berlin.de/87)."
David Dietrich,Prof. Dr.-Ing. David Dietrich,Professor (Kommunikationsnetze); Fachbereich VII – Elektrotechnik – Mechatronik – Optometrie; Berliner Hochschule für Technik (BHT),,https://prof.bht-berlin.de/dietrich,https://www.bht-berlin.de/people/detail/2092,"RESEARCH GROUP/LAB: Laborleiter, Telekommunikationstechnik (stated on https://www.bht-berlin.de/people/detail/2092) Other stated functions: Digitalisierungsbeauftragter, Fachbereich VII – Elektrotechnik – Mechatronik – Optometrie | Beauftragter für die Anerkennung von Studienleistungen, Elektrotechnik (Bachelor) | Beauftragter für die Praxisphase, Elektrotechnik (Bachelor). Denomination (Lehrgebiet) on the Fachbereich VII Personen list: Kommunikationsnetze (https://www.bht-berlin.de/100). Lab page(s): https://www.bht-berlin.de/labor/detail/tkt."
Holger Dietze,Prof. Dr. Holger Dietze,Professor (Physiologische Optik / Optometrie); Fachbereich VII – Elektrotechnik – Mechatronik – Optometrie; Berliner Hochschule für Technik (BHT),,https://prof.bht-berlin.de/dietze/,https://www.bht-berlin.de/people/detail/283,"RESEARCH GROUP/LAB: Laborleiter, Optometrie (stated on https://www.bht-berlin.de/people/detail/283) Other stated functions: Studienfachberater, Augenoptik/Optometrie (Bachelor). Denomination (Lehrgebiet) on the Fachbereich VII Personen list: Physiologische Optik / Optometrie (https://www.bht-berlin.de/100). Lab page(s): https://www.bht-berlin.de/labor/detail/optm."
Lutz Dittmann,Prof. Dr.-Ing. Lutz Dittmann,Professor (Energie- und Umwelttechnik); Fachbereich IV – Architektur und Gebäudetechnik; Berliner Hochschule für Technik (BHT),,,https://www.bht-berlin.de/people/detail/1472,"No research group, lab or Forschungsschwerpunkt leadership stated on https://www.bht-berlin.de/people/detail/1472 (page lists only the professorship and any teaching/committee functions). Other stated functions: Vertreter der Professoren und Professorinnen, Fachbereichsrat IV. Denomination (Lehrgebiet) on the Fachbereich IV Personen list: Energie- und Umwelttechnik (https://www.bht-berlin.de/97)."
Immelyn Domnick,Prof. Dr. rer. nat. Immelyn Domnick,"Professorin (Geoinformation, Kartographie und Geographie); Fachbereich III – Bauingenieur- und Geoinformationswesen Schriftleitung für die Schriftenreihe Forum GeoBau; Berliner Hochschule für Technik (BHT)",,,https://www.bht-berlin.de/people/detail/289,"No research group, lab or Forschungsschwerpunkt leadership stated on https://www.bht-berlin.de/people/detail/289 (page lists only the professorship and any teaching/committee functions). Denomination (Lehrgebiet) on the Fachbereich III Personen list: Geoinformation, Kartographie und Geographie (https://www.bht-berlin.de/87)."
Timothy Downie,Prof. Dr. Timothy Downie,Professor (Angewandte Statistik); Fachbereich II – Mathematik – Physik – Chemie; Berliner Hochschule für Technik (BHT),,,https://www.bht-berlin.de/people/detail/1463,"No research group, lab or Forschungsschwerpunkt leadership stated on https://www.bht-berlin.de/people/detail/1463 (page lists only the professorship and any teaching/committee functions). Other stated functions: Auslandskoordinator (Mathematik), Fachbereich II – Mathematik – Physik – Chemie. Denomination (Lehrgebiet) on the Fachbereich II Personen list: Angewandte Statistik (https://www.bht-berlin.de/86)."
Stefan Dreher,Prof. Dr.-Ing. Stefan Dreher,"Professor (Industrial Engineering); Fachbereich VIII – Maschinenbau, Veranstaltungstechnik, Verfahrenstechnik; Berliner Hochschule für Technik (BHT)",,,https://www.bht-berlin.de/people/detail/1498,"No research group, lab or Forschungsschwerpunkt leadership stated on https://www.bht-berlin.de/people/detail/1498 (page lists only the professorship and any teaching/committee functions). Other stated functions: Vertreter der Professoren und Professorinnen, Fachbereichsrat VIII. Denomination (Lehrgebiet) on the Fachbereich VIII Personen list: Industrial Engineering (https://www.bht-berlin.de/101)."
Sandra Dressler,Prof. Dr. Sandra Dressler,Professorin (Betriebswirtschaftslehre ); Fachbereich I – Wirtschafts- und Gesellschaftswissenschaften; Berliner Hochschule für Technik (BHT),,,https://www.bht-berlin.de/people/detail/1840,"No research group, lab or Forschungsschwerpunkt leadership stated on https://www.bht-berlin.de/people/detail/1840 (page lists only the professorship and any teaching/committee functions). Other stated functions: Studienfachberaterin, Wirtschaftsingenieurwesen/Maschinenbau (Bachelor) | Studienfachberaterin, Wirtschaftsingenieurwesen/Maschinenbau (Master). Denomination (Lehrgebiet) on the Fachbereich I Personen list: Betriebswirtschaftslehre (https://www.bht-berlin.de/30)."
Rüdiger Ebel,Prof. Dipl.-Ing. Rüdiger Ebel,Professor (Entwurf und Städtebau); Fachbereich IV – Architektur und Gebäudetechnik; Berliner Hochschule für Technik (BHT),,,https://www.bht-berlin.de/people/detail/1899,"No research group, lab or Forschungsschwerpunkt leadership stated on https://www.bht-berlin.de/people/detail/1899 (page lists only the professorship and any teaching/committee functions). Other stated functions: Beauftragter für die Anerkennung von Studienleistungen, Architektur (Bachelor) Inland. Denomination (Lehrgebiet) on the Fachbereich IV Personen list: Entwurf und Städtebau (https://www.bht-berlin.de/97)."
Ingo Ebner,Prof. Dr. rer. nat. Ingo Ebner,Professor (Lebensmittelchemie); Fachbereich V – Life Sciences and Technology; Berliner Hochschule für Technik (BHT),,,https://www.bht-berlin.de/people/detail/2388,"No research group, lab or Forschungsschwerpunkt leadership stated on https://www.bht-berlin.de/people/detail/2388 (page lists only the professorship and any teaching/committee functions). Other stated functions: Vertreter der Professoren und Professorinnen, Fachbereichsrat V. Denomination (Lehrgebiet) on the Fachbereich V Personen list: Lebensmittelchemie (https://www.bht-berlin.de/98)."
Stefan Edlich,Prof. Dr.-Ing. Stefan Edlich,Professor (Software-Engineering und AI); Fachbereich VI – Informatik und Medien; Berliner Hochschule für Technik (BHT),,http://prof.bht-berlin.de/edlich/,https://www.bht-berlin.de/people/detail/294,"RESEARCH GROUP/LAB: Laborleiter, Online-Learning (stated on https://www.bht-berlin.de/people/detail/294) Other stated functions: Studienfachberater, Data Science (Master). Denomination (Lehrgebiet) on the Fachbereich VI Personen list: Software-Engineering und AI (https://www.bht-berlin.de/99). Lab page(s): https://www.bht-berlin.de/labor/detail/lol."
Dennis Enning,Prof. Dr. Dennis Enning,Professor (Industrielle Mikrobiologie); Fachbereich V – Life Sciences and Technology; Berliner Hochschule für Technik (BHT),,,https://www.bht-berlin.de/people/detail/2245,"No research group, lab or Forschungsschwerpunkt leadership stated on https://www.bht-berlin.de/people/detail/2245 (page lists only the professorship and any teaching/committee functions). Other stated functions: Beauftragter für die Praxisphase, Biotechnologie (Bachelor). Denomination (Lehrgebiet) on the Fachbereich V Personen list: Industrielle Mikrobiologie (https://www.bht-berlin.de/98)."
Patrick Erdelt,Prof. Dr. Patrick Erdelt,Professor (Mathematik u. Datenbanksysteme); Fachbereich II – Mathematik – Physik – Chemie; Berliner Hochschule für Technik (BHT),,http://prof.bht-berlin.de/erdelt,https://www.bht-berlin.de/people/detail/1399,"RESEARCH GROUP/LAB: Laborleiter, Numerische Mathematik (stated on https://www.bht-berlin.de/people/detail/1399) Other stated functions: Vertreter der Professoren und Professorinnen, Prüfungsausschuss Data Science. Denomination (Lehrgebiet) on the Fachbereich II Personen list: Mathematik u. Datenbanksysteme (https://www.bht-berlin.de/86). Lab page(s): https://www.bht-berlin.de/labor/detail/num."
Susann Erichsson,Prof. Dr. rer. pol. Susann Erichsson,"Professorin (Betriebswirtschaftslehre, Medienwirtschaft); Fachbereich I – Wirtschafts- und Gesellschaftswissenschaften; Berliner Hochschule für Technik (BHT)",,,https://www.bht-berlin.de/people/detail/978,"No research group, lab or Forschungsschwerpunkt leadership stated on https://www.bht-berlin.de/people/detail/978 (page lists only the professorship and any teaching/committee functions). Other stated functions: Beauftragte für die Praxisphase, Wirtschaftsingenieurwesen/Maschinenbau (Bachelor) | Vertreterin der Professoren und Professorinnen, Kommission für Lehre, Studium und Bibliothekswesen. Denomination (Lehrgebiet) on the Fachbereich I Personen list: Betriebswirtschaftslehre, Medienwirtschaft (https://www.bht-berlin.de/30)."
Titus Faschina,Prof. Dr. phil. Titus Faschina,Professor (Theorie der Audiovisuellen Medien/Dramaturgie); Fachbereich VI – Informatik und Medien; Berliner Hochschule für Technik (BHT),,,https://www.bht-berlin.de/people/detail/307,"RESEARCH GROUP/LAB: Stellv. Laborleiter, Film und Fernsehen (stated on https://www.bht-berlin.de/people/detail/307) Other stated functions: Vertreter der Professoren und Professorinnen, Prüfungsausschuss Screen Based Media. Denomination (Lehrgebiet) on the Fachbereich VI Personen list: Theorie der Audiovisuellen Medien/Dramaturgie (https://www.bht-berlin.de/99). Lab page(s): https://www.bht-berlin.de/labor/detail/ffs."
Ulrich Finke,Prof. Dr. Ulrich Finke,Professor (Raumlufttechnik); Fachbereich IV – Architektur und Gebäudetechnik; Berliner Hochschule für Technik (BHT),,,https://www.bht-berlin.de/people/detail/1305,"RESEARCH GROUP/LAB: Laborleiter, Klimatechnik (stated on https://www.bht-berlin.de/people/detail/1305) Other stated functions: Vertreter der Professoren und Professorinnen, Akademische Versammlung. Denomination (Lehrgebiet) on the Fachbereich IV Personen list: Raumlufttechnik (https://www.bht-berlin.de/97). Lab page(s): https://www.bht-berlin.de/labor/detail/klt."
Bernd Fischer,Prof. Bernd Fischer,Professor (Gestaltung und Produktion audiovisueller Medien); Fachbereich VI – Informatik und Medien; Berliner Hochschule für Technik (BHT),,,https://www.bht-berlin.de/people/detail/2073,"RESEARCH GROUP/LAB: Laborleiter, Film und Fernsehen (stated on https://www.bht-berlin.de/people/detail/2073) Other stated functions: Beauftragter für die Praxisphase, Screen Based Media (Bachelor) | Vorsitzender, Prüfungsausschuss Screen Based Media. Denomination (Lehrgebiet) on the Fachbereich VI Personen list: Gestaltung und Produktion audiovisueller Medien (https://www.bht-berlin.de/99). Lab page(s): https://www.bht-berlin.de/labor/detail/ffs."
Christian Forler,Prof. Dr. Christian Forler,Professor (Betriebssysteme); Fachbereich VI – Informatik und Medien; Berliner Hochschule für Technik (BHT),,https://prof.bht-berlin.de/forler/,https://www.bht-berlin.de/people/detail/1728,"No research group, lab or Forschungsschwerpunkt leadership stated on https://www.bht-berlin.de/people/detail/1728 (page lists only the professorship and any teaching/committee functions). Other stated functions: Studienfachberater, IT-Sicherheit Online (Bachelor) | Vertreter der Professoren und Professorinnen, Prüfungsausschuss IT Sicherheit Online. Denomination (Lehrgebiet) on the Fachbereich VI Personen list: Betriebssysteme (https://www.bht-berlin.de/99)."
Jörg-Ulrich Forner,Prof. Dr.-Ing. Jörg-Ulrich Forner,Professor (Bautechnik und Bauabwicklung ); Fachbereich V – Life Sciences and Technology; Berliner Hochschule für Technik (BHT),,,https://www.bht-berlin.de/people/detail/1256,"No research group, lab or Forschungsschwerpunkt leadership stated on https://www.bht-berlin.de/people/detail/1256 (page lists only the professorship and any teaching/committee functions). Other stated functions: Beauftragter für die Anerkennung von Studienleistungen, Urbanes Pflanzen- und Freiraummanagement (Master) | Studienfachberater, Urbanes Pflanzen- und Freiraummanagement (Master). Denomination (Lehrgebiet) on the Fachbereich V Personen list: Bautechnik und Bauabwicklung (https://www.bht-berlin.de/98)."
Mathias Fraaß,Prof. Dr. rer. nat. Mathias Fraaß,"Professor (Gebäudeautomation, Technisches Gebäudemanagement, Facilitymanagement); Fachbereich IV – Architektur und Gebäudetechnik; Berliner Hochschule für Technik (BHT)",,,https://www.bht-berlin.de/people/detail/319,"RESEARCH GROUP/LAB: Laborleiter, Elektro-, Mess- und Regelungstechnik (stated on https://www.bht-berlin.de/people/detail/319) Other stated functions: Auslandskoordinator (Gebäudetechnik), Fachbereich IV – Architektur und Gebäudetechnik. Denomination (Lehrgebiet) on the Fachbereich IV Personen list: Gebäudeautomation, Technisches Gebäudemanagement, Facilitymanagement (https://www.bht-berlin.de/97). Lab page(s): https://www.bht-berlin.de/labor/detail/emr."
Eva Maria Froschauer,Prof. Dr.-Ing. habil. Eva Maria Froschauer,Professorin (Baugeschichte und Architekturtheorie); Fachbereich IV – Architektur und Gebäudetechnik; Berliner Hochschule für Technik (BHT),,https://prof.bht-berlin.de/froschauer/,https://www.bht-berlin.de/people/detail/2061,"RESEARCH GROUP/LAB: Laborleiterin, Baugeschichte und Bauerhaltung (stated on https://www.bht-berlin.de/people/detail/2061) Denomination (Lehrgebiet) on the Fachbereich IV Personen list: Baugeschichte und Architekturtheorie (https://www.bht-berlin.de/97). Lab page(s): https://www.bht-berlin.de/labor/detail/lfbb."
Ralf Förster,Prof. Dr.-Ing. Ralf Förster,"Professor (Werkzeugmaschinen / Maschinenkonstruktion); Fachbereich VIII – Maschinenbau, Veranstaltungstechnik, Verfahrenstechnik; Berliner Hochschule für Technik (BHT)",,https://prof.bht-berlin.de/foerster/,https://www.bht-berlin.de/people/detail/1239,"RESEARCH GROUP/LAB: Laborleiter, Produktionstechnik (stated on https://www.bht-berlin.de/people/detail/1239) Other stated functions: Vertreter der Professoren und Professorinnen, Akademische Versammlung | Vertreter der Professoren und Professorinnen, Kommission für Entwicklungsplanung. Denomination (Lehrgebiet) on the Fachbereich VIII Personen list: Werkzeugmaschinen / Maschinenkonstruktion (https://www.bht-berlin.de/101). Lab page(s): https://www.bht-berlin.de/labor/detail/prt."
Marzena Fügenschuh,Prof. Dr. Marzena Fügenschuh,Professorin (Mathematik); Fachbereich II – Mathematik – Physik – Chemie; Berliner Hochschule für Technik (BHT),,http://prof.bht-berlin.de/fuegenschuh,https://www.bht-berlin.de/people/detail/1037,"No research group, lab or Forschungsschwerpunkt leadership stated on https://www.bht-berlin.de/people/detail/1037 (page lists only the professorship and any teaching/committee functions). Denomination (Lehrgebiet) on the Fachbereich II Personen list: Mathematik (https://www.bht-berlin.de/86)."
Thomas Geike,Prof. Dr.-Ing. Thomas Geike,"Professor (Technische Mechanik); Fachbereich VIII – Maschinenbau, Veranstaltungstechnik, Verfahrenstechnik; Berliner Hochschule für Technik (BHT)",,,https://www.bht-berlin.de/people/detail/1760,"RESEARCH GROUP/LAB: Laborleiter, Förder- und Getriebetechnik (stated on https://www.bht-berlin.de/people/detail/1760) Other stated functions: Vertreter der Professoren und Professorinnen, Fachbereichsrat VIII. Denomination (Lehrgebiet) on the Fachbereich VIII Personen list: Technische Mechanik (https://www.bht-berlin.de/101). Lab page(s): https://www.bht-berlin.de/labor/detail/fgt."
Hans Gerber,Prof. Dr.-Ing. Hans Gerber,"Erster Vizepräsident, Präsidium; Berliner Hochschule für Technik (BHT)",,http://prof.bht-berlin.de/gerber,https://www.bht-berlin.de/people/detail/336,"No research group, lab or Forschungsschwerpunkt leadership stated on https://www.bht-berlin.de/people/detail/336 (page lists only the professorship and any teaching/committee functions). Other stated functions: Professor (Maschinenelemente, Technische Mechanik, Konstruktionsübungen), Fachbereich VIII – Maschinenbau, Veranstaltungstechnik, Verfahrenstechnik. Denomination (Lehrgebiet) on the Fachbereich VIII Personen list: Maschinenelemente, Technische Mechanik, Konstruktionsübungen (https://www.bht-berlin.de/101)."
Felix Alexander Gers,Prof. Dr. Felix Alexander Gers,Professor (Programmierung multimedialer Software (online)); Fachbereich VI – Informatik und Medien; Berliner Hochschule für Technik (BHT),,http://prof.bht-berlin.de/gers/,https://www.bht-berlin.de/people/detail/339,"No research group, lab or Forschungsschwerpunkt leadership stated on https://www.bht-berlin.de/people/detail/339 (page lists only the professorship and any teaching/committee functions). Denomination (Lehrgebiet) on the Fachbereich VI Personen list: Programmierung multimedialer Software (online (https://www.bht-berlin.de/99)."
Laurent Giampellegrini,Prof. Dr.-Ing. Laurent Giampellegrini,Professor; Fachbereich III – Bauingenieur- und Geoinformationswesen; Berliner Hochschule für Technik (BHT),,,https://www.bht-berlin.de/people/detail/2794,"No research group, lab or Forschungsschwerpunkt leadership stated on https://www.bht-berlin.de/people/detail/2794 (page lists only the professorship and any teaching/committee functions)."
Jessica Glabsch,Prof. Dr.-Ing. Jessica Glabsch,Professorin (Angewandte Geodäsie); Fachbereich III – Bauingenieur- und Geoinformationswesen; Berliner Hochschule für Technik (BHT),,,https://www.bht-berlin.de/people/detail/2302,"RESEARCH GROUP/LAB: Laborleiterin, Geodätische Messtechnik (stated on https://www.bht-berlin.de/people/detail/2302) Other stated functions: Vertreterin der Professoren und Professorinnen, Fachbereichsrat III. Denomination (Lehrgebiet) on the Fachbereich III Personen list: Angewandte Geodäsie (https://www.bht-berlin.de/87). Lab page(s): https://www.bht-berlin.de/labor/detail/gmt."
Ralf Glasenapp,Prof. Dr. Ralf Glasenapp,Professor (Geotechnik); Fachbereich III – Bauingenieur- und Geoinformationswesen; Berliner Hochschule für Technik (BHT),,,https://www.bht-berlin.de/people/detail/2380,"No research group, lab or Forschungsschwerpunkt leadership stated on https://www.bht-berlin.de/people/detail/2380 (page lists only the professorship and any teaching/committee functions). Other stated functions: Studienfachberater, Bauingenieurwesen (Bachelor). Denomination (Lehrgebiet) on the Fachbereich III Personen list: Geotechnik (https://www.bht-berlin.de/87)."
Susanne Glißmann-Hochstein,Prof. Dr. Susanne Glißmann-Hochstein,Professorin (BWL-Wirtschaftsinformatik); Fachbereich I – Wirtschafts- und Gesellschaftswissenschaften; Berliner Hochschule für Technik (BHT),,https://prof.bht-berlin.de/glissmann/,https://www.bht-berlin.de/people/detail/2020,"No research group, lab or Forschungsschwerpunkt leadership stated on https://www.bht-berlin.de/people/detail/2020 (page lists only the professorship and any teaching/committee functions). Other stated functions: Studienfachberaterin, Wirtschaftsinformatik Online (Bachelor). Denomination (Lehrgebiet) on the Fachbereich I Personen list: BWL-Wirtschaftsinformatik (https://www.bht-berlin.de/30)."
Peter Gober,Prof. Dr.-Ing. Peter Gober,Dekan; Fachbereich VII – Elektrotechnik – Mechatronik – Optometrie; Berliner Hochschule für Technik (BHT),,http://prof.bht-berlin.de/gober/,https://www.bht-berlin.de/people/detail/347,"No research group, lab or Forschungsschwerpunkt leadership stated on https://www.bht-berlin.de/people/detail/347 (page lists only the professorship and any teaching/committee functions). Other stated functions: Professor (Embedded Systems für Kommunikationssysteme), Fachbereich VII – Elektrotechnik – Mechatronik – Optometrie | Vertreter der Professoren und Professorinnen, Fachbereichsrat VII. Denomination (Lehrgebiet) on the Fachbereich VII Personen list: Embedded Systems für Kommunikationssysteme (https://www.bht-berlin.de/100)."
Patrick Godefroid,Prof. Dr. Patrick Godefroid,Professor (Informatik in interaktiven Medien); Fachbereich VI – Informatik und Medien; Berliner Hochschule für Technik (BHT),,,https://www.bht-berlin.de/people/detail/1645,"No research group, lab or Forschungsschwerpunkt leadership stated on https://www.bht-berlin.de/people/detail/1645 (page lists only the professorship and any teaching/committee functions). Other stated functions: Beauftragter für die Praxisphase, Digitale Medien & Print (Bachelor) | Beauftragter für die Praxisphase, Druck- und Medientechnik (Bachelor). Denomination (Lehrgebiet) on the Fachbereich VI Personen list: Informatik in interaktiven Medien (https://www.bht-berlin.de/99)."
Andreas Gerhard Goldmann,Prof. Dr.-Ing. Andreas Gerhard Goldmann,"Professor (Energie- und Umwelttechnik); Fachbereich VIII – Maschinenbau, Veranstaltungstechnik, Verfahrenstechnik; Berliner Hochschule für Technik (BHT)",,,https://www.bht-berlin.de/people/detail/894,"No research group, lab or Forschungsschwerpunkt leadership stated on https://www.bht-berlin.de/people/detail/894 (page lists only the professorship and any teaching/committee functions). Denomination (Lehrgebiet) on the Fachbereich VIII Personen list: Energie- und Umwelttechnik (https://www.bht-berlin.de/101)."
Vicky Goralczyk,Prof. Dr.-Ing. Vicky Goralczyk,Dekanin; Fachbereich V – Life Sciences and Technology; Berliner Hochschule für Technik (BHT),,,https://www.bht-berlin.de/people/detail/2520,"No research group, lab or Forschungsschwerpunkt leadership stated on https://www.bht-berlin.de/people/detail/2520 (page lists only the professorship and any teaching/committee functions). Other stated functions: Professorin (Bioprozesstechnik), Fachbereich V – Life Sciences and Technology | BAföG-Beauftragte, Fachbereich V – Life Sciences and Technology | Vertreterin der Professoren und Professorinnen, Fachbereichsrat V. Denomination (Lehrgebiet) on the Fachbereich V Personen list: Bioprozesstechnik (https://www.bht-berlin.de/98)."
Stefanie Grade,Prof. Dr. Stefanie Grade,Professorin (Gartenbauliche Pflanzenproduktion); Fachbereich V – Life Sciences and Technology; Berliner Hochschule für Technik (BHT),,https://prof.bht-berlin.de/grade/,https://www.bht-berlin.de/people/detail/2254,"No research group, lab or Forschungsschwerpunkt leadership stated on https://www.bht-berlin.de/people/detail/2254 (page lists only the professorship and any teaching/committee functions). Other stated functions: Vertreterin der Professoren und Professorinnen, Kommission für Haushalt und Wirtschaftsplanung. Denomination (Lehrgebiet) on the Fachbereich V Personen list: Gartenbauliche Pflanzenproduktion (https://www.bht-berlin.de/98)."
Diana Graubaum,Prof. Dr. med. vet. Diana Graubaum,Professorin (Lebensmittelmikrobiologie); Fachbereich V – Life Sciences and Technology; Berliner Hochschule für Technik (BHT),,,https://www.bht-berlin.de/people/detail/851,"No research group, lab or Forschungsschwerpunkt leadership stated on https://www.bht-berlin.de/people/detail/851 (page lists only the professorship and any teaching/committee functions). Other stated functions: Auslandskoordinatorin, Fachbereich V – Life Sciences and Technology Lebensmitteltechnologie. Denomination (Lehrgebiet) on the Fachbereich V Personen list: Lebensmittelmikrobiologie (https://www.bht-berlin.de/98)."
Sven Graupner,Prof. Dr. Sven Graupner,Professor (Software Engineering); Fachbereich VI – Informatik und Medien; Berliner Hochschule für Technik (BHT),,,https://www.bht-berlin.de/people/detail/1729,"RESEARCH GROUP/LAB: Laborleiter, Softwareentwicklung (stated on https://www.bht-berlin.de/people/detail/1729) Other stated functions: Vorsitzender, Prüfungsausschuss Technische Informatik. Denomination (Lehrgebiet) on the Fachbereich VI Personen list: Software Engineering (https://www.bht-berlin.de/99). Lab page(s): https://www.bht-berlin.de/labor/detail/swe."
Carolin Graßmann,Prof. Dr. Carolin Graßmann,Professorin (Arbeits- und Organisationspsychologie); Fachbereich I – Wirtschafts- und Gesellschaftswissenschaften; Berliner Hochschule für Technik (BHT),,,https://www.bht-berlin.de/people/detail/2797,"No research group, lab or Forschungsschwerpunkt leadership stated on https://www.bht-berlin.de/people/detail/2797 (page lists only the professorship and any teaching/committee functions). Other stated functions: Stellv. nebenberufliche Frauenbeauftragte, Fachbereich I – Wirtschafts- und Gesellschaftswissenschaften. Denomination (Lehrgebiet) on the Fachbereich I Personen list: Arbeits- und Organisationspsychologie (https://www.bht-berlin.de/30)."
Peter Gregorius,Prof. Dr. Peter Gregorius,Professor (Digitale Systeme); Fachbereich VI – Informatik und Medien; Berliner Hochschule für Technik (BHT),,,https://www.bht-berlin.de/people/detail/1543,"No research group, lab or Forschungsschwerpunkt leadership stated on https://www.bht-berlin.de/people/detail/1543 (page lists only the professorship and any teaching/committee functions). Other stated functions: Vertreter der Professoren und Professorinnen, Fachbereichsrat VI | Vertreter der Professoren und Professorinnen, Akademischer Senat | Vertreter der Professoren und Professorinnen, Akademische Versammlung. Denomination (Lehrgebiet) on the Fachbereich VI Personen list: Digitale Systeme (https://www.bht-berlin.de/99)."
Elisabeth Grohmann,Prof. Dr. Elisabeth Grohmann,Professorin (Mikrobiologie); Fachbereich V – Life Sciences and Technology; Berliner Hochschule für Technik (BHT),,https://prof.bht-berlin.de/grohmann/,https://www.bht-berlin.de/people/detail/1579,"No research group, lab or Forschungsschwerpunkt leadership stated on https://www.bht-berlin.de/people/detail/1579 (page lists only the professorship and any teaching/committee functions). Other stated functions: Vertreterin der Professoren und Professorinnen, Kommission für Forschung und Förderung des wissenschaftlichen Nachwuchses. Denomination (Lehrgebiet) on the Fachbereich V Personen list: Mikrobiologie (https://www.bht-berlin.de/98)."
Ulrike Grömping,Prof. Dr. Ulrike Grömping,Professorin (Wirtschaftsmathematik); Fachbereich II – Mathematik – Physik – Chemie; Berliner Hochschule für Technik (BHT),,http://prof.bht-berlin.de/groemping/,https://www.bht-berlin.de/people/detail/361,"No research group, lab or Forschungsschwerpunkt leadership stated on https://www.bht-berlin.de/people/detail/361 (page lists only the professorship and any teaching/committee functions). Other stated functions: Vertreterin der Professoren und Professorinnen, Fachbereichsrat II | Vertreterin der Professoren und Professorinnen, Kommission für die Stellungnahme zu Berufungsvorgängen. Denomination (Lehrgebiet) on the Fachbereich II Personen list: Wirtschaftsmathematik (https://www.bht-berlin.de/86)."
Marc Göbelsmann,Prof. Dr.-Ing. Marc Göbelsmann,Dekan; Fachbereich III – Bauingenieur- und Geoinformationswesen; Berliner Hochschule für Technik (BHT),,,https://www.bht-berlin.de/people/detail/1745,"No research group, lab or Forschungsschwerpunkt leadership stated on https://www.bht-berlin.de/people/detail/1745 (page lists only the professorship and any teaching/committee functions). Other stated functions: Professor (Nachhaltige Konstruktion und Bauphysik), Fachbereich III – Bauingenieur- und Geoinformationswesen | Beauftragter für die Praxisphase, Bauingenieurwesen (Bachelor) | Vertreter der Professoren und Professorinnen, Fachbereichsrat III. Denomination (Lehrgebiet) on the Fachbereich III Personen list: Nachhaltige Konstruktion und Bauphysik (https://www.bht-berlin.de/87)."
Matthias Haber,Prof. Dipl.-Ing. Matthias Haber,Professor (Entwerfen und Konstruieren im Bestand); Fachbereich IV – Architektur und Gebäudetechnik; Berliner Hochschule für Technik (BHT),,https://prof.bht-berlin.de/haber,https://www.bht-berlin.de/people/detail/2505,"No research group, lab or Forschungsschwerpunkt leadership stated on https://www.bht-berlin.de/people/detail/2505 (page lists only the professorship and any teaching/committee functions). Denomination (Lehrgebiet) on the Fachbereich IV Personen list: Entwerfen und Konstruieren im Bestand (https://www.bht-berlin.de/97)."
Sabine Hagemann,Prof. Dr. Sabine Hagemann,Professorin (Gentechnik/Molekularbiologie (Schwerpunkt Medizin)); Fachbereich V – Life Sciences and Technology; Berliner Hochschule für Technik (BHT),,,https://www.bht-berlin.de/people/detail/1580,"RESEARCH GROUP/LAB: Laborleiterin, Molekular- und Zellbiologie / Genetik (stated on https://www.bht-berlin.de/people/detail/1580) Other stated functions: Studienfachberaterin, Biotechnologie (Master) | Studienfachberaterin, Biotechnologie (Bachelor). Denomination (Lehrgebiet) on the Fachbereich V Personen list: Gentechnik/Molekularbiologie (Schwerpunkt Medizin (https://www.bht-berlin.de/98). Lab page(s): https://www.bht-berlin.de/labor/detail/mzg."
Astrid Haibel,Prof. Dr. Astrid Haibel,Professorin (Physik); Fachbereich II – Mathematik – Physik – Chemie; Berliner Hochschule für Technik (BHT),,,https://www.bht-berlin.de/people/detail/1313,"RESEARCH GROUP/LAB: Laborleiterin, Physik (stated on https://www.bht-berlin.de/people/detail/1313) Other stated functions: Studienfachberaterin, Physikalische Technik – Medizinphysik (Bachelor) | Studienfachberaterin, Physikalische Technik - Medizinphysik (Master) | Studienfachberaterin, Laser Science and Photonics (Bachelor) | Studienfachberaterin, Medizinphysik (Bachelor) | Vertreterin der Professoren und Professorinnen, Kommission für Entwicklungsplanung. Denomination (Lehrgebiet) on the Fachbereich II Personen list: Physik (https://www.bht-berlin.de/86). Lab page(s): https://www.bht-berlin.de/labor/detail/phy."
Christoph von Handorff,Prof. Dipl.-Ing. (FH) Christoph von Handorff,"Professor (Low-Vision, Physiologische Optik und Optometrie); Fachbereich VII – Elektrotechnik – Mechatronik – Optometrie; Berliner Hochschule für Technik (BHT)",,https://prof.bht-berlin.de/handorff/,https://www.bht-berlin.de/people/detail/974,"No research group, lab or Forschungsschwerpunkt leadership stated on https://www.bht-berlin.de/people/detail/974 (page lists only the professorship and any teaching/committee functions). Denomination (Lehrgebiet) on the Fachbereich VII Personen list: Low-Vision, Physiologische Optik und Optometrie (https://www.bht-berlin.de/100)."
Siamak Haschemi,Prof. Dr. Siamak Haschemi,Professor; Fachbereich VI – Informatik und Medien; Berliner Hochschule für Technik (BHT),,,https://www.bht-berlin.de/people/detail/2344,"No research group, lab or Forschungsschwerpunkt leadership stated on https://www.bht-berlin.de/people/detail/2344 (page lists only the professorship and any teaching/committee functions)."
Shahram Hauck,Prof. Dr. Shahram Hauck,Professor (Druckverfahrenstechnik); Fachbereich VI – Informatik und Medien Druckverfahrenstechnik; Berliner Hochschule für Technik (BHT),,https://prof.bht-berlin.de/hauck,https://www.bht-berlin.de/people/detail/1351,"No research group, lab or Forschungsschwerpunkt leadership stated on https://www.bht-berlin.de/people/detail/1351 (page lists only the professorship and any teaching/committee functions). Denomination (Lehrgebiet) on the Fachbereich VI Personen list: Druckverfahrenstechnik (https://www.bht-berlin.de/99)."
Frank Haußer,Prof. Dr. Frank Haußer,Professor (Mathematik); Fachbereich II – Mathematik – Physik – Chemie; Berliner Hochschule für Technik (BHT),,http://prof.bht-berlin.de/hausser/,https://www.bht-berlin.de/people/detail/863,"No research group, lab or Forschungsschwerpunkt leadership stated on https://www.bht-berlin.de/people/detail/863 (page lists only the professorship and any teaching/committee functions). Other stated functions: Beauftragter für die Anerkennung von Studienleistungen, Mathematik (Bachelor) | Beauftragter für die Anerkennung von Studienleistungen, Angewandte Mathematik (Bachelor) | Studienfachberater, Mathematik (Bachelor) | Studienfachberater, Angewandte Mathematik (Bachelor) | BAföG-Beauftragter, Mathematik (Bachelor) | BAföG-Beauftragter, Angewandte Mathematik (Bachelor). Denomination (Lehrgebiet) on the Fachbereich II Personen list: Mathematik (https://www.bht-berlin.de/86)."
Thomas Heine,Prof. Dr. Thomas Heine,"Professor (Mess- und Regelungstechnik in der Verfahrenstechnik); Fachbereich VIII – Maschinenbau, Veranstaltungstechnik, Verfahrenstechnik; Berliner Hochschule für Technik (BHT)",,,https://www.bht-berlin.de/people/detail/1361,"No research group, lab or Forschungsschwerpunkt leadership stated on https://www.bht-berlin.de/people/detail/1361 (page lists only the professorship and any teaching/committee functions). Denomination (Lehrgebiet) on the Fachbereich VIII Personen list: Mess- und Regelungstechnik in der Verfahrenstechnik (https://www.bht-berlin.de/101)."
Detlef Heinemann,Prof. Dr. Ing. Detlef Heinemann,Professor (Digitaltechnik und Mikrorechnertechnik); Fachbereich VII – Elektrotechnik – Mechatronik – Optometrie; Berliner Hochschule für Technik (BHT),,https://prof.bht-berlin.de/heinemann/,https://www.bht-berlin.de/people/detail/390,"RESEARCH GROUP/LAB: Laborleiter, Elektromobilität und Smart Systems (stated on https://www.bht-berlin.de/people/detail/390) Other stated functions: Studienfachberater, Elektromobilität (Bachelor). Denomination (Lehrgebiet) on the Fachbereich VII Personen list: Digitaltechnik und Mikrorechnertechnik (https://www.bht-berlin.de/100). Lab page(s): https://www.bht-berlin.de/labor/detail/ems."
Tanja Heise,Prof. Dr. Tanja Heise,Prodekanin; Fachbereich V – Life Sciences and Technology; Berliner Hochschule für Technik (BHT),,https://prof.bht-berlin.de/heise/,https://www.bht-berlin.de/people/detail/1831,"No research group, lab or Forschungsschwerpunkt leadership stated on https://www.bht-berlin.de/people/detail/1831 (page lists only the professorship and any teaching/committee functions). Other stated functions: Professorin (Phytomedizin und Gartenbauliche Pflanzenproduktion), Fachbereich V – Life Sciences and Technology | Beauftragte für die Praxisphase, Gartenbauliche Phytotechnologie (Bachelor) | Vertreterin der Professoren und Professorinnen, Fachbereichsrat V. Denomination (Lehrgebiet) on the Fachbereich V Personen list: Phytomedizin und Gartenbauliche Pflanzenproduktion (https://www.bht-berlin.de/98)."
Klaus Jochen Helbig,Prof. Dr. rer. oec. Klaus Jochen Helbig,Professor (Betriebswirtschaftslehre / Logistik); Fachbereich I – Wirtschafts- und Gesellschaftswissenschaften; Berliner Hochschule für Technik (BHT),,,https://www.bht-berlin.de/people/detail/393,"No research group, lab or Forschungsschwerpunkt leadership stated on https://www.bht-berlin.de/people/detail/393 (page lists only the professorship and any teaching/committee functions). Other stated functions: Vertreter der Professoren und Professorinnen, Kommission für Entwicklungsplanung. Denomination (Lehrgebiet) on the Fachbereich I Personen list: Betriebswirtschaftslehre / Logistik (https://www.bht-berlin.de/30)."
Lars Henning,Prof. Dr. Lars Henning,Professor (Smart Mechatronik Systems); Fachbereich VII – Elektrotechnik – Mechatronik – Optometrie; Berliner Hochschule für Technik (BHT),,,https://www.bht-berlin.de/people/detail/2439,"RESEARCH GROUP/LAB: Laborleiter, Gerätetechnik, Optik und Sensorik (stated on https://www.bht-berlin.de/people/detail/2439) Denomination (Lehrgebiet) on the Fachbereich VII Personen list: Smart Mechatronik Systems (https://www.bht-berlin.de/100). Lab page(s): https://www.bht-berlin.de/labor/detail/gos."
Stefan Heyde,Prof. Dr.-Ing. Stefan Heyde,Professor (Stahlbau); Fachbereich III – Bauingenieur- und Geoinformationswesen; Berliner Hochschule für Technik (BHT),,,https://www.bht-berlin.de/people/detail/1802,"RESEARCH GROUP/LAB: Laborleiter, Zentrum für Bau- und Geodaten (stated on https://www.bht-berlin.de/people/detail/1802) Other stated functions: Vertreter der Professoren und Professorinnen, Fachbereichsrat III | Vertreter der Professoren und Professorinnen, Akademischer Senat | Vertreter der Professoren und Professorinnen, Akademische Versammlung. Denomination (Lehrgebiet) on the Fachbereich III Personen list: Stahlbau (https://www.bht-berlin.de/87). Lab page(s): https://www.bht-berlin.de/labor/detail/zbg."
Zeynep Ayse Hicsasmaz-Heitele,Prof. Dipl.-Ing. Zeynep Ayse Hicsasmaz-Heitele,Professorin (Baukonstruktion und Entwerfen); Fachbereich IV – Architektur und Gebäudetechnik; Berliner Hochschule für Technik (BHT),,,https://www.bht-berlin.de/people/detail/2249,"RESEARCH GROUP/LAB: Laborleiterin, Tragwerke und Konstruktion (stated on https://www.bht-berlin.de/people/detail/2249) Other stated functions: Vertreterin der Professoren und Professorinnen, Fachbereichsrat IV. Denomination (Lehrgebiet) on the Fachbereich IV Personen list: Baukonstruktion und Entwerfen (https://www.bht-berlin.de/97). Lab page(s): https://www.bht-berlin.de/labor/detail/twk."
Manfred Hild,Prof. Dr. Manfred Hild,Professor (Digitale Systeme); Fachbereich VII – Elektrotechnik – Mechatronik – Optometrie; Berliner Hochschule für Technik (BHT),,,https://www.bht-berlin.de/people/detail/1545,"RESEARCH GROUP/LAB: Stellv. Laborleiter, Humanoide Robotik (stated on https://www.bht-berlin.de/people/detail/1545) Other stated functions: Studienfachberater, Humanoide Robotik (Bachelor). Denomination (Lehrgebiet) on the Fachbereich VII Personen list: Digitale Systeme (https://www.bht-berlin.de/100). Lab page(s): https://www.bht-berlin.de/labor/detail/hrob."
Kristian Hildebrand,Prof. Dr. Kristian Hildebrand,Professor (Grafisch-Interaktive Systeme); Fachbereich VI – Informatik und Medien; Berliner Hochschule für Technik (BHT),,http://hildebrand.bht-berlin.de,https://www.bht-berlin.de/people/detail/1647,"No research group, lab or Forschungsschwerpunkt leadership stated on https://www.bht-berlin.de/people/detail/1647 (page lists only the professorship and any teaching/committee functions). Other stated functions: Vertreter der Professoren und Professorinnen, Kommission für Forschung und Förderung des wissenschaftlichen Nachwuchses. Denomination (Lehrgebiet) on the Fachbereich VI Personen list: Grafisch-Interaktive Systeme (https://www.bht-berlin.de/99)."
Ralph Hillbrand,Prof. Dipl.-Ing. Ralph Hillbrand,"Professor (Bühnentechnik / Beleuchtung); Fachbereich VIII – Maschinenbau, Veranstaltungstechnik, Verfahrenstechnik; Berliner Hochschule für Technik (BHT)",,,https://www.bht-berlin.de/people/detail/405,"No research group, lab or Forschungsschwerpunkt leadership stated on https://www.bht-berlin.de/people/detail/405 (page lists only the professorship and any teaching/committee functions). Denomination (Lehrgebiet) on the Fachbereich VIII Personen list: Bühnentechnik / Beleuchtung (https://www.bht-berlin.de/101)."
Sven Hille,Prof. Dr.-Ing. Sven Hille,Professor; Fachbereich VII – Elektrotechnik – Mechatronik – Optometrie; Berliner Hochschule für Technik (BHT),,http://prof.bht-berlin.de/hille/,https://www.bht-berlin.de/people/detail/1500,"No research group, lab or Forschungsschwerpunkt leadership stated on https://www.bht-berlin.de/people/detail/1500 (page lists only the professorship and any teaching/committee functions). Other stated functions: Studienfachberater, Energie- und Automatisierungssysteme (Master) | Studienfachberater, Elektrotechnik (Bachelor) | Vertreter der Professoren und Professorinnen, Kommission für die Stellungnahme zu Berufungsvorgängen."
Stephan Hinderlich,Prof. Dr. rer nat. habil. Stephan Hinderlich,Professor (Biochemie); Fachbereich V – Life Sciences and Technology; Berliner Hochschule für Technik (BHT),,,https://www.bht-berlin.de/people/detail/847,"RESEARCH GROUP/LAB: Laborleiter, Biochemie (stated on https://www.bht-berlin.de/people/detail/847) Denomination (Lehrgebiet) on the Fachbereich V Personen list: Biochemie (https://www.bht-berlin.de/98). Lab page(s): https://www.bht-berlin.de/labor/detail/bch."
Eleanor Hobley,Prof. Dr. Eleanor Hobley,Gastprofessorin; Fachbereich III – Bauingenieur- und Geoinformationswesen; Berliner Hochschule für Technik (BHT),,,https://www.bht-berlin.de/people/detail/2651,"No research group, lab or Forschungsschwerpunkt leadership stated on https://www.bht-berlin.de/people/detail/2651 (page lists only the professorship and any teaching/committee functions)."
Ina Holfelder,Prof. Dr.-Ing. Ina Holfelder,"Professorin (Konstruktion und Maschinenelemente); Fachbereich VIII – Maschinenbau, Veranstaltungstechnik, Verfahrenstechnik; Berliner Hochschule für Technik (BHT)",,https://prof.bht-berlin.de/holfelder,https://www.bht-berlin.de/people/detail/2184,"No research group, lab or Forschungsschwerpunkt leadership stated on https://www.bht-berlin.de/people/detail/2184 (page lists only the professorship and any teaching/committee functions). Denomination (Lehrgebiet) on the Fachbereich VIII Personen list: Konstruktion und Maschinenelemente (https://www.bht-berlin.de/101)."
Taco Holthuizen,Prof. Taco Holthuizen,Gastprofessor; Fachbereich IV – Architektur und Gebäudetechnik; Berliner Hochschule für Technik (BHT),,,https://www.bht-berlin.de/people/detail/2480,"No research group, lab or Forschungsschwerpunkt leadership stated on https://www.bht-berlin.de/people/detail/2480 (page lists only the professorship and any teaching/committee functions)."
Michael Holze,Prof. Michael Holze,Professor (Computergestützte Architekturdarstellung); Fachbereich IV – Architektur und Gebäudetechnik; Berliner Hochschule für Technik (BHT),,,https://www.bht-berlin.de/people/detail/1007,"RESEARCH GROUP/LAB: Laborleiter, Digitale Medien und Baumanagement (stated on https://www.bht-berlin.de/people/detail/1007) Denomination (Lehrgebiet) on the Fachbereich IV Personen list: Computergestützte Architekturdarstellung (https://www.bht-berlin.de/97). Lab page(s): https://www.bht-berlin.de/labor/detail/dmub."
Jörg Hornig-Klamroth,Prof. Dr. Jörg Hornig-Klamroth,"Studiendekan; Fachbereich VIII – Maschinenbau, Veranstaltungstechnik, Verfahrenstechnik; Berliner Hochschule für Technik (BHT)",,https://prof.bht-berlin.de/hornig/,https://www.bht-berlin.de/people/detail/1108,"RESEARCH GROUP/LAB: Laborleiter, Kunststoffverarbeitung und -prüfung (stated on https://www.bht-berlin.de/people/detail/1108) Other stated functions: Professor (Maschinenelemente, Technische Mechanik), Fachbereich VIII – Maschinenbau, Veranstaltungstechnik, Verfahrenstechnik | Stellvertretender Vorsitzender, Zentraler Wahlvorstand | Vertreter der Professoren und Professorinnen, Zentraler Wahlvorstand. Denomination (Lehrgebiet) on the Fachbereich VIII Personen list: Maschinenelemente, Technische Mechanik (https://www.bht-berlin.de/101). Lab page(s): https://www.bht-berlin.de/labor/detail/ksv."
Florian Hruby,Prof. Dr. Florian Hruby,Professor (Geodatenvisualisierung); Fachbereich III – Bauingenieur- und Geoinformationswesen; Berliner Hochschule für Technik (BHT),,https://prof.bht-berlin.de/hruby/,https://www.bht-berlin.de/people/detail/2174,"RESEARCH GROUP/LAB: Laborleiter, Geomedien (stated on https://www.bht-berlin.de/people/detail/2174) Other stated functions: Digitalisierungsbeauftragter, Fachbereich III – Bauingenieur- und Geoinformationswesen | Beauftragter für die Anerkennung von Studienleistungen, Geoinformation (Master) | Studienfachberater, Geoinformation (Master) | Beauftragter für die Praxisphase, Geoinformation (Bachelor) | Beauftragter für die Praxisphase, Geoinformation und Umwelt (Bachelor). Denomination (Lehrgebiet) on the Fachbereich III Personen list: Geodatenvisualisierung (https://www.bht-berlin.de/87). Lab page(s): https://www.bht-berlin.de/labor/detail/gem."
Berthold Hub,Dr. habil. Berthold Hub,Gastprofessor (Baugeschichte / Architekturtheorie); Fachbereich IV – Architektur und Gebäudetechnik; Berliner Hochschule für Technik (BHT),,,https://www.bht-berlin.de/people/detail/2062,"No research group, lab or Forschungsschwerpunkt leadership stated on https://www.bht-berlin.de/people/detail/2062 (page lists only the professorship and any teaching/committee functions). Denomination (Lehrgebiet) on the Fachbereich IV Personen list: Baugeschichte / Architekturtheorie (https://www.bht-berlin.de/97). TITLE NOTE: listed in the Fachbereich ""Professuren"" table but the personal page heading carries no ""Prof."" title; recorded verbatim."
Alexander Huber,Prof. Dr.-Ing. Alexander Huber,Professor (Allgemeine Betriebswirtschaftslehre (online)); Fachbereich I – Wirtschafts- und Gesellschaftswissenschaften; Berliner Hochschule für Technik (BHT),,http://prof.bht-berlin.de/huber/,https://www.bht-berlin.de/people/detail/416,"No research group, lab or Forschungsschwerpunkt leadership stated on https://www.bht-berlin.de/people/detail/416 (page lists only the professorship and any teaching/committee functions). Other stated functions: Studienfachberater, Wirtschaftsingenieurwesen Online (Bachelor) | Studienfachberater, Betriebswirtschaftslehre Online (Bachelor). Denomination (Lehrgebiet) on the Fachbereich I Personen list: Allgemeine Betriebswirtschaftslehre (online (https://www.bht-berlin.de/30)."
Edzard Höfig,Prof. Dr.-Ing. Edzard Höfig,Professor (Steuerung technischer Systeme); Fachbereich VI – Informatik und Medien; Berliner Hochschule für Technik (BHT),,http://prof.bht-berlin.de/hoefig,https://www.bht-berlin.de/people/detail/1494,"No research group, lab or Forschungsschwerpunkt leadership stated on https://www.bht-berlin.de/people/detail/1494 (page lists only the professorship and any teaching/committee functions). Other stated functions: Vertreter der Professoren und Professorinnen, Prüfungsausschuss Technische Informatik. Denomination (Lehrgebiet) on the Fachbereich VI Personen list: Steuerung technischer Systeme (https://www.bht-berlin.de/99)."
Katharina Höhne,Prof. Dr. Katharina Höhne,Professorin (Industrielle Mathematik); Fachbereich II – Mathematik – Physik – Chemie; Berliner Hochschule für Technik (BHT),,https://prof.bht-berlin.de/hoehne/,https://www.bht-berlin.de/people/detail/2173,"No research group, lab or Forschungsschwerpunkt leadership stated on https://www.bht-berlin.de/people/detail/2173 (page lists only the professorship and any teaching/committee functions). Denomination (Lehrgebiet) on the Fachbereich II Personen list: Industrielle Mathematik (https://www.bht-berlin.de/86)."
Hannes Höppner,Prof. Dr.-Ing. Hannes Höppner,Professor; Fachbereich VII – Elektrotechnik – Mechatronik – Optometrie; Berliner Hochschule für Technik (BHT),,https://www.hanneshoeppner.com/,https://www.bht-berlin.de/people/detail/2024,"RESEARCH GROUP/LAB: Laborleiter, Humanoide Robotik (stated on https://www.bht-berlin.de/people/detail/2024) Other stated functions: Vertreter der Professoren und Professorinnen, Fachbereichsrat VII. Lab page(s): https://www.bht-berlin.de/labor/detail/hrob."
Alex Hückler,Prof. Dr.-Ing. Alex Hückler,"Professor (Massivbau, Spannbetonbau, Brückenbau); Fachbereich III – Bauingenieur- und Geoinformationswesen; Berliner Hochschule für Technik (BHT)",,,https://www.bht-berlin.de/people/detail/2614,"No research group, lab or Forschungsschwerpunkt leadership stated on https://www.bht-berlin.de/people/detail/2614 (page lists only the professorship and any teaching/committee functions). Denomination (Lehrgebiet) on the Fachbereich III Personen list: Massivbau, Spannbetonbau, Brückenbau (https://www.bht-berlin.de/87)."
Stephan Hühn-Lindenbein,Prof. Dr. Stephan Hühn-Lindenbein,Professor (Lebensmitteltechnologie); Fachbereich V – Life Sciences and Technology; Berliner Hochschule für Technik (BHT),,https://prof.bht-berlin.de/huehn-lindenbein,https://www.bht-berlin.de/people/detail/1725,"No research group, lab or Forschungsschwerpunkt leadership stated on https://www.bht-berlin.de/people/detail/1725 (page lists only the professorship and any teaching/committee functions). Denomination (Lehrgebiet) on the Fachbereich V Personen list: Lebensmitteltechnologie (https://www.bht-berlin.de/98)."
Tom Hühns,Prof. Dr.-Ing. Tom Hühns,"Professor (Produktion); Fachbereich VIII – Maschinenbau, Veranstaltungstechnik, Verfahrenstechnik; Berliner Hochschule für Technik (BHT)",,,https://www.bht-berlin.de/people/detail/1433,"RESEARCH GROUP/LAB: Laborleiter, Digitale Produktentwicklung (stated on https://www.bht-berlin.de/people/detail/1433) Other stated functions: Vertreter der Professoren und Professorinnen, Fachbereichsrat VIII. Denomination (Lehrgebiet) on the Fachbereich VIII Personen list: Produktion (https://www.bht-berlin.de/101). Lab page(s): https://www.bht-berlin.de/labor/detail/dpe."
Selcan Ipek-Ugay,Prof. Dr. Selcan Ipek-Ugay,Professorin (Computer Science / Data Science); Fachbereich VI – Informatik und Medien; Berliner Hochschule für Technik (BHT),,https://prof.bht-berlin.de/ipek-ugay,https://www.bht-berlin.de/people/detail/2587,"No research group, lab or Forschungsschwerpunkt leadership stated on https://www.bht-berlin.de/people/detail/2587 (page lists only the professorship and any teaching/committee functions). Other stated functions: Stellv. nebenberufliche Frauenbeauftragte, Fachbereich VI – Informatik und Medien. Denomination (Lehrgebiet) on the Fachbereich VI Personen list: Computer Science / Data Science (https://www.bht-berlin.de/99)."
Wolfgang Jabs,Prof. Dr. Wolfgang Jabs,Professor (Analytische Biochemie); Fachbereich V – Life Sciences and Technology; Berliner Hochschule für Technik (BHT),,,https://www.bht-berlin.de/people/detail/1673,"No research group, lab or Forschungsschwerpunkt leadership stated on https://www.bht-berlin.de/people/detail/1673 (page lists only the professorship and any teaching/committee functions). Denomination (Lehrgebiet) on the Fachbereich V Personen list: Analytische Biochemie (https://www.bht-berlin.de/98)."
Ronny Jahnke,Prof. Dr.-Ing. Ronny Jahnke,Professor (Industrieelektronik und Automatisierungstechnik); Fachbereich VII – Elektrotechnik – Mechatronik – Optometrie; Berliner Hochschule für Technik (BHT),,https://prof.bht-berlin.de/jahnke/,https://www.bht-berlin.de/people/detail/1980,"No research group, lab or Forschungsschwerpunkt leadership stated on https://www.bht-berlin.de/people/detail/1980 (page lists only the professorship and any teaching/committee functions). Denomination (Lehrgebiet) on the Fachbereich VII Personen list: Industrieelektronik und Automatisierungstechnik (https://www.bht-berlin.de/100)."
André Jakob,Prof. Dr.-Ing. André Jakob,Professor (Digitale Signalverarbeitung); Fachbereich VII – Elektrotechnik – Mechatronik – Optometrie; Berliner Hochschule für Technik (BHT),,https://prof.bht-berlin.de/jakob/,https://www.bht-berlin.de/people/detail/1714,"RESEARCH GROUP/LAB: Stellv. Laborleiter, Digitaltechnik und digitale Signalverarbeitung (stated on https://www.bht-berlin.de/people/detail/1714) Denomination (Lehrgebiet) on the Fachbereich VII Personen list: Digitale Signalverarbeitung (https://www.bht-berlin.de/100). Lab page(s): https://www.bht-berlin.de/labor/detail/dsv."
Nicole Jekel,Prof. Dr. Nicole Jekel,Professorin (Betriebswirtschaftslehre / Controlling); Fachbereich I – Wirtschafts- und Gesellschaftswissenschaften; Berliner Hochschule für Technik (BHT),,,https://www.bht-berlin.de/people/detail/1400,"No research group, lab or Forschungsschwerpunkt leadership stated on https://www.bht-berlin.de/people/detail/1400 (page lists only the professorship and any teaching/committee functions). Other stated functions: Beauftragte für die Praxisphase, Wirtschaftsingenieurwesen/Bau (Bachelor). Denomination (Lehrgebiet) on the Fachbereich I Personen list: Betriebswirtschaftslehre / Controlling (https://www.bht-berlin.de/30)."
Zbigniew Jerzak,Prof. Dr. Zbigniew Jerzak,Professor; Fachbereich VI – Informatik und Medien; Berliner Hochschule für Technik (BHT),,https://prof.bht-berlin.de/jerzak,https://www.bht-berlin.de/people/detail/2588,"RESEARCH GROUP/LAB: Laborleiter, Rechner- und Informationssysteme (stated on https://www.bht-berlin.de/people/detail/2588) Other stated functions: Studienfachberater, Data Engineering (Bachelor) | Vertreter der Professoren und Professorinnen, Akademischer Senat | Vertreter der Professoren und Professorinnen, Akademische Versammlung. Lab page(s): https://www.bht-berlin.de/labor/detail/ris."
Patrick Jochum,Prof. Dr. Patrick Jochum,Professor (Energieeffizientes Bauen); Fachbereich IV – Architektur und Gebäudetechnik; Berliner Hochschule für Technik (BHT),,https://prof.bht-berlin.de/jochum/,https://www.bht-berlin.de/people/detail/1047,"No research group, lab or Forschungsschwerpunkt leadership stated on https://www.bht-berlin.de/people/detail/1047 (page lists only the professorship and any teaching/committee functions). Other stated functions: Vertreter der Professoren und Professorinnen, Fachbereichsrat IV. Denomination (Lehrgebiet) on the Fachbereich IV Personen list: Energieeffizientes Bauen (https://www.bht-berlin.de/97)."
Annette Juhr,Prof. Dr. Annette Juhr,"Professorin (Verfahrenstechnik); Fachbereich VIII – Maschinenbau, Veranstaltungstechnik, Verfahrenstechnik; Berliner Hochschule für Technik (BHT)",,https://prof.bht-berlin.de/juhr/,https://www.bht-berlin.de/people/detail/1641,"No research group, lab or Forschungsschwerpunkt leadership stated on https://www.bht-berlin.de/people/detail/1641 (page lists only the professorship and any teaching/committee functions). Other stated functions: Studienfachberaterin, Wirtschaftsingenieur/in – Energie und Umweltressourcen (Master). Denomination (Lehrgebiet) on the Fachbereich VIII Personen list: Verfahrenstechnik (https://www.bht-berlin.de/101)."
Stefan Junge,Prof. Dipl.-Ing. Stefan Junge,Professor (Verpackungstechnik); Fachbereich V – Life Sciences and Technology; Berliner Hochschule für Technik (BHT),,,https://www.bht-berlin.de/people/detail/1191,"RESEARCH GROUP/LAB: Laborleiter, Verpackungstechnik (stated on https://www.bht-berlin.de/people/detail/1191) Other stated functions: Beauftragter für die Anerkennung von Studienleistungen, Verpackungstechnik, Umwelt und Design (Bachelor) | Studienfachberater, Verpackungstechnik und Management (Master) | Beauftragter für die Praxisphase, Verpackungstechnik, Umwelt und Design (Bachelor). Denomination (Lehrgebiet) on the Fachbereich V Personen list: Verpackungstechnik (https://www.bht-berlin.de/98). Lab page(s): https://www.bht-berlin.de/labor/detail/vpt."
Susanne Junker,Prof. Dr.-Ing. Susanne Junker,Professorin (Gebäudeentwurf / Innenraumgestaltung / Visualisierung mittels virtueller Medien); Fachbereich IV – Architektur und Gebäudetechnik; Berliner Hochschule für Technik (BHT),,,https://www.bht-berlin.de/people/detail/432,"No research group, lab or Forschungsschwerpunkt leadership stated on https://www.bht-berlin.de/people/detail/432 (page lists only the professorship and any teaching/committee functions). Other stated functions: Vertreterin der Professoren und Professorinnen, Akademischer Senat | Vertreterin der Professoren und Professorinnen, Akademische Versammlung. Denomination (Lehrgebiet) on the Fachbereich IV Personen list: Gebäudeentwurf / Innenraumgestaltung / Visualisierung mittels virtueller Medien (https://www.bht-berlin.de/97)."
Marcus Kampf,Prof. Dr.-Ing. Marcus Kampf,"Professor (Maschinenelemente - Konstruktion); Fachbereich VIII – Maschinenbau, Veranstaltungstechnik, Verfahrenstechnik; Berliner Hochschule für Technik (BHT)",,https://prof.bht-berlin.de/kampf/,https://www.bht-berlin.de/people/detail/1189,"No research group, lab or Forschungsschwerpunkt leadership stated on https://www.bht-berlin.de/people/detail/1189 (page lists only the professorship and any teaching/committee functions). Other stated functions: BAföG-Beauftragter, Fachbereich VIII – Maschinenbau, Veranstaltungstechnik, Verfahrenstechnik | Studienfachberater, Maschinenbau (Bachelor). Denomination (Lehrgebiet) on the Fachbereich VIII Personen list: Maschinenelemente - Konstruktion (https://www.bht-berlin.de/101)."
Kay-Uwe Kasch,Prof. Dr. rer. nat. Kay-Uwe Kasch,Dekan; Fachbereich II – Mathematik – Physik – Chemie; Berliner Hochschule für Technik (BHT),,http://prof.bht-berlin.de/kasch/,https://www.bht-berlin.de/people/detail/443,"RESEARCH GROUP/LAB: Laborleiter, Medizinische Strahlungsphysik und Bildgebung (stated on https://www.bht-berlin.de/people/detail/443) Other stated functions: Professor (Medizinische Strahlungsphysik), Fachbereich II – Mathematik – Physik – Chemie | Studienfachberater, Brandschutz und Sicherheitstechnik (Bachelor) | Vertreter der Professoren und Professorinnen, Kuratorium | Vertreter der Professoren und Professorinnen, Fachbereichsrat II. Denomination (Lehrgebiet) on the Fachbereich II Personen list: Medizinische Strahlungsphysik (https://www.bht-berlin.de/86). Lab page(s): https://www.bht-berlin.de/labor/detail/msb."
Dietmar Keck,Prof. Dr.-Ing. Dietmar Keck,Professor (Geotechnik / Bodenmechanik); Fachbereich III – Bauingenieur- und Geoinformationswesen; Berliner Hochschule für Technik (BHT),,,https://www.bht-berlin.de/people/detail/1095,"RESEARCH GROUP/LAB: Laborleiter, Geotechnik (stated on https://www.bht-berlin.de/people/detail/1095) Denomination (Lehrgebiet) on the Fachbereich III Personen list: Geotechnik / Bodenmechanik (https://www.bht-berlin.de/87). Lab page(s): https://www.bht-berlin.de/labor/detail/geo."
Christian Kempgens,Prof. Dr. Christian Kempgens,Professor; Fachbereich VII – Elektrotechnik – Mechatronik – Optometrie; Berliner Hochschule für Technik (BHT),,https://prof.bht-berlin.de/kempgens/,https://www.bht-berlin.de/people/detail/1739,"RESEARCH GROUP/LAB: Laborleiter, Sehhilfen (stated on https://www.bht-berlin.de/people/detail/1739) Other stated functions: Auslandskoordinator, Fachbereich VII – Elektrotechnik – Mechatronik – Optometrie | Beauftragter für die praktische Vorbildung, Augenoptik/Optometrie (Bachelor) | Beauftragter für die Praxisphase, Augenoptik/Optometrie (Bachelor). Lab page(s): https://www.bht-berlin.de/labor/detail/seh."
Minka Kersten,Prof. Dipl.-Ing. Minka Kersten,Professor (Entwurf und Städtebau); Fachbereich IV – Architektur und Gebäudetechnik; Berliner Hochschule für Technik (BHT),,,https://www.bht-berlin.de/people/detail/1900,"No research group, lab or Forschungsschwerpunkt leadership stated on https://www.bht-berlin.de/people/detail/1900 (page lists only the professorship and any teaching/committee functions). Other stated functions: Auslandskoordinator, Fachbereich IV – Architektur und Gebäudetechnik Architektur (Outgoing, Anerkennung internationaler Studienleistungen). Denomination (Lehrgebiet) on the Fachbereich IV Personen list: Entwurf und Städtebau (https://www.bht-berlin.de/97)."
Wolfgang Kesseler,Prof. Dr.-Ing. Wolfgang Kesseler,Professor (Automatisierungstechnik); Fachbereich VI – Informatik und Medien; Berliner Hochschule für Technik (BHT),,https://prof.bht-berlin.de/kesseler/,https://www.bht-berlin.de/people/detail/1495,"RESEARCH GROUP/LAB: Stellv. Laborleiter, Automatisierungstechnik (stated on https://www.bht-berlin.de/people/detail/1495) Denomination (Lehrgebiet) on the Fachbereich VI Personen list: Automatisierungstechnik (https://www.bht-berlin.de/99). Lab page(s): https://www.bht-berlin.de/labor/detail/lat."
Marc Kirch,Prof. Dr. rer. nat. Marc Kirch,Professor (Technomathematik ); Fachbereich II – Mathematik – Physik – Chemie; Berliner Hochschule für Technik (BHT),,http://prof.bht-berlin.de/kirch,https://www.bht-berlin.de/people/detail/1640,"RESEARCH GROUP/LAB: Stellv. Laborleiter, Numerische Mathematik (stated on https://www.bht-berlin.de/people/detail/1640) Other stated functions: Vertreter der Professoren und Professorinnen, Akademischer Senat | Vertreter der Professoren und Professorinnen, Akademische Versammlung. Denomination (Lehrgebiet) on the Fachbereich II Personen list: Technomathematik (https://www.bht-berlin.de/86). Lab page(s): https://www.bht-berlin.de/labor/detail/num."
Roland Kirchberger,Prof. Dr.-Ing. Roland Kirchberger,Professor (Automatisierung energietechnischer Systeme); Fachbereich VII – Elektrotechnik – Mechatronik – Optometrie; Berliner Hochschule für Technik (BHT),,,https://www.bht-berlin.de/people/detail/1292,"No research group, lab or Forschungsschwerpunkt leadership stated on https://www.bht-berlin.de/people/detail/1292 (page lists only the professorship and any teaching/committee functions). Other stated functions: Vertreter der Professoren und Professorinnen, Akademischer Senat | Vertreter der Professoren und Professorinnen, Akademische Versammlung. Denomination (Lehrgebiet) on the Fachbereich VII Personen list: Automatisierung energietechnischer Systeme (https://www.bht-berlin.de/100)."
Sebastian Klaus,Prof. Sebastian Klaus,Professor (Verpackungstechnik); Fachbereich V – Life Sciences and Technology; Berliner Hochschule für Technik (BHT),,,https://www.bht-berlin.de/people/detail/1941,"No research group, lab or Forschungsschwerpunkt leadership stated on https://www.bht-berlin.de/people/detail/1941 (page lists only the professorship and any teaching/committee functions). Other stated functions: Studienfachberater, Verpackungstechnik, Umwelt und Design (Bachelor). Denomination (Lehrgebiet) on the Fachbereich V Personen list: Verpackungstechnik (https://www.bht-berlin.de/98)."
Tiago Borsoi Klein,Prof. Dr.-Ing. Tiago Borsoi Klein,"Professor (Fertigungstechnik); Fachbereich VIII – Maschinenbau, Veranstaltungstechnik, Verfahrenstechnik; Berliner Hochschule für Technik (BHT)",,,https://www.bht-berlin.de/people/detail/2177,"RESEARCH GROUP/LAB: Laborleiter, Gießereitechnik (stated on https://www.bht-berlin.de/people/detail/2177) Other stated functions: Beauftragter für die Anerkennung von Studienleistungen, Wirtschaftsingenieur/in Umwelt und Nachhaltigkeit (Bachelor) | Beauftragter für die Anerkennung von Studienleistungen, Wirtschaftsingenieur/in – Energie und Umweltressourcen (Master) | Beauftragter für die Anerkennung von Studienleistungen, Green Engineering – Verfahrenstechnik (Bachelor) | Beauftragter für die Anerkennung von Studienleistungen, Maschinenbau – Erneuerbare Energien (Master) | Beauftragter für die Anerkennung von Studienleistungen, Maschinenbau – Konstruktionstechnik (Master) | Beauftragter für die Anerkennung von Studienleistungen, Maschinenbau – Produktionssysteme (Master) | Beauftragter für die Anerkennung von Studienleistungen, Verfahrenstechnik (Master). Denomination (Lehrgebiet) on the Fachbereich VIII Personen list: Fertigungstechnik (https://www.bht-berlin.de/101). Lab page(s): https://www.bht-berlin.de/labor/detail/gst."
Sebastian von Klinski,Prof. Dr. rer. nat. Sebastian von Klinski,"Professor (Web-Development, DevOps, KI); Fachbereich VI – Informatik und Medien; Berliner Hochschule für Technik (BHT)",,,https://www.bht-berlin.de/people/detail/463,"No research group, lab or Forschungsschwerpunkt leadership stated on https://www.bht-berlin.de/people/detail/463 (page lists only the professorship and any teaching/committee functions). Denomination (Lehrgebiet) on the Fachbereich VI Personen list: Web-Development, DevOps, KI (https://www.bht-berlin.de/99)."
Matthias Kloas,Prof. Dr.-Ing. Matthias Kloas,Professor (Mess- und Regelungstechnik in der Gebäudetechnik / Gebäudeautomation); Fachbereich IV – Architektur und Gebäudetechnik; Berliner Hochschule für Technik (BHT),,,https://www.bht-berlin.de/people/detail/1394,"No research group, lab or Forschungsschwerpunkt leadership stated on https://www.bht-berlin.de/people/detail/1394 (page lists only the professorship and any teaching/committee functions). Other stated functions: Studienfachberater, Gebäude- und Energietechnik (Bachelor) | Studienfachberater, Gebäudetechnik und Energiemanagement (Master) | Beauftragter für die Praxisphase, Gebäude- und Energietechnik (Bachelor) | BAföG-Beauftragter, Gebäude- und Energietechnik (Bachelor). Denomination (Lehrgebiet) on the Fachbereich IV Personen list: Mess- und Regelungstechnik in der Gebäudetechnik / Gebäudeautomation (https://www.bht-berlin.de/97)."
Gregor Koch,Prof. Dr. Gregor Koch,Gastprofessor; Fachbereich II – Mathematik – Physik – Chemie; Berliner Hochschule für Technik (BHT),,,https://www.bht-berlin.de/people/detail/2763,"No research group, lab or Forschungsschwerpunkt leadership stated on https://www.bht-berlin.de/people/detail/2763 (page lists only the professorship and any teaching/committee functions)."
Paul Kohlenbach,Prof. Dr.-Ing. Paul Kohlenbach,"Professor (Maschinenbau, Erneuerbare Energien); Fachbereich VIII – Maschinenbau, Veranstaltungstechnik, Verfahrenstechnik; Berliner Hochschule für Technik (BHT)",,https://prof.bht-berlin.de/kohlenbach/,https://www.bht-berlin.de/people/detail/1190,"No research group, lab or Forschungsschwerpunkt leadership stated on https://www.bht-berlin.de/people/detail/1190 (page lists only the professorship and any teaching/committee functions). Other stated functions: Studienfachberater, Maschinenbau – Erneuerbare Energien (Master). Denomination (Lehrgebiet) on the Fachbereich VIII Personen list: Maschinenbau, Erneuerbare Energien (https://www.bht-berlin.de/101)."
Josef Kraus,Prof. Dr.-Ing. Dipl.-Wirt. Ing. Josef Kraus,Professor (Facility Management); Fachbereich IV – Architektur und Gebäudetechnik; Berliner Hochschule für Technik (BHT),,,https://www.bht-berlin.de/people/detail/1295,"No research group, lab or Forschungsschwerpunkt leadership stated on https://www.bht-berlin.de/people/detail/1295 (page lists only the professorship and any teaching/committee functions). Other stated functions: Studienfachberater, Facility Management (Bachelor) | Studienfachberater, Facility Management (Master) | Studienfachberater, Workplace und Facility Engineering (Bachelor) | Studienfachberater, Workspace Management und Real Estate Engineering (Master) | Beauftragter für die Praxisphase, Facility Management (Bachelor) | Beauftragter für die Praxisphase, Workplace und Facility Engineering (Bachelor). Denomination (Lehrgebiet) on the Fachbereich IV Personen list: Facility Management (https://www.bht-berlin.de/97)."
Kristin Krenek,Prof. Dr. Kristin Krenek,Professorin (Mathematik); Fachbereich II – Mathematik – Physik – Chemie; Berliner Hochschule für Technik (BHT),,https://prof.bht-berlin.de/krenek/,https://www.bht-berlin.de/people/detail/2178,"No research group, lab or Forschungsschwerpunkt leadership stated on https://www.bht-berlin.de/people/detail/2178 (page lists only the professorship and any teaching/committee functions). Other stated functions: Vertreterin der Professoren und Professorinnen, Akademische Versammlung | Vertreterin der Professoren und Professorinnen, Kommission für Lehre, Studium und Bibliothekswesen. Denomination (Lehrgebiet) on the Fachbereich II Personen list: Mathematik (https://www.bht-berlin.de/86)."
Jörn Kreutel,Prof. Dr. Jörn Kreutel,Professor (Software-Entwicklung); Fachbereich VI – Informatik und Medien; Berliner Hochschule für Technik (BHT),,,https://www.bht-berlin.de/people/detail/1416,"No research group, lab or Forschungsschwerpunkt leadership stated on https://www.bht-berlin.de/people/detail/1416 (page lists only the professorship and any teaching/committee functions). Other stated functions: Auslandskoordinator, Fachbereich VI – Informatik und Medien | Studienfachberater, Medieninformatik Online (Bachelor) | Studienfachberater, Medieninformatik Online (Master). Denomination (Lehrgebiet) on the Fachbereich VI Personen list: Software-Entwicklung (https://www.bht-berlin.de/99)."
Steffen Kreye,Prof. Dr.-Ing. Steffen Kreye,Professor (Industrielle Biotechnologie); Fachbereich V – Life Sciences and Technology; Berliner Hochschule für Technik (BHT),,https://prof.bht-berlin.de/kreye/,https://www.bht-berlin.de/people/detail/2145,"RESEARCH GROUP/LAB: Stellv. Laborleiter, Molekular- und Zellbiologie / Genetik (stated on https://www.bht-berlin.de/people/detail/2145) Other stated functions: Beauftragter für die Anerkennung von Studienleistungen, Biotechnologie (Bachelor) | Beauftragter für die Anerkennung von Studienleistungen, Biotechnologie (Master). Denomination (Lehrgebiet) on the Fachbereich V Personen list: Industrielle Biotechnologie (https://www.bht-berlin.de/98). Lab page(s): https://www.bht-berlin.de/labor/detail/mzg."
Oliver Krüger,Prof. Dr. Oliver Krüger,Professor (Physikalische Chemie); Fachbereich II – Mathematik – Physik – Chemie; Berliner Hochschule für Technik (BHT),,,https://www.bht-berlin.de/people/detail/2256,"RESEARCH GROUP/LAB: Laborleiter, Physikalische Chemie | Stellv. Laborleiter, Anorganische und Analytische Chemie und Service (stated on https://www.bht-berlin.de/people/detail/2256) Other stated functions: Beauftragter für die Praxisphase, Pharma- und Chemietechnik (Bachelor) | Vertreter der Professoren und Professorinnen, Fachbereichsrat II. Denomination (Lehrgebiet) on the Fachbereich II Personen list: Physikalische Chemie (https://www.bht-berlin.de/86). Lab page(s): https://www.bht-berlin.de/labor/detail/aoc https://www.bht-berlin.de/labor/detail/pch."
Kai Kummert,Prof. Dipl.-Kfm. Kai Kummert,Professor (Facility Management in der Immobilienwirtschaft); Fachbereich IV – Architektur und Gebäudetechnik; Berliner Hochschule für Technik (BHT),,http://prof.bht-berlin.de/kummert,https://www.bht-berlin.de/people/detail/866,"No research group, lab or Forschungsschwerpunkt leadership stated on https://www.bht-berlin.de/people/detail/866 (page lists only the professorship and any teaching/committee functions). Denomination (Lehrgebiet) on the Fachbereich IV Personen list: Facility Management in der Immobilienwirtschaft (https://www.bht-berlin.de/97)."
Silke Köhler,Prof. Dr.-Ing. Silke Köhler,"Professorin (Maschinenbau, Erneuerbare Energien); Fachbereich VIII – Maschinenbau, Veranstaltungstechnik, Verfahrenstechnik Ombudsperson zur Sicherung guter wissenschaftlicher Praxis und zum Umgang mit wissenschaftlichem Fehlverhalten; Berliner Hochschule für Technik (BHT)",,,https://www.bht-berlin.de/people/detail/1424,"No research group, lab or Forschungsschwerpunkt leadership stated on https://www.bht-berlin.de/people/detail/1424 (page lists only the professorship and any teaching/committee functions). Denomination (Lehrgebiet) on the Fachbereich VIII Personen list: Maschinenbau, Erneuerbare Energien (https://www.bht-berlin.de/101)."
Thomas Kölzer,Prof. Dr.-Ing. Thomas Kölzer,Professor (Baukonstruktion und CAE); Fachbereich III – Bauingenieur- und Geoinformationswesen; Berliner Hochschule für Technik (BHT),,,https://www.bht-berlin.de/people/detail/2507,"No research group, lab or Forschungsschwerpunkt leadership stated on https://www.bht-berlin.de/people/detail/2507 (page lists only the professorship and any teaching/committee functions). Other stated functions: Beauftragter für die Anerkennung von Studienleistungen, Umweltingenieurwesen – Bau (Bachelor) | Studienfachberater, Umweltingenieurwesen – Bau (Bachelor). Denomination (Lehrgebiet) on the Fachbereich III Personen list: Baukonstruktion und CAE (https://www.bht-berlin.de/87)."
Huu-Thoi Le,Prof. Dr.-Ing. Huu-Thoi Le,"Professor (Heizungs-, Energie- u. Umwelttechnik); Fachbereich IV – Architektur und Gebäudetechnik; Berliner Hochschule für Technik (BHT)",,https://prof.bht-berlin.de/le/,https://www.bht-berlin.de/people/detail/1306,"RESEARCH GROUP/LAB: Laborleiter, Heiztechnik (stated on https://www.bht-berlin.de/people/detail/1306) Other stated functions: Beauftragter für die Anerkennung von Studienleistungen, Gebäude- und Energietechnik (Bachelor) | Vertreter der Professoren und Professorinnen, Fachbereichsrat IV. Denomination (Lehrgebiet) on the Fachbereich IV Personen list: Heizungs-, Energie- u. Umwelttechnik (https://www.bht-berlin.de/97). Lab page(s): https://www.bht-berlin.de/labor/detail/hzt."
Jung-Hwa Lee,Prof. Ph.D. Jung-Hwa Lee,"Professor (Maschinenbau / Automatisierungstechnik); Fachbereich VIII – Maschinenbau, Veranstaltungstechnik, Verfahrenstechnik; Berliner Hochschule für Technik (BHT)",,,https://www.bht-berlin.de/people/detail/1251,"No research group, lab or Forschungsschwerpunkt leadership stated on https://www.bht-berlin.de/people/detail/1251 (page lists only the professorship and any teaching/committee functions). Other stated functions: Digitalisierungsbeauftragter, Fachbereich VIII – Maschinenbau, Veranstaltungstechnik, Verfahrenstechnik | Studienfachberater, Maschinenbau – Produktionssysteme (Master). Denomination (Lehrgebiet) on the Fachbereich VIII Personen list: Maschinenbau / Automatisierungstechnik (https://www.bht-berlin.de/101)."
Christoph Pels Leusden,Prof. Dr.-Ing. Christoph Pels Leusden,"Professor (Maschinenbau-Kraftwerkstechnik); Fachbereich VIII – Maschinenbau, Veranstaltungstechnik, Verfahrenstechnik; Berliner Hochschule für Technik (BHT)",,http://prof.bht-berlin.de/pels-leusden,https://www.bht-berlin.de/people/detail/1106,"RESEARCH GROUP/LAB: Laborleiter, Konventionelle und erneuerbare Energien (stated on https://www.bht-berlin.de/people/detail/1106) Denomination (Lehrgebiet) on the Fachbereich VIII Personen list: Maschinenbau-Kraftwerkstechnik (https://www.bht-berlin.de/101). Lab page(s): https://www.bht-berlin.de/labor/detail/kee."
Nicolas Lewkowicz,Prof. Dr. Nicolas Lewkowicz,Professor (Design mechatronischer und optischer Systeme); Fachbereich VII – Elektrotechnik – Mechatronik – Optometrie; Berliner Hochschule für Technik (BHT),,http://prof.bht-berlin.de/lewkowicz/,https://www.bht-berlin.de/people/detail/1045,"RESEARCH GROUP/LAB: Stellv. Laborleiter, Gerätetechnik, Optik und Sensorik (stated on https://www.bht-berlin.de/people/detail/1045) Denomination (Lehrgebiet) on the Fachbereich VII Personen list: Design mechatronischer und optischer Systeme (https://www.bht-berlin.de/100). Lab page(s): https://www.bht-berlin.de/labor/detail/gos."
Jan Liesegang,Prof. Jan Liesegang,Professor; Fachbereich IV – Architektur und Gebäudetechnik; Berliner Hochschule für Technik (BHT),,,https://www.bht-berlin.de/people/detail/2795,"No research group, lab or Forschungsschwerpunkt leadership stated on https://www.bht-berlin.de/people/detail/2795 (page lists only the professorship and any teaching/committee functions)."
Alexander Lindau,Prof. Dr. rer.nat. Alexander Lindau,"Dekan; Fachbereich VIII – Maschinenbau, Veranstaltungstechnik, Verfahrenstechnik; Berliner Hochschule für Technik (BHT)",,https://prof.bht-berlin.de/lindau/,https://www.bht-berlin.de/people/detail/2063,"RESEARCH GROUP/LAB: Laborleiter, Theater- und Veranstaltungstechnik (stated on https://www.bht-berlin.de/people/detail/2063) Other stated functions: Professor (Theater- und Veranstaltungstechnik), Fachbereich VIII – Maschinenbau, Veranstaltungstechnik, Verfahrenstechnik. Denomination (Lehrgebiet) on the Fachbereich VIII Personen list: Theater- und Veranstaltungstechnik (https://www.bht-berlin.de/101). Lab page(s): https://www.bht-berlin.de/labor/detail/ttv."
Thomas Loewel,Prof. Dr.-Ing. Thomas Loewel,Professor (Mikrocomputertechnik); Fachbereich VI – Informatik und Medien; Berliner Hochschule für Technik (BHT),,,https://www.bht-berlin.de/people/detail/2027,"RESEARCH GROUP/LAB: Stellv. Laborleiter, Digitaltechnik (stated on https://www.bht-berlin.de/people/detail/2027) Other stated functions: Studienfachberater, Technische Informatik – Embedded Systems (Bachelor) | Beauftragter für die Praxisphase, Technische Informatik – Embedded Systems (Bachelor) | Beauftragter für die Praxisphase, Medieninformatik (Bachelor). Denomination (Lehrgebiet) on the Fachbereich VI Personen list: Mikrocomputertechnik (https://www.bht-berlin.de/99). Lab page(s): https://www.bht-berlin.de/labor/detail/dig."
Franziska Loh,Prof. Dr. Franziska Loh,Professorin (Gestaltung von Print und Online-Medien); Fachbereich VI – Informatik und Medien; Berliner Hochschule für Technik (BHT),,,https://www.bht-berlin.de/people/detail/1730,"RESEARCH GROUP/LAB: Stellv. Laborleiterin, Drucktechnik und Weiterverarbeitung (stated on https://www.bht-berlin.de/people/detail/1730) Other stated functions: Studienfachberaterin, Druck- und Medientechnik (Master) | Studienfachberaterin, Transformation Design & Print (Master). Denomination (Lehrgebiet) on the Fachbereich VI Personen list: Gestaltung von Print und Online-Medien (https://www.bht-berlin.de/99). Lab page(s): https://www.bht-berlin.de/labor/detail/dtw."
Jochen Lohmiller,Prof. Dr.-Ing. Jochen Lohmiller,Professor (Verkehrswesen); Fachbereich III – Bauingenieur- und Geoinformationswesen; Berliner Hochschule für Technik (BHT),,https://prof.bht-berlin.de/lohmiller/,https://www.bht-berlin.de/people/detail/2377,"No research group, lab or Forschungsschwerpunkt leadership stated on https://www.bht-berlin.de/people/detail/2377 (page lists only the professorship and any teaching/committee functions). Other stated functions: Beauftragter für die Anerkennung von Studienleistungen, Urbane Infrastrukturplanung – Verkehr und Wasser (Master) | Studienfachberater, Urbane Infrastrukturplanung – Verkehr und Wasser (Master). Denomination (Lehrgebiet) on the Fachbereich III Personen list: Verkehrswesen (https://www.bht-berlin.de/87)."
Andreas Loth,Prof. Dr. Andreas Loth,Professor (Design und Realisierung mechatronischer Systeme); Fachbereich VII – Elektrotechnik – Mechatronik – Optometrie; Berliner Hochschule für Technik (BHT),,,https://www.bht-berlin.de/people/detail/2089,"RESEARCH GROUP/LAB: Stellv. Laborleiter, Konstruktions- und CAD-Technik (stated on https://www.bht-berlin.de/people/detail/2089) Other stated functions: Beauftragter für die praktische Vorbildung, Mechatronik (Bachelor). Denomination (Lehrgebiet) on the Fachbereich VII Personen list: Design und Realisierung mechatronischer Systeme (https://www.bht-berlin.de/100). Lab page(s): https://www.bht-berlin.de/labor/detail/kocad."
Yury Luchko,Prof. Dr. Yury Luchko,Professor (Mathematik); Fachbereich II – Mathematik – Physik – Chemie; Berliner Hochschule für Technik (BHT),,http://public.bht-berlin.de/~luchko/,https://www.bht-berlin.de/people/detail/530,"No research group, lab or Forschungsschwerpunkt leadership stated on https://www.bht-berlin.de/people/detail/530 (page lists only the professorship and any teaching/committee functions). Denomination (Lehrgebiet) on the Fachbereich II Personen list: Mathematik (https://www.bht-berlin.de/86)."
Alexander Löser,Prof. Dr.-Ing. habil. Alexander Löser,Professor (Data Science); Fachbereich VI – Informatik und Medien; Berliner Hochschule für Technik (BHT),,https://prof.bht-berlin.de/loeser/,https://www.bht-berlin.de/people/detail/1520,"No research group, lab or Forschungsschwerpunkt leadership stated on https://www.bht-berlin.de/people/detail/1520 (page lists only the professorship and any teaching/committee functions). Denomination (Lehrgebiet) on the Fachbereich VI Personen list: Data Science (https://www.bht-berlin.de/99)."
Martin von Löwis,Prof. Dr. rer. nat. Martin von Löwis,Studiendekan; Fachbereich VI – Informatik und Medien; Berliner Hochschule für Technik (BHT),,,https://www.bht-berlin.de/people/detail/1398,"RESEARCH GROUP/LAB: Laborleiter, Informatik-Service | Stellv. Laborleiter, Pervasive Systems Engineering (stated on https://www.bht-berlin.de/people/detail/1398) Other stated functions: Prodekan, Fachbereich VI – Informatik und Medien | Professor (Software-Entwicklung), Fachbereich VI – Informatik und Medien | Vertreter der Professoren und Professorinnen, Fachbereichsrat VI. Denomination (Lehrgebiet) on the Fachbereich VI Personen list: Software-Entwicklung (https://www.bht-berlin.de/99). Lab page(s): https://www.bht-berlin.de/labor/detail/lis https://www.bht-berlin.de/labor/detail/pse."
Carsten Lübke,Prof. Dr. rer. nat. Carsten Lübke,Professor (Biochemie und Zellkulturtechnik); Fachbereich V – Life Sciences and Technology; Berliner Hochschule für Technik (BHT),,,https://www.bht-berlin.de/people/detail/1202,"No research group, lab or Forschungsschwerpunkt leadership stated on https://www.bht-berlin.de/people/detail/1202 (page lists only the professorship and any teaching/committee functions). Denomination (Lehrgebiet) on the Fachbereich V Personen list: Biochemie und Zellkulturtechnik (https://www.bht-berlin.de/98)."
Jens Lüdeke,Prof. Dr. Jens Lüdeke,Professor (Urbaner Raum und Landschaft); Fachbereich V – Life Sciences and Technology; Berliner Hochschule für Technik (BHT),,,https://www.bht-berlin.de/people/detail/1981,"No research group, lab or Forschungsschwerpunkt leadership stated on https://www.bht-berlin.de/people/detail/1981 (page lists only the professorship and any teaching/committee functions). Other stated functions: Studienfachberater, Landschaftsarchitektur (Bachelor) | Beauftragter für die Praxisphase, Landschaftsarchitektur (Bachelor) | Vertreter der Professoren und Professorinnen, Fachbereichsrat V. Denomination (Lehrgebiet) on the Fachbereich V Personen list: Urbaner Raum und Landschaft (https://www.bht-berlin.de/98)."
Dragan Macos,Prof. Dr. Dragan Macos,Professor (Software-Engineering); Fachbereich VI – Informatik und Medien; Berliner Hochschule für Technik (BHT),,https://prof.bht-berlin.de/macos/,https://www.bht-berlin.de/people/detail/532,"RESEARCH GROUP/LAB: Laborleiter, Pervasive Systems Engineering | Stellv. Laborleiter, Informatik-Service (stated on https://www.bht-berlin.de/people/detail/532) Denomination (Lehrgebiet) on the Fachbereich VI Personen list: Software-Engineering (https://www.bht-berlin.de/99). Lab page(s): https://www.bht-berlin.de/labor/detail/lis https://www.bht-berlin.de/labor/detail/pse."
Christian Maerker,Prof. Dr.-Ing. Christian Maerker,Professor (Wasserbau und Wasserwirtschaft); Fachbereich III – Bauingenieur- und Geoinformationswesen; Berliner Hochschule für Technik (BHT),,,https://www.bht-berlin.de/people/detail/2764,"No research group, lab or Forschungsschwerpunkt leadership stated on https://www.bht-berlin.de/people/detail/2764 (page lists only the professorship and any teaching/committee functions). Denomination (Lehrgebiet) on the Fachbereich III Personen list: Wasserbau und Wasserwirtschaft (https://www.bht-berlin.de/87)."
Koshan Mahdi,Prof. Dipl.-Ing. Koshan Mahdi,Professor (Elektronische Systeme in der Elektromobilität); Fachbereich VII – Elektrotechnik – Mechatronik – Optometrie; Berliner Hochschule für Technik (BHT),,,https://www.bht-berlin.de/people/detail/2126,"No research group, lab or Forschungsschwerpunkt leadership stated on https://www.bht-berlin.de/people/detail/2126 (page lists only the professorship and any teaching/committee functions). Other stated functions: Beauftragter für die Praxisphase, Elektromobilität (Bachelor) | Vertreter der Professoren und Professorinnen, Akademischer Senat | Vertreter der Professoren und Professorinnen, Akademische Versammlung. Denomination (Lehrgebiet) on the Fachbereich VII Personen list: Elektronische Systeme in der Elektromobilität (https://www.bht-berlin.de/100)."
Christian Meltendorf,Prof. Dr. med. habil. Christian Meltendorf,"Professor (Ophthalmologie, Physiologische Optik und Optometrie); Fachbereich VII – Elektrotechnik – Mechatronik – Optometrie; Berliner Hochschule für Technik (BHT)",,https://prof.bht-berlin.de/meltendorf/,https://www.bht-berlin.de/people/detail/1746,"RESEARCH GROUP/LAB: Stellv. Laborleiter, Optometrie (stated on https://www.bht-berlin.de/people/detail/1746) Other stated functions: Studienfachberater, Augenoptik/Optometrie (Master). Denomination (Lehrgebiet) on the Fachbereich VII Personen list: Ophthalmologie, Physiologische Optik und Optometrie (https://www.bht-berlin.de/100). Lab page(s): https://www.bht-berlin.de/labor/detail/optm."
Tobias Merkel,Prof. Dr.-Ing. Tobias Merkel,"Professor (Elektronik, System- und Regelungstechnik); Fachbereich VII – Elektrotechnik – Mechatronik – Optometrie; Berliner Hochschule für Technik (BHT)",,https://prof.bht-berlin.de/merkel/,https://www.bht-berlin.de/people/detail/552,"RESEARCH GROUP/LAB: Stellv. Laborleiter, Elektronik und Hochfrequenztechnik (stated on https://www.bht-berlin.de/people/detail/552) Other stated functions: Studienfachberater, Elektrotechnik (Bachelor) | Beauftragter für die Praxisphase, Elektrotechnik (Bachelor). Denomination (Lehrgebiet) on the Fachbereich VII Personen list: Elektronik, System- und Regelungstechnik (https://www.bht-berlin.de/100). Lab page(s): https://www.bht-berlin.de/labor/detail/elhf."
Tim Mielke,Prof. Dr.-Ing. Tim Mielke,"Professor (Produktionssysteme und Fabrikplanung); Fachbereich VIII – Maschinenbau, Veranstaltungstechnik, Verfahrenstechnik; Berliner Hochschule für Technik (BHT)",,,https://www.bht-berlin.de/people/detail/2065,"RESEARCH GROUP/LAB: Laborleiter, CAE und Simulation - CAVE (stated on https://www.bht-berlin.de/people/detail/2065) Other stated functions: Auslandskoordinator, Fachbereich VIII – Maschinenbau, Veranstaltungstechnik, Verfahrenstechnik. Denomination (Lehrgebiet) on the Fachbereich VIII Personen list: Produktionssysteme und Fabrikplanung (https://www.bht-berlin.de/101). Lab page(s): https://www.bht-berlin.de/labor/detail/cae."
Natalie Milahin,Prof. Dr.-Ing. Natalie Milahin,Professorin (Fertigungsverfahren und Qualitätsmanagement in der Mechatronik); Fachbereich VII – Elektrotechnik – Mechatronik – Optometrie; Berliner Hochschule für Technik (BHT),,,https://www.bht-berlin.de/people/detail/2379,"RESEARCH GROUP/LAB: Stellv. Laborleiterin, Fertigungsverfahren der Mechatronik (stated on https://www.bht-berlin.de/people/detail/2379) Other stated functions: Nebenberufliche Frauen- und Gleichstellungsbeauftragte, Fachbereich VII – Elektrotechnik – Mechatronik – Optometrie. Denomination (Lehrgebiet) on the Fachbereich VII Personen list: Fertigungsverfahren und Qualitätsmanagement in der Mechatronik (https://www.bht-berlin.de/100). Lab page(s): https://www.bht-berlin.de/labor/detail/fvm."
Hansjörg Mixdorff,Prof. Dr. Hansjörg Mixdorff,Professor (Digitale AV-Technik und Sprachverarbeitung); Fachbereich VI – Informatik und Medien; Berliner Hochschule für Technik (BHT),,http://public.bht-berlin.de/~hmixdorff/,https://www.bht-berlin.de/people/detail/562,"No research group, lab or Forschungsschwerpunkt leadership stated on https://www.bht-berlin.de/people/detail/562 (page lists only the professorship and any teaching/committee functions). Other stated functions: Beauftragter für die Praxisphase, Medieninformatik (Bachelor) | Beauftragter für die Praxisphase, Technische Informatik – Embedded Systems (Bachelor). Denomination (Lehrgebiet) on the Fachbereich VI Personen list: Digitale AV-Technik und Sprachverarbeitung (https://www.bht-berlin.de/99)."
Andreas Modler,Prof. Dr. rer. nat. Andreas Modler,Professor; Fachbereich II – Mathematik – Physik – Chemie; Berliner Hochschule für Technik (BHT),,https://prof.bht-berlin.de/modler/,https://www.bht-berlin.de/people/detail/1747,"No research group, lab or Forschungsschwerpunkt leadership stated on https://www.bht-berlin.de/people/detail/1747 (page lists only the professorship and any teaching/committee functions)."
Marco Munstermann,Prof. Dr. Marco Munstermann,Professor; Fachbereich VI – Informatik und Medien; Berliner Hochschule für Technik (BHT),,https://prof.bht-berlin.de/munstermann/,https://www.bht-berlin.de/people/detail/2025,"No research group, lab or Forschungsschwerpunkt leadership stated on https://www.bht-berlin.de/people/detail/2025 (page lists only the professorship and any teaching/committee functions)."
Jens Mäder,Prof. Dr. rer. nat. Jens Mäder,Professor (Lebensmitteltechnologie); Fachbereich V – Life Sciences and Technology; Berliner Hochschule für Technik (BHT),,,https://www.bht-berlin.de/people/detail/2301,"No research group, lab or Forschungsschwerpunkt leadership stated on https://www.bht-berlin.de/people/detail/2301 (page lists only the professorship and any teaching/committee functions). Denomination (Lehrgebiet) on the Fachbereich V Personen list: Lebensmitteltechnologie (https://www.bht-berlin.de/98)."
Matthias Möller,Prof. Dr. rer. nat. habil. Matthias Möller,"Professor (Kartographie, GIS, Fernerkundung); Fachbereich III – Bauingenieur- und Geoinformationswesen; Berliner Hochschule für Technik (BHT)",,http://prof.bht-berlin.de/moeller,https://www.bht-berlin.de/people/detail/1192,"No research group, lab or Forschungsschwerpunkt leadership stated on https://www.bht-berlin.de/people/detail/1192 (page lists only the professorship and any teaching/committee functions). Denomination (Lehrgebiet) on the Fachbereich III Personen list: Kartographie, GIS, Fernerkundung (https://www.bht-berlin.de/87)."
Marlene Müller,Prof. Dr. Marlene Müller,Professorin (Angewandte Statistik); Fachbereich II – Mathematik – Physik – Chemie; Berliner Hochschule für Technik (BHT),,http://prof.bht-berlin.de/mmueller/,https://www.bht-berlin.de/people/detail/1133,"No research group, lab or Forschungsschwerpunkt leadership stated on https://www.bht-berlin.de/people/detail/1133 (page lists only the professorship and any teaching/committee functions). Other stated functions: Beauftragte für die Praxisphase, Mathematik (Bachelor) | Beauftragte für die Praxisphase, Angewandte Mathematik (Bachelor). Denomination (Lehrgebiet) on the Fachbereich II Personen list: Angewandte Statistik (https://www.bht-berlin.de/86)."
Carola Müller,Prof. Dr. Carola Müller,Professorin (Lebensmittelchemie); Fachbereich V – Life Sciences and Technology; Berliner Hochschule für Technik (BHT),,https://prof.bht-berlin.de/cmueller/,https://www.bht-berlin.de/people/detail/1155,"No research group, lab or Forschungsschwerpunkt leadership stated on https://www.bht-berlin.de/people/detail/1155 (page lists only the professorship and any teaching/committee functions). Denomination (Lehrgebiet) on the Fachbereich V Personen list: Lebensmittelchemie (https://www.bht-berlin.de/98)."
Michael Müller,Prof. Dr. rer. pol. Michael Müller,Professor (Unternehmensführung); Fachbereich I – Wirtschafts- und Gesellschaftswissenschaften; Berliner Hochschule für Technik (BHT),,,https://www.bht-berlin.de/people/detail/2429,"No research group, lab or Forschungsschwerpunkt leadership stated on https://www.bht-berlin.de/people/detail/2429 (page lists only the professorship and any teaching/committee functions). Other stated functions: Studienfachberater, Wirtschaftsingenieurwesen/Bau (Bachelor) | Studienfachberater, Wirtschaftsingenieurwesen/Bautechnik und -management (Master) | Vertreter der Professoren und Professorinnen, Fachbereichsrat I. Denomination (Lehrgebiet) on the Fachbereich I Personen list: Unternehmensführung (https://www.bht-berlin.de/30)."
Frank Neumann,Prof. Dr.-Ing. Frank Neumann,Professor (Massivbau / Statik); Fachbereich III – Bauingenieur- und Geoinformationswesen; Berliner Hochschule für Technik (BHT),,https://prof.bht-berlin.de/neumann/,https://www.bht-berlin.de/people/detail/1903,"No research group, lab or Forschungsschwerpunkt leadership stated on https://www.bht-berlin.de/people/detail/1903 (page lists only the professorship and any teaching/committee functions). Other stated functions: Beauftragter für die Anerkennung von Studienleistungen, Konstruktiver Hoch- und Ingenieurbau (Master) | Studienfachberater, Konstruktiver Hoch- und Ingenieurbau (Master) | BAföG-Beauftragter, Bauingenieurwesen (Bachelor) | BAföG-Beauftragter, Umweltingenieurwesen – Bau (Bachelor). Denomination (Lehrgebiet) on the Fachbereich III Personen list: Massivbau / Statik (https://www.bht-berlin.de/87)."
Bri Newesely,Prof. Dr.-Ing. Bri Newesely,"Professorin (Szenographie und Theaterbau); Fachbereich VIII – Maschinenbau, Veranstaltungstechnik, Verfahrenstechnik; Berliner Hochschule für Technik (BHT)",,,https://www.bht-berlin.de/people/detail/581,"No research group, lab or Forschungsschwerpunkt leadership stated on https://www.bht-berlin.de/people/detail/581 (page lists only the professorship and any teaching/committee functions). Other stated functions: Beauftragte für die Praxisphase, Theater- und Veranstaltungstechnik und -management (Bachelor). Denomination (Lehrgebiet) on the Fachbereich VIII Personen list: Szenographie und Theaterbau (https://www.bht-berlin.de/101)."
Michael Niedermayer,Prof. Dr.-Ing. Dr. rer. oec. Michael Niedermayer,Professor (Elektrotechnik und Messtechnik); Fachbereich VII – Elektrotechnik – Mechatronik – Optometrie; Berliner Hochschule für Technik (BHT),,http://prof.bht-berlin.de/niedermayer/,https://www.bht-berlin.de/people/detail/1680,"RESEARCH GROUP/LAB: Stellv. Laborleiter, Elektromobilität und Smart Systems (stated on https://www.bht-berlin.de/people/detail/1680) Denomination (Lehrgebiet) on the Fachbereich VII Personen list: Elektrotechnik und Messtechnik (https://www.bht-berlin.de/100). Lab page(s): https://www.bht-berlin.de/labor/detail/ems."
Martin Oellrich,Prof. Dr. Martin Oellrich,Professor (Mathematik); Fachbereich II – Mathematik – Physik – Chemie; Berliner Hochschule für Technik (BHT),,http://prof.bht-berlin.de/oellrich,https://www.bht-berlin.de/people/detail/1000,"No research group, lab or Forschungsschwerpunkt leadership stated on https://www.bht-berlin.de/people/detail/1000 (page lists only the professorship and any teaching/committee functions). Denomination (Lehrgebiet) on the Fachbereich II Personen list: Mathematik (https://www.bht-berlin.de/86)."
Thomas Off,Prof. Dr. Thomas Off,Professor (Angewandte Informatik); Fachbereich VI – Informatik und Medien; Berliner Hochschule für Technik (BHT),,http://prof.bht-berlin.de/off,https://www.bht-berlin.de/people/detail/1359,"No research group, lab or Forschungsschwerpunkt leadership stated on https://www.bht-berlin.de/people/detail/1359 (page lists only the professorship and any teaching/committee functions). Other stated functions: Digitalisierungsbeauftragter, Fachbereich VI – Informatik und Medien. Denomination (Lehrgebiet) on the Fachbereich VI Personen list: Angewandte Informatik (https://www.bht-berlin.de/99)."
Yasmin Olteanu,Prof. Dr. Yasmin Olteanu,Professorin (Betriebswirtschaftslehre / Entrepreneurship); Fachbereich I – Wirtschafts- und Gesellschaftswissenschaften; Berliner Hochschule für Technik (BHT),,https://prof.bht-berlin.de/olteanu/,https://www.bht-berlin.de/people/detail/2175,"No research group, lab or Forschungsschwerpunkt leadership stated on https://www.bht-berlin.de/people/detail/2175 (page lists only the professorship and any teaching/committee functions). Other stated functions: Studienfachberaterin, Betriebswirtschaftslehre – Digitale Wirtschaft (Bachelor) | Vertreterin der Professoren und Professorinnen, Fachbereichsrat I | Vertreterin der Professoren und Professorinnen, Kommission für Forschung und Förderung des wissenschaftlichen Nachwuchses. Denomination (Lehrgebiet) on the Fachbereich I Personen list: Betriebswirtschaftslehre / Entrepreneurship (https://www.bht-berlin.de/30)."
Karl Michael Ortmann,Prof. Dr. Karl Michael Ortmann,Professor (Mathematik); Fachbereich II – Mathematik – Physik – Chemie; Berliner Hochschule für Technik (BHT),,http://prof.bht-berlin.de/ortmann/,https://www.bht-berlin.de/people/detail/588,"No research group, lab or Forschungsschwerpunkt leadership stated on https://www.bht-berlin.de/people/detail/588 (page lists only the professorship and any teaching/committee functions). Denomination (Lehrgebiet) on the Fachbereich II Personen list: Mathematik (https://www.bht-berlin.de/86)."
Claudia Pacholski,Prof. Dr. Claudia Pacholski,Professorin (Anorganische und Analytische Chemie); Fachbereich II – Mathematik – Physik – Chemie; Berliner Hochschule für Technik (BHT),,https://prof.bht-berlin.de/pacholski/,https://www.bht-berlin.de/people/detail/2428,"RESEARCH GROUP/LAB: Laborleiterin, Anorganische und Analytische Chemie und Service (stated on https://www.bht-berlin.de/people/detail/2428) Denomination (Lehrgebiet) on the Fachbereich II Personen list: Anorganische und Analytische Chemie (https://www.bht-berlin.de/86). Lab page(s): https://www.bht-berlin.de/labor/detail/aoc."
Jana Panašková,Prof. Dr.-Ing. Jana Panašková,"Professorin (Gebäudetechnik, Gebäudemanagement, Energiemanagement); Fachbereich IV – Architektur und Gebäudetechnik; Berliner Hochschule für Technik (BHT)",,,https://www.bht-berlin.de/people/detail/2656,"No research group, lab or Forschungsschwerpunkt leadership stated on https://www.bht-berlin.de/people/detail/2656 (page lists only the professorship and any teaching/committee functions). Denomination (Lehrgebiet) on the Fachbereich IV Personen list: Gebäudetechnik, Gebäudemanagement, Energiemanagement (https://www.bht-berlin.de/97)."
Anja R. Paschedag,Prof. Dr. habil. Anja R. Paschedag,"Professorin (Reaktionstechnik); Fachbereich VIII – Maschinenbau, Veranstaltungstechnik, Verfahrenstechnik; Berliner Hochschule für Technik (BHT)",,https://prof.bht-berlin.de/paschedag/,https://www.bht-berlin.de/people/detail/858,"No research group, lab or Forschungsschwerpunkt leadership stated on https://www.bht-berlin.de/people/detail/858 (page lists only the professorship and any teaching/committee functions). Other stated functions: Studienfachberaterin, Verfahrens- und Umwelttechnik (Bachelor) | Studienfachberaterin, Verfahrenstechnik (Master) | Studienfachberaterin, Green Engineering – Verfahrenstechnik (Bachelor). Denomination (Lehrgebiet) on the Fachbereich VIII Personen list: Reaktionstechnik (https://www.bht-berlin.de/101)."
Annette Pattloch,Prof. Dr. phil. Annette Pattloch,Professorin (Betriebswirtschaftslehre / Marketing); Fachbereich I – Wirtschafts- und Gesellschaftswissenschaften; Berliner Hochschule für Technik (BHT),,https://prof.bht-berlin.de/pattloch/,https://www.bht-berlin.de/people/detail/593,"No research group, lab or Forschungsschwerpunkt leadership stated on https://www.bht-berlin.de/people/detail/593 (page lists only the professorship and any teaching/committee functions). Other stated functions: Beauftragte für die Praxisphase, Betriebswirtschaftslehre – Digitale Wirtschaft (Bachelor) | Vertreterin der Professoren und Professorinnen, Fachbereichsrat I | Vertreterin der Professoren und Professorinnen, Akademische Versammlung. Denomination (Lehrgebiet) on the Fachbereich I Personen list: Betriebswirtschaftslehre / Marketing (https://www.bht-berlin.de/30)."
Jörg Patzak,Prof. Dr.-Ing. Jörg Patzak,Professor (Verkehrswegebau ); Fachbereich III – Bauingenieur- und Geoinformationswesen; Berliner Hochschule für Technik (BHT),,https://prof.bht-berlin.de/patzak/,https://www.bht-berlin.de/people/detail/2066,"RESEARCH GROUP/LAB: Laborleiter, Prüfstelle für Asphalte (stated on https://www.bht-berlin.de/people/detail/2066) Other stated functions: Beauftragter für die Anerkennung von Studienleistungen, Bauingenieurwesen (Bachelor). Denomination (Lehrgebiet) on the Fachbereich III Personen list: Verkehrswegebau (https://www.bht-berlin.de/87). Lab page(s): https://www.bht-berlin.de/labor/detail/asp."
Daniel Pepper,Prof. Dr.-Ing. Daniel Pepper,"Professor (Hochspannungstechnik, Schaltgerätetechnik, Elektromagnetische Verträglichkeit); Fachbereich VII – Elektrotechnik – Mechatronik – Optometrie; Berliner Hochschule für Technik (BHT)",,http://prof.bht-berlin.de/pepper/,https://www.bht-berlin.de/people/detail/931,"RESEARCH GROUP/LAB: Stellv. Laborleiter, Elektrotechnik (stated on https://www.bht-berlin.de/people/detail/931) Other stated functions: Beauftragter für die Praxisphase, Elektrotechnik (Bachelor). Denomination (Lehrgebiet) on the Fachbereich VII Personen list: Hochspannungstechnik, Schaltgerätetechnik, Elektromagnetische Verträglichkeit (https://www.bht-berlin.de/100). Lab page(s): https://www.bht-berlin.de/labor/detail/elt."
Sebastian Pepper,Prof. Dr. Sebastian Pepper,Prodekan; Fachbereich III – Bauingenieur- und Geoinformationswesen; Berliner Hochschule für Technik (BHT),,https://prof.bht-berlin.de/spepper/,https://www.bht-berlin.de/people/detail/2303,"No research group, lab or Forschungsschwerpunkt leadership stated on https://www.bht-berlin.de/people/detail/2303 (page lists only the professorship and any teaching/committee functions). Other stated functions: Professor (Baumanagement und Baubetrieb ), Fachbereich III – Bauingenieur- und Geoinformationswesen | Auslandskoordinator, Fachbereich III – Bauingenieur- und Geoinformationswesen für die Studiengänge des Bauingenieurwesens. Denomination (Lehrgebiet) on the Fachbereich III Personen list: Baumanagement und Baubetrieb (https://www.bht-berlin.de/87)."
Jochen Pfeifer,Prof. Dr. Jochen Pfeifer,Professor (Organische Chemie); Fachbereich II – Mathematik – Physik – Chemie; Berliner Hochschule für Technik (BHT),,,https://www.bht-berlin.de/people/detail/1290,"RESEARCH GROUP/LAB: Laborleiter, Organische Chemie (stated on https://www.bht-berlin.de/people/detail/1290) Denomination (Lehrgebiet) on the Fachbereich II Personen list: Organische Chemie (https://www.bht-berlin.de/86). Lab page(s): https://www.bht-berlin.de/labor/detail/oc."
Claudia Pickardt,Prof. Dr. Claudia Pickardt,Professorin (Lebensmitteltechnologie); Fachbereich V – Life Sciences and Technology; Berliner Hochschule für Technik (BHT),,,https://www.bht-berlin.de/people/detail/1896,"RESEARCH GROUP/LAB: Laborleiterin, Lebensmitteltechnologie und -verfahrenstechnik (stated on https://www.bht-berlin.de/people/detail/1896) Other stated functions: Beauftragte für die Praxisphase, Lebensmitteltechnologie (Bachelor). Denomination (Lehrgebiet) on the Fachbereich V Personen list: Lebensmitteltechnologie (https://www.bht-berlin.de/98). Lab page(s): https://www.bht-berlin.de/labor/detail/lmg."
Karsten Pietsch,Prof. Dr.-Ing. Karsten Pietsch,"Professor (Design, Analyse und Implementierung mechatronischer Systeme); Fachbereich VII – Elektrotechnik – Mechatronik – Optometrie; Berliner Hochschule für Technik (BHT)",,http://prof.bht-berlin.de/pietsch/,https://www.bht-berlin.de/people/detail/1193,"RESEARCH GROUP/LAB: Laborleiter, Konstruktions- und CAD-Technik (stated on https://www.bht-berlin.de/people/detail/1193) Other stated functions: Studienfachberater, Mechatronik (Master) | Beauftragter für die Praxisphase, Mechatronik (Bachelor). Denomination (Lehrgebiet) on the Fachbereich VII Personen list: Design, Analyse und Implementierung mechatronischer Systeme (https://www.bht-berlin.de/100). Lab page(s): https://www.bht-berlin.de/labor/detail/kocad."
Jens von Pilgrim,Prof. Dr. rer. nat. Jens von Pilgrim,Professor (Web-Engineering); Fachbereich VI – Informatik und Medien; Berliner Hochschule für Technik (BHT),,https://prof.bht-berlin.de/pilgrim/,https://www.bht-berlin.de/people/detail/2316,"No research group, lab or Forschungsschwerpunkt leadership stated on https://www.bht-berlin.de/people/detail/2316 (page lists only the professorship and any teaching/committee functions). Other stated functions: Vertreter der Professoren und Professorinnen, Kommission für die Stellungnahme zu Berufungsvorgängen. Denomination (Lehrgebiet) on the Fachbereich VI Personen list: Web-Engineering (https://www.bht-berlin.de/99)."
Steffen Prowe,Prof. Dr. Steffen Prowe,Professor (Mikrobiologie); Fachbereich V – Life Sciences and Technology; Berliner Hochschule für Technik (BHT),,https://prof.bht-berlin.de/prowe/,https://www.bht-berlin.de/people/detail/1044,"RESEARCH GROUP/LAB: Laborleiter, Mikrobiologie (stated on https://www.bht-berlin.de/people/detail/1044) Other stated functions: Vertreter der Professoren und Professorinnen, Akademischer Senat | Vertreter der Professoren und Professorinnen, Akademische Versammlung | Vertreter der Professoren und Professorinnen, Kommission für Lehre, Studium und Bibliothekswesen. Denomination (Lehrgebiet) on the Fachbereich V Personen list: Mikrobiologie (https://www.bht-berlin.de/98). Lab page(s): https://www.bht-berlin.de/labor/detail/mib."
Dieter Pumpe,Prof. Dr.-Ing. Dieter Pumpe,Dekan; Fachbereich I – Wirtschafts- und Gesellschaftswissenschaften; Berliner Hochschule für Technik (BHT),,,https://www.bht-berlin.de/people/detail/23,"No research group, lab or Forschungsschwerpunkt leadership stated on https://www.bht-berlin.de/people/detail/23 (page lists only the professorship and any teaching/committee functions). Other stated functions: Professor (Betriebswirtschaftslehre / Wirtschaftsinformatik), Fachbereich I – Wirtschafts- und Gesellschaftswissenschaften. Denomination (Lehrgebiet) on the Fachbereich I Personen list: Betriebswirtschaftslehre / Wirtschaftsinformatik (https://www.bht-berlin.de/30)."
Marcus Purat,Prof. Dr.-Ing. Marcus Purat,Professor (Digitale Signalverarbeitung); Fachbereich VII – Elektrotechnik – Mechatronik – Optometrie; Berliner Hochschule für Technik (BHT),,https://prof.bht-berlin.de/purat/,https://www.bht-berlin.de/people/detail/620,"RESEARCH GROUP/LAB: Laborleiter, Digitaltechnik und digitale Signalverarbeitung (stated on https://www.bht-berlin.de/people/detail/620) Other stated functions: Auslandskoordinator (Elektrotechnik), Fachbereich VII – Elektrotechnik – Mechatronik – Optometrie | Studienfachberater, Kommunikations- und Informationstechnik (Master) | Studienfachberater, Information and Communications Engineering (Master). Denomination (Lehrgebiet) on the Fachbereich VII Personen list: Digitale Signalverarbeitung (https://www.bht-berlin.de/100). Lab page(s): https://www.bht-berlin.de/labor/detail/dsv."
Wolfgang Pöggeler,Prof. Dr. jur. habil. Wolfgang Pöggeler,Professor (Wirtschaftsrecht / Gesellschaftsrecht); Fachbereich I – Wirtschafts- und Gesellschaftswissenschaften; Berliner Hochschule für Technik (BHT),,,https://www.bht-berlin.de/people/detail/608,"No research group, lab or Forschungsschwerpunkt leadership stated on https://www.bht-berlin.de/people/detail/608 (page lists only the professorship and any teaching/committee functions). Denomination (Lehrgebiet) on the Fachbereich I Personen list: Wirtschaftsrecht / Gesellschaftsrecht (https://www.bht-berlin.de/30)."
Axel Rathey,Prof. Dr.-Ing. Axel Rathey,Professor (Sanitärtechnik); Fachbereich IV – Architektur und Gebäudetechnik; Berliner Hochschule für Technik (BHT),,,https://www.bht-berlin.de/people/detail/1716,"RESEARCH GROUP/LAB: Laborleiter, Sanitärtechnik (stated on https://www.bht-berlin.de/people/detail/1716) Other stated functions: Digitalisierungsbeauftragter, Fachbereich IV – Architektur und Gebäudetechnik. Denomination (Lehrgebiet) on the Fachbereich IV Personen list: Sanitärtechnik (https://www.bht-berlin.de/97). Lab page(s): https://www.bht-berlin.de/labor/detail/san."
Simone Beate Reber,Prof. Dr. rer. nat. Simone Beate Reber,Professorin (Biochemie); Fachbereich V – Life Sciences and Technology; Berliner Hochschule für Technik (BHT),,,https://www.bht-berlin.de/people/detail/1902,"No research group, lab or Forschungsschwerpunkt leadership stated on https://www.bht-berlin.de/people/detail/1902 (page lists only the professorship and any teaching/committee functions). Other stated functions: Digitalisierungsbeauftragte, Fachbereich V – Life Sciences and Technology. Denomination (Lehrgebiet) on the Fachbereich V Personen list: Biochemie (https://www.bht-berlin.de/98)."
Friedhelm Reichert,Prof. Dr. iur. Friedhelm Reichert,Professor (Wirtschaftsprivatrecht / Privates Baurecht); Fachbereich I – Wirtschafts- und Gesellschaftswissenschaften; Berliner Hochschule für Technik (BHT),,,https://www.bht-berlin.de/people/detail/1241,"No research group, lab or Forschungsschwerpunkt leadership stated on https://www.bht-berlin.de/people/detail/1241 (page lists only the professorship and any teaching/committee functions). Denomination (Lehrgebiet) on the Fachbereich I Personen list: Wirtschaftsprivatrecht / Privates Baurecht (https://www.bht-berlin.de/30)."
Stephan Reiß,Prof. Dr. Stephan Reiß,"Professor (Technische Optik, Contact Optik); Fachbereich VII – Elektrotechnik – Mechatronik – Optometrie; Berliner Hochschule für Technik (BHT)",,,https://www.bht-berlin.de/people/detail/1695,"RESEARCH GROUP/LAB: Stellv. Laborleiter, Sehhilfen (stated on https://www.bht-berlin.de/people/detail/1695) Denomination (Lehrgebiet) on the Fachbereich VII Personen list: Technische Optik, Contact Optik (https://www.bht-berlin.de/100). Lab page(s): https://www.bht-berlin.de/labor/detail/seh."
Markus Richter,Prof. Dr. Markus Richter,Professor (Gärtnerische Pflanzenproduktion); Fachbereich V – Life Sciences and Technology; Berliner Hochschule für Technik (BHT),,http://prof.bht-berlin.de/richter/,https://www.bht-berlin.de/people/detail/877,"No research group, lab or Forschungsschwerpunkt leadership stated on https://www.bht-berlin.de/people/detail/877 (page lists only the professorship and any teaching/committee functions). Denomination (Lehrgebiet) on the Fachbereich V Personen list: Gärtnerische Pflanzenproduktion (https://www.bht-berlin.de/98)."
Sebastian Riedel,Prof. Dr.-Ing. Sebastian Riedel,"Professor (Bioverfahrenstechnik); Fachbereich VIII – Maschinenbau, Veranstaltungstechnik, Verfahrenstechnik; Berliner Hochschule für Technik (BHT)",,https://labor.bht-berlin.de/ubvt,https://www.bht-berlin.de/people/detail/2426,"RESEARCH GROUP/LAB: Laborleiter, Umwelt- und Bioverfahrenstechnik (stated on https://www.bht-berlin.de/people/detail/2426) Denomination (Lehrgebiet) on the Fachbereich VIII Personen list: Bioverfahrenstechnik (https://www.bht-berlin.de/101). Lab page(s): https://www.bht-berlin.de/labor/detail/ubvt."
Nicole Riediger,Prof. Dr.-Ing. Nicole Riediger,Professorin; Fachbereich III – Bauingenieur- und Geoinformationswesen; Berliner Hochschule für Technik (BHT),,,https://www.bht-berlin.de/people/detail/2752,"No research group, lab or Forschungsschwerpunkt leadership stated on https://www.bht-berlin.de/people/detail/2752 (page lists only the professorship and any teaching/committee functions). Other stated functions: Vertreterin der Professoren und Professorinnen, Kommission für Haushalt und Wirtschaftsplanung."
Heike Ripphausen-Lipa,Prof. Dr. rer. nat. Heike Ripphausen-Lipa,Professorin (Programmierung); Fachbereich VI – Informatik und Medien; Berliner Hochschule für Technik (BHT),,http://prof.bht-berlin.de/ripphausen,https://www.bht-berlin.de/people/detail/632,"No research group, lab or Forschungsschwerpunkt leadership stated on https://www.bht-berlin.de/people/detail/632 (page lists only the professorship and any teaching/committee functions). Other stated functions: Vertreterin der Professoren und Professorinnen, Prüfungsausschuss Medieninformatik. Denomination (Lehrgebiet) on the Fachbereich VI Personen list: Programmierung (https://www.bht-berlin.de/99)."
Hans-Peter Ritzer,Prof. Dipl.-Ing. Hans-Peter Ritzer,Professor (Entwerfen); Fachbereich IV – Architektur und Gebäudetechnik; Berliner Hochschule für Technik (BHT),,,https://www.bht-berlin.de/people/detail/1685,"RESEARCH GROUP/LAB: Laborleiter, Entwurf und Städtebau (stated on https://www.bht-berlin.de/people/detail/1685) Denomination (Lehrgebiet) on the Fachbereich IV Personen list: Entwerfen (https://www.bht-berlin.de/97). Lab page(s): https://www.bht-berlin.de/labor/detail/les."
Thorsten Rocksch,Prof. Dr. Thorsten Rocksch,Professor (Gartenbauliche Phytotechnologie); Fachbereich V – Life Sciences and Technology; Berliner Hochschule für Technik (BHT),,,https://www.bht-berlin.de/people/detail/2631,"No research group, lab or Forschungsschwerpunkt leadership stated on https://www.bht-berlin.de/people/detail/2631 (page lists only the professorship and any teaching/committee functions). Other stated functions: Beauftragter für die Anerkennung von Studienleistungen, Gartenbauliche Phytotechnologie (Bachelor) | Studienfachberater, Gartenbauliche Phytotechnologie (Bachelor). Denomination (Lehrgebiet) on the Fachbereich V Personen list: Gartenbauliche Phytotechnologie (https://www.bht-berlin.de/98)."
Michael Rohde,Prof. Dr.-Ing. Michael Rohde,Professor (Optische Nachrichtentechnik und Datenkommunikation); Fachbereich VII – Elektrotechnik – Mechatronik – Optometrie; Berliner Hochschule für Technik (BHT),,http://prof.bht-berlin.de/rohde,https://www.bht-berlin.de/people/detail/640,"RESEARCH GROUP/LAB: Stellv. Laborleiter, Telekommunikationstechnik (stated on https://www.bht-berlin.de/people/detail/640) Denomination (Lehrgebiet) on the Fachbereich VII Personen list: Optische Nachrichtentechnik und Datenkommunikation (https://www.bht-berlin.de/100). Lab page(s): https://www.bht-berlin.de/labor/detail/tkt."
Ines Maria Rohlfing,Prof. Dr.-Ing. Ines Maria Rohlfing,Professorin (Bautechnik und Bauabwicklung ); Fachbereich V – Life Sciences and Technology; Berliner Hochschule für Technik (BHT),,,https://www.bht-berlin.de/people/detail/1199,"RESEARCH GROUP/LAB: Laborleiterin, Digitallabor für Landschaftsarchitektur (stated on https://www.bht-berlin.de/people/detail/1199) Other stated functions: Beauftragte für die Anerkennung von Studienleistungen, Landschaftsbau und Grünflächenmanagement (Dual) (Bachelor) | Studienfachberaterin, Landschaftsbau und Grünflächenmanagement (Dual) (Bachelor) | Beauftragte für die Praxisphase, Landschaftsbau und Grünflächenmanagement (Dual) (Bachelor). Denomination (Lehrgebiet) on the Fachbereich V Personen list: Bautechnik und Bauabwicklung (https://www.bht-berlin.de/98). Lab page(s): https://www.bht-berlin.de/labor/detail/dila."
Stephan Rolfes,Prof. Dipl.-Ing. Stephan Rolfes,"Professor (Maschinenelemente und Konstruktionsübungen); Fachbereich VIII – Maschinenbau, Veranstaltungstechnik, Verfahrenstechnik; Berliner Hochschule für Technik (BHT)",,https://prof.bht-berlin.de/rolfes/,https://www.bht-berlin.de/people/detail/641,"No research group, lab or Forschungsschwerpunkt leadership stated on https://www.bht-berlin.de/people/detail/641 (page lists only the professorship and any teaching/committee functions). Other stated functions: Studienfachberater, Veranstaltungstechnik und -management (Bachelor) | Studienfachberater, Theater- und Veranstaltungstechnik und -management (Bachelor) | Studienfachberater, Theater- und Veranstaltungstechnik (Bachelor). Denomination (Lehrgebiet) on the Fachbereich VIII Personen list: Maschinenelemente und Konstruktionsübungen (https://www.bht-berlin.de/101)."
Ingo Röhle,Prof. Dr.-Ing. Ingo Röhle,"Professor (Physikalische Technik, Medizintechnik); Fachbereich II – Mathematik – Physik – Chemie; Berliner Hochschule für Technik (BHT)",,,https://www.bht-berlin.de/people/detail/1508,"RESEARCH GROUP/LAB: Laborleiter, Medizinische und physikalische Messtechnik (stated on https://www.bht-berlin.de/people/detail/1508) Other stated functions: Beauftragter für die Praxisphase, Physikalische Technik – Medizinphysik (Bachelor) | Beauftragter für die Praxisphase, Medizinphysik (Bachelor). Denomination (Lehrgebiet) on the Fachbereich II Personen list: Physikalische Technik, Medizintechnik (https://www.bht-berlin.de/86). Lab page(s): https://www.bht-berlin.de/labor/detail/mpm."
Jan Rösler,Prof. Dr.-Ing. Jan Rösler,"Professor; Fachbereich VIII – Maschinenbau, Veranstaltungstechnik, Verfahrenstechnik; Berliner Hochschule für Technik (BHT)",,,https://www.bht-berlin.de/people/detail/2255,"No research group, lab or Forschungsschwerpunkt leadership stated on https://www.bht-berlin.de/people/detail/2255 (page lists only the professorship and any teaching/committee functions). Other stated functions: Studienfachberater, Maschinenbau – Konstruktionstechnik (Master)."
Thomas Sakschewski,Prof. Thomas Sakschewski,"Professor (Veranstaltungsmanagement); Fachbereich VIII – Maschinenbau, Veranstaltungstechnik, Verfahrenstechnik; Berliner Hochschule für Technik (BHT)",,https://prof.bht-berlin.de/sakschewski/,https://www.bht-berlin.de/people/detail/1897,"No research group, lab or Forschungsschwerpunkt leadership stated on https://www.bht-berlin.de/people/detail/1897 (page lists only the professorship and any teaching/committee functions). Other stated functions: Studienfachberater, Veranstaltungstechnik und -management (Master). Denomination (Lehrgebiet) on the Fachbereich VIII Personen list: Veranstaltungsmanagement (https://www.bht-berlin.de/101)."
Matthias Salein,Prof. Dr.-Ing. Matthias Salein,"Prodekan; Fachbereich VIII – Maschinenbau, Veranstaltungstechnik, Verfahrenstechnik; Berliner Hochschule für Technik (BHT)",,,https://www.bht-berlin.de/people/detail/967,"No research group, lab or Forschungsschwerpunkt leadership stated on https://www.bht-berlin.de/people/detail/967 (page lists only the professorship and any teaching/committee functions). Other stated functions: Professor (Maschinenelemente, Konstruktion und Technische Mechanik), Fachbereich VIII – Maschinenbau, Veranstaltungstechnik, Verfahrenstechnik | Beauftragter für die praktische Vorbildung, Theater- und Veranstaltungstechnik (Bachelor) | Beauftragter für die praktische Vorbildung, Veranstaltungstechnik und -management (Bachelor) | Beauftragter für die praktische Vorbildung, Theater- und Veranstaltungstechnik und -management (Bachelor) | Beauftragter für die Anerkennung von Studienleistungen, Theater- und Veranstaltungstechnik (Bachelor) | Beauftragter für die Anerkennung von Studienleistungen, Veranstaltungstechnik und -management (Bachelor) | Beauftragter für die Anerkennung von Studienleistungen, Theater- und Veranstaltungstechnik und -management (Bachelor) | Vertreter der Professoren und Professorinnen, Fachbereichsrat VIII. Denomination (Lehrgebiet) on the Fachbereich VIII Personen list: Maschinenelemente, Konstruktion und Technische Mechanik (https://www.bht-berlin.de/101)."
Petra Sauer,Prof. Dr. oec. Petra Sauer,Dekanin; Fachbereich VI – Informatik und Medien; Berliner Hochschule für Technik (BHT),,http://prof.bht-berlin.de/sauer/,https://www.bht-berlin.de/people/detail/658,"No research group, lab or Forschungsschwerpunkt leadership stated on https://www.bht-berlin.de/people/detail/658 (page lists only the professorship and any teaching/committee functions). Other stated functions: Professorin (Datenbanken), Fachbereich VI – Informatik und Medien | Studienfachberaterin, Medizinische Informatik (Fernstudium) (Master) | Vorsitzende, Fachbereichsrat VI. Denomination (Lehrgebiet) on the Fachbereich VI Personen list: Datenbanken (https://www.bht-berlin.de/99)."
Sabrina Scharpen,Sabrina Scharpen,Professorin (Creative Producing und audiovisuelle Medien); Fachbereich VI – Informatik und Medien; Berliner Hochschule für Technik (BHT),,,https://www.bht-berlin.de/people/detail/2667,"No research group, lab or Forschungsschwerpunkt leadership stated on https://www.bht-berlin.de/people/detail/2667 (page lists only the professorship and any teaching/committee functions). Other stated functions: Studienfachberaterin, Screen Based Media (Bachelor) | Vertreterin der Professoren und Professorinnen, Prüfungsausschuss Screen Based Media. Denomination (Lehrgebiet) on the Fachbereich VI Personen list: Creative Producing und audiovisuelle Medien (https://www.bht-berlin.de/99). TITLE NOTE: listed in the Fachbereich ""Professuren"" table but the personal page heading carries no ""Prof."" title; recorded verbatim."
Pamela Schaudin,Prof. Dipl.-Des. Pamela Schaudin,Professorin (Mediendesign); Fachbereich VI – Informatik und Medien; Berliner Hochschule für Technik (BHT),,,https://www.bht-berlin.de/people/detail/1152,"No research group, lab or Forschungsschwerpunkt leadership stated on https://www.bht-berlin.de/people/detail/1152 (page lists only the professorship and any teaching/committee functions). Denomination (Lehrgebiet) on the Fachbereich VI Personen list: Mediendesign (https://www.bht-berlin.de/99)."
Florian Scherer,Prof. Dr. Florian Scherer,Professor (Verpackungstechnik); Fachbereich V – Life Sciences and Technology; Berliner Hochschule für Technik (BHT),,,https://www.bht-berlin.de/people/detail/2440,"No research group, lab or Forschungsschwerpunkt leadership stated on https://www.bht-berlin.de/people/detail/2440 (page lists only the professorship and any teaching/committee functions). Other stated functions: Vertreter der Professoren und Professorinnen, Fachbereichsrat V. Denomination (Lehrgebiet) on the Fachbereich V Personen list: Verpackungstechnik (https://www.bht-berlin.de/98)."
Joachim Schimkat,Prof. Dr.-Ing. Joachim Schimkat,Professor (Angewandte Informatik / Programmierung); Fachbereich VI – Informatik und Medien; Berliner Hochschule für Technik (BHT),,http://public.bht-berlin.de/~schimkat,https://www.bht-berlin.de/people/detail/667,"No research group, lab or Forschungsschwerpunkt leadership stated on https://www.bht-berlin.de/people/detail/667 (page lists only the professorship and any teaching/committee functions). Denomination (Lehrgebiet) on the Fachbereich VI Personen list: Angewandte Informatik / Programmierung (https://www.bht-berlin.de/99)."
Florian Schindler,Prof. Dr. Florian Schindler,"Direktor, Fernstudieninstitut; Berliner Hochschule für Technik (BHT)",,,https://www.bht-berlin.de/people/detail/826,"No research group, lab or Forschungsschwerpunkt leadership stated on https://www.bht-berlin.de/people/detail/826 (page lists only the professorship and any teaching/committee functions). Other stated functions: Professor, Fernstudieninstitut | Auslandskoordinator, Fernstudieninstitut. LOW CONFIDENCE on faculty assignment: person appears on the university-wide Professuren list https://www.bht-berlin.de/339 but on none of the eight Fachbereich Personen pages; Fachbereich taken from the personal detail page only."
Hartmut Schirmacher,Prof. Dr. Hartmut Schirmacher,Professor (Computergraphik und Programmieren); Fachbereich VI – Informatik und Medien; Berliner Hochschule für Technik (BHT),,https://prof.bht-berlin.de/schirmacher,https://www.bht-berlin.de/people/detail/1291,"RESEARCH GROUP/LAB: Laborleiter, Computergrafik und interaktive Medien (stated on https://www.bht-berlin.de/people/detail/1291) Other stated functions: Vorsitzender, Prüfungsausschuss Medieninformatik | Vertreter der Professoren und Professorinnen, Fachbereichsrat VI. Denomination (Lehrgebiet) on the Fachbereich VI Personen list: Computergraphik und Programmieren (https://www.bht-berlin.de/99). Lab page(s): https://www.bht-berlin.de/labor/detail/cgm."
Johannes Schlaich,Prof. Dr.-Ing. Johannes Schlaich,Professor (Mobilität und Verkehr); Fachbereich III – Bauingenieur- und Geoinformationswesen; Berliner Hochschule für Technik (BHT),,https://prof.bht-berlin.de/schlaich/,https://www.bht-berlin.de/people/detail/1842,"No research group, lab or Forschungsschwerpunkt leadership stated on https://www.bht-berlin.de/people/detail/1842 (page lists only the professorship and any teaching/committee functions). Denomination (Lehrgebiet) on the Fachbereich III Personen list: Mobilität und Verkehr (https://www.bht-berlin.de/87)."
Haiko Schlink,Prof. Dr. rer. pol. Haiko Schlink,"Professor (Betriebswirtschaft, Maschinenbau); Fachbereich I – Wirtschafts- und Gesellschaftswissenschaften; Berliner Hochschule für Technik (BHT)",,,https://www.bht-berlin.de/people/detail/1087,"No research group, lab or Forschungsschwerpunkt leadership stated on https://www.bht-berlin.de/people/detail/1087 (page lists only the professorship and any teaching/committee functions). Other stated functions: Beauftragter für die Anerkennung von Fächern des Studium generale, Fachbereich I – Wirtschafts- und Gesellschaftswissenschaften | Vertreter der Professoren und Professorinnen, Akademischer Senat | Vertreter der Professoren und Professorinnen, Akademische Versammlung. Denomination (Lehrgebiet) on the Fachbereich I Personen list: Betriebswirtschaft, Maschinenbau (https://www.bht-berlin.de/30)."
Matthias Schmidt,Prof. Dr. phil. Matthias Schmidt,Professor (Betriebswirtschaftslehre / Unternehmensführung); Fachbereich I – Wirtschafts- und Gesellschaftswissenschaften; Berliner Hochschule für Technik (BHT),,https://prof.bht-berlin.de/schmidt/ ,https://www.bht-berlin.de/people/detail/671,"No research group, lab or Forschungsschwerpunkt leadership stated on https://www.bht-berlin.de/people/detail/671 (page lists only the professorship and any teaching/committee functions). Other stated functions: Beauftragter für die Anerkennung von Studienleistungen, Management und Consulting (Master) | Studienfachberater, Management und Consulting (Master). Denomination (Lehrgebiet) on the Fachbereich I Personen list: Betriebswirtschaftslehre / Unternehmensführung (https://www.bht-berlin.de/30)."
Hans Schmitz,Prof. Dr. rer. pol. Hans Schmitz,Prodekan; Fachbereich I – Wirtschafts- und Gesellschaftswissenschaften; Berliner Hochschule für Technik (BHT),,,https://www.bht-berlin.de/people/detail/674,"No research group, lab or Forschungsschwerpunkt leadership stated on https://www.bht-berlin.de/people/detail/674 (page lists only the professorship and any teaching/committee functions). Other stated functions: Professor (Betriebswirtschaftslehre / Controlling (online)), Fachbereich I – Wirtschafts- und Gesellschaftswissenschaften | Vertreter der Professoren und Professorinnen, Fachbereichsrat I | Vertreter der Professoren und Professorinnen, Kommission für Haushalt und Wirtschaftsplanung. Denomination (Lehrgebiet) on the Fachbereich I Personen list: Betriebswirtschaftslehre / Controlling (online (https://www.bht-berlin.de/30)."
Jörg Schmütz,Prof. Dr.-Ing. Jörg Schmütz,"Professor (Fertigungstechnik und Fertigungsanlagen); Fachbereich VIII – Maschinenbau, Veranstaltungstechnik, Verfahrenstechnik; Berliner Hochschule für Technik (BHT)",,,https://www.bht-berlin.de/people/detail/1371,"No research group, lab or Forschungsschwerpunkt leadership stated on https://www.bht-berlin.de/people/detail/1371 (page lists only the professorship and any teaching/committee functions). Denomination (Lehrgebiet) on the Fachbereich VIII Personen list: Fertigungstechnik und Fertigungsanlagen (https://www.bht-berlin.de/101)."
Frank Schneider,Prof. Dr.-Ing. Frank Schneider,Professor (Siedlungswasserwirtschaft / Städtischer Tiefbau); Fachbereich III – Bauingenieur- und Geoinformationswesen; Berliner Hochschule für Technik (BHT),,http://prof.bht-berlin.de/schneider/,https://www.bht-berlin.de/people/detail/1101,"No research group, lab or Forschungsschwerpunkt leadership stated on https://www.bht-berlin.de/people/detail/1101 (page lists only the professorship and any teaching/committee functions). Denomination (Lehrgebiet) on the Fachbereich III Personen list: Siedlungswasserwirtschaft / Städtischer Tiefbau (https://www.bht-berlin.de/87)."
Rainer Schneider,Prof. Dr. Rainer Schneider,"Professor (Physikalische Technik, zerstörungsfreie Untersuchungsmethoden); Fachbereich II – Mathematik – Physik – Chemie; Berliner Hochschule für Technik (BHT)",,https://prof.bht-berlin.de/rpschneider/,https://www.bht-berlin.de/people/detail/1721,"No research group, lab or Forschungsschwerpunkt leadership stated on https://www.bht-berlin.de/people/detail/1721 (page lists only the professorship and any teaching/committee functions). Other stated functions: Vertreter der Professoren und Professorinnen, Fachbereichsrat II. Denomination (Lehrgebiet) on the Fachbereich II Personen list: Physikalische Technik, zerstörungsfreie Untersuchungsmethoden (https://www.bht-berlin.de/86)."
Thomas Schnitzer,Prof. Dr.-Ing. Thomas Schnitzer,"Professor (Technische Mechanik - Bruchmechanik); Fachbereich VIII – Maschinenbau, Veranstaltungstechnik, Verfahrenstechnik; Berliner Hochschule für Technik (BHT)",,,https://www.bht-berlin.de/people/detail/1073,"No research group, lab or Forschungsschwerpunkt leadership stated on https://www.bht-berlin.de/people/detail/1073 (page lists only the professorship and any teaching/committee functions). Denomination (Lehrgebiet) on the Fachbereich VIII Personen list: Technische Mechanik - Bruchmechanik (https://www.bht-berlin.de/101)."
Klaus-Peter Schoeneberg,Prof. Dr. Klaus-Peter Schoeneberg,Professor (Wirtschaftsinformatik); Fachbereich I – Wirtschafts- und Gesellschaftswissenschaften; Berliner Hochschule für Technik (BHT),,,https://www.bht-berlin.de/people/detail/1800,"No research group, lab or Forschungsschwerpunkt leadership stated on https://www.bht-berlin.de/people/detail/1800 (page lists only the professorship and any teaching/committee functions). Other stated functions: Studienfachberater, Wirtschaftsingenieurwesen/Projektmanagement (Master). Denomination (Lehrgebiet) on the Fachbereich I Personen list: Wirtschaftsinformatik (https://www.bht-berlin.de/30)."
Ronny Schomacker,Prof. Dr. rer. nat. Ronny Schomacker,Professor (Angewandte Geoinformation); Fachbereich III – Bauingenieur- und Geoinformationswesen; Berliner Hochschule für Technik (BHT),,,https://www.bht-berlin.de/people/detail/1352,"RESEARCH GROUP/LAB: Laborleiter, Geodatenanalyse und Visualisierung (stated on https://www.bht-berlin.de/people/detail/1352) Other stated functions: Beauftragter für die Anerkennung von Studienleistungen, Umweltinformation – GIS (Master) | Beauftragter für die Anerkennung von Studienleistungen, Geoinformation und Umwelt (Bachelor) | Studienfachberater, Umweltinformation – GIS (Master). Denomination (Lehrgebiet) on the Fachbereich III Personen list: Angewandte Geoinformation (https://www.bht-berlin.de/87). Lab page(s): https://www.bht-berlin.de/labor/detail/geovis."
Henrike Schoper,Prof. Dr.-Ing. Henrike Schoper,Professorin (Entwerfen und Konstruieren im Bestand); Fachbereich IV – Architektur und Gebäudetechnik; Berliner Hochschule für Technik (BHT),,,https://www.bht-berlin.de/people/detail/2504,"No research group, lab or Forschungsschwerpunkt leadership stated on https://www.bht-berlin.de/people/detail/2504 (page lists only the professorship and any teaching/committee functions). Denomination (Lehrgebiet) on the Fachbereich IV Personen list: Entwerfen und Konstruieren im Bestand (https://www.bht-berlin.de/97)."
Ulrike Schraps,Prof. Dr. Ulrike Schraps,Professorin (Betriebspsychologie); Fachbereich I – Wirtschafts- und Gesellschaftswissenschaften; Berliner Hochschule für Technik (BHT),,https://prof.bht-berlin.de/schraps,https://www.bht-berlin.de/people/detail/1687,"No research group, lab or Forschungsschwerpunkt leadership stated on https://www.bht-berlin.de/people/detail/1687 (page lists only the professorship and any teaching/committee functions). Other stated functions: Vertreterin der Professoren und Professorinnen, Akademischer Senat | Vertreterin der Professoren und Professorinnen, Akademische Versammlung. Denomination (Lehrgebiet) on the Fachbereich I Personen list: Betriebspsychologie (https://www.bht-berlin.de/30)."
Diana Estévez Schwarz,Prof. Dr. Diana Estévez Schwarz,Professorin (Mathematik); Fachbereich II – Mathematik – Physik – Chemie; Berliner Hochschule für Technik (BHT),,http://prof.bht-berlin.de/schwarz/,https://www.bht-berlin.de/people/detail/303,"No research group, lab or Forschungsschwerpunkt leadership stated on https://www.bht-berlin.de/people/detail/303 (page lists only the professorship and any teaching/committee functions). Denomination (Lehrgebiet) on the Fachbereich II Personen list: Mathematik (https://www.bht-berlin.de/86)."
Jan Schöneberger,Prof. Dr.-Ing. Jan Schöneberger,"Professor; Fachbereich VIII – Maschinenbau, Veranstaltungstechnik, Verfahrenstechnik; Berliner Hochschule für Technik (BHT)",,,https://www.bht-berlin.de/people/detail/2345,"RESEARCH GROUP/LAB: Laborleiter, Thermische Prozesstechnik (stated on https://www.bht-berlin.de/people/detail/2345) Lab page(s): https://www.bht-berlin.de/labor/detail/tpt."
Carsten Schönfelder-Mańka,Prof. Dr.-Ing. Carsten Schönfelder-Mańka,"Professor (Energieanlagen); Fachbereich VIII – Maschinenbau, Veranstaltungstechnik, Verfahrenstechnik; Berliner Hochschule für Technik (BHT)",,http://prof.bht-berlin.de/schoenfelder/ ,https://www.bht-berlin.de/people/detail/1798,"No research group, lab or Forschungsschwerpunkt leadership stated on https://www.bht-berlin.de/people/detail/1798 (page lists only the professorship and any teaching/committee functions). Other stated functions: Studienfachberater, Computational Engineering and Design (Bachelor). Denomination (Lehrgebiet) on the Fachbereich VIII Personen list: Energieanlagen (https://www.bht-berlin.de/101)."
Ingo Schüring,Prof. Dipl.-Ing. Ingo Schüring,Professor (Elektrische Maschinen); Fachbereich VII – Elektrotechnik – Mechatronik – Optometrie; Berliner Hochschule für Technik (BHT),,http://prof.bht-berlin.de/schuering ,https://www.bht-berlin.de/people/detail/1216,"RESEARCH GROUP/LAB: Laborleiter, Elektrotechnik (stated on https://www.bht-berlin.de/people/detail/1216) Other stated functions: Beauftragter für die Praxisphase, Elektrotechnik (Bachelor) | Vertreter der Professoren und Professorinnen, Fachbereichsrat VII. Denomination (Lehrgebiet) on the Fachbereich VII Personen list: Elektrische Maschinen (https://www.bht-berlin.de/100). Lab page(s): https://www.bht-berlin.de/labor/detail/elt."
Gerd Sedelies,Prof. Dipl.-Ing. Gerd Sedelies,Professor (Freie Darstellung); Fachbereich IV – Architektur und Gebäudetechnik; Berliner Hochschule für Technik (BHT),,,https://www.bht-berlin.de/people/detail/1340,"No research group, lab or Forschungsschwerpunkt leadership stated on https://www.bht-berlin.de/people/detail/1340 (page lists only the professorship and any teaching/committee functions). Denomination (Lehrgebiet) on the Fachbereich IV Personen list: Freie Darstellung (https://www.bht-berlin.de/97)."
Tassilo Seidler,Prof. Dr. med. vet. Tassilo Seidler,Professor (Lebensmittelmikrobiologie); Fachbereich V – Life Sciences and Technology; Berliner Hochschule für Technik (BHT),,,https://www.bht-berlin.de/people/detail/963,"RESEARCH GROUP/LAB: Laborleiter, Lebensmittelmikrobiologie (stated on https://www.bht-berlin.de/people/detail/963) Other stated functions: Beauftragter für die Anerkennung von Studienleistungen, Lebensmitteltechnologie (Bachelor) | Studienfachberater, Lebensmitteltechnologie (Bachelor) | Studienfachberater, Lebensmitteltechnologie (Master) | Vertreter der Professoren und Professorinnen, Kommission für die Stellungnahme zu Berufungsvorgängen. Denomination (Lehrgebiet) on the Fachbereich V Personen list: Lebensmittelmikrobiologie (https://www.bht-berlin.de/98). Lab page(s): https://www.bht-berlin.de/labor/detail/lmm."
Matthias Seimetz,Prof. Dr.-Ing. Matthias Seimetz,Professor (Mobilkommunikation und Broadcastsysteme); Fachbereich VII – Elektrotechnik – Mechatronik – Optometrie; Berliner Hochschule für Technik (BHT),,http://prof.bht-berlin.de/seimetz/,https://www.bht-berlin.de/people/detail/1194,"No research group, lab or Forschungsschwerpunkt leadership stated on https://www.bht-berlin.de/people/detail/1194 (page lists only the professorship and any teaching/committee functions). Other stated functions: Studienfachberater, Elektrotechnik (Bachelor). Denomination (Lehrgebiet) on the Fachbereich VII Personen list: Mobilkommunikation und Broadcastsysteme (https://www.bht-berlin.de/100)."
Benny Selle,Prof. Dr. Benny Selle,Professor (Hydrologie und Gewässerschutz); Fachbereich III – Bauingenieur- und Geoinformationswesen; Berliner Hochschule für Technik (BHT),,https://prof.bht-berlin.de/selle,https://www.bht-berlin.de/people/detail/1660,"RESEARCH GROUP/LAB: Laborleiter, Wasserbau und Gewässerschutz (stated on https://www.bht-berlin.de/people/detail/1660) Other stated functions: Beauftragter für die Praxisphase, Umweltingenieurwesen – Bau (Bachelor) | Vertreter der Professoren und Professorinnen, Kommission für die Stellungnahme zu Berufungsvorgängen. Denomination (Lehrgebiet) on the Fachbereich III Personen list: Hydrologie und Gewässerschutz (https://www.bht-berlin.de/87). Lab page(s): https://www.bht-berlin.de/labor/detail/wsb."
Francisco Morales Serrano,Prof. Dr.-Ing. Francisco Morales Serrano,Professor (Automatisierungstechnik); Fachbereich VI – Informatik und Medien; Berliner Hochschule für Technik (BHT),,https://prof.bht-berlin.de/moralesserrano/,https://www.bht-berlin.de/people/detail/1731,"RESEARCH GROUP/LAB: Laborleiter, Automatisierungstechnik (stated on https://www.bht-berlin.de/people/detail/1731) Denomination (Lehrgebiet) on the Fachbereich VI Personen list: Automatisierungstechnik (https://www.bht-berlin.de/99). Lab page(s): https://www.bht-berlin.de/labor/detail/lat."
Ulrike Siemer,Prof. Dr.-Ing. Ulrike Siemer,"Professorin (Werkstofftechnik); Fachbereich VIII – Maschinenbau, Veranstaltungstechnik, Verfahrenstechnik; Berliner Hochschule für Technik (BHT)",,https://prof.bht-berlin.de/siemer,https://www.bht-berlin.de/people/detail/2074,"RESEARCH GROUP/LAB: Laborleiterin, Werkstoffprüfung (stated on https://www.bht-berlin.de/people/detail/2074) Other stated functions: Beauftragte für die Anerkennung von Studienleistungen, Maschinenbau (Bachelor) | Beauftragte für die Anerkennung von Studienleistungen, Verfahrens- und Umwelttechnik (Bachelor) | Beauftragte für die Anerkennung von Studienleistungen, Computational Engineering and Design (Bachelor). Denomination (Lehrgebiet) on the Fachbereich VIII Personen list: Werkstofftechnik (https://www.bht-berlin.de/101). Lab page(s): https://www.bht-berlin.de/labor/detail/wsp."
Bernhard Sill,Prof. Bernhard Sill,Professor (Tragwerksplanung und konstruktives Entwerfen); Fachbereich IV – Architektur und Gebäudetechnik; Berliner Hochschule für Technik (BHT),,,https://www.bht-berlin.de/people/detail/2237,"No research group, lab or Forschungsschwerpunkt leadership stated on https://www.bht-berlin.de/people/detail/2237 (page lists only the professorship and any teaching/committee functions). Denomination (Lehrgebiet) on the Fachbereich IV Personen list: Tragwerksplanung und konstruktives Entwerfen (https://www.bht-berlin.de/97)."
Amy Siu,Prof. Dr. Amy Siu,Professorin (Softwareentwicklung); Fachbereich VI – Informatik und Medien; Berliner Hochschule für Technik (BHT),,,https://www.bht-berlin.de/people/detail/1821,"RESEARCH GROUP/LAB: Stellv. Laborleiterin, Softwareentwicklung (stated on https://www.bht-berlin.de/people/detail/1821) Other stated functions: Nebenberufliche Frauen- und Gleichstellungsbeauftragte, Fachbereich VI – Informatik und Medien. Denomination (Lehrgebiet) on the Fachbereich VI Personen list: Softwareentwicklung (https://www.bht-berlin.de/99). Lab page(s): https://www.bht-berlin.de/labor/detail/swe."
Volker Sommer,Prof. Dr.-Ing. Volker Sommer,Professor (Angewandte Informatik); Fachbereich VI – Informatik und Medien; Berliner Hochschule für Technik (BHT),,http://prof.bht-berlin.de/sommer/,https://www.bht-berlin.de/people/detail/712,"No research group, lab or Forschungsschwerpunkt leadership stated on https://www.bht-berlin.de/people/detail/712 (page lists only the professorship and any teaching/committee functions). Other stated functions: Studienfachberater, Technische Informatik – Embedded Systems (Master). Denomination (Lehrgebiet) on the Fachbereich VI Personen list: Angewandte Informatik (https://www.bht-berlin.de/99)."
Georg Sommerer,Prof. Dr. rer. nat. Georg Sommerer,Professor (Lasertechnik); Fachbereich II – Mathematik – Physik – Chemie; Berliner Hochschule für Technik (BHT),,http://prof.bht-berlin.de/sommerer/,https://www.bht-berlin.de/people/detail/1196,"RESEARCH GROUP/LAB: Stellv. Laborleiter, Optik und Lasertechnik Werkstattleiter Forum Seestr. (stated on https://www.bht-berlin.de/people/detail/1196) Denomination (Lehrgebiet) on the Fachbereich II Personen list: Lasertechnik (https://www.bht-berlin.de/86). Lab page(s): https://www.bht-berlin.de/labor/detail/olt."
Jochen Peter Sondermann,Prof. Dipl-Ing. Jochen Peter Sondermann,"Professor i. R.; Fachbereich VIII – Maschinenbau, Veranstaltungstechnik, Verfahrenstechnik; Berliner Hochschule für Technik (BHT)",,,https://www.bht-berlin.de/people/detail/977,"No research group, lab or Forschungsschwerpunkt leadership stated on https://www.bht-berlin.de/people/detail/977 (page lists only the professorship and any teaching/committee functions). Other stated functions: Gastprofessor, Fachbereich VIII – Maschinenbau, Veranstaltungstechnik, Verfahrenstechnik."
Marcel Springmann,Prof. Dr.-Ing. Marcel Springmann,"Professor (Konstruktion / Maschinenelemente); Fachbereich VIII – Maschinenbau, Veranstaltungstechnik, Verfahrenstechnik; Berliner Hochschule für Technik (BHT)",,https://prof.bht-berlin.de/springmann/,https://www.bht-berlin.de/people/detail/1509,"No research group, lab or Forschungsschwerpunkt leadership stated on https://www.bht-berlin.de/people/detail/1509 (page lists only the professorship and any teaching/committee functions). Other stated functions: Beauftragter für die praktische Vorbildung, Maschinenbau (Bachelor) | Beauftragter für die Praxisphase, Wirtschaftsingenieur/in Umwelt und Nachhaltigkeit (Bachelor) | Beauftragter für die Praxisphase, Verfahrens- und Umwelttechnik (Bachelor) | Beauftragter für die Praxisphase, Maschinenbau (Bachelor) | Beauftragter für die Praxisphase, Green Engineering – Verfahrenstechnik (Bachelor) | Beauftragter für die Praxisphase, Computational Engineering and Design (Bachelor). Denomination (Lehrgebiet) on the Fachbereich VIII Personen list: Konstruktion / Maschinenelemente (https://www.bht-berlin.de/101)."
Bernd Stannowski,Prof. Dr. Bernd Stannowski,Professor (Photovoltaik); Fachbereich II – Mathematik – Physik – Chemie; Berliner Hochschule für Technik (BHT),,,https://www.bht-berlin.de/people/detail/2116,"No research group, lab or Forschungsschwerpunkt leadership stated on https://www.bht-berlin.de/people/detail/2116 (page lists only the professorship and any teaching/committee functions). Denomination (Lehrgebiet) on the Fachbereich II Personen list: Photovoltaik (https://www.bht-berlin.de/86)."
Ulrike Steinhäuser,Prof. Dr. rer. nat. Ulrike Steinhäuser,Professorin (Lebensmittel- und Aromenanalytik); Fachbereich V – Life Sciences and Technology; Berliner Hochschule für Technik (BHT),,http://prof.bht-berlin.de/steinhaeuser,https://www.bht-berlin.de/people/detail/726,"RESEARCH GROUP/LAB: Laborleiterin, Analytik der Lebensmittel und Bedarfsgegenstände (stated on https://www.bht-berlin.de/people/detail/726) Denomination (Lehrgebiet) on the Fachbereich V Personen list: Lebensmittel- und Aromenanalytik (https://www.bht-berlin.de/98). Lab page(s): https://www.bht-berlin.de/labor/detail/alb."
Werner Stempfhuber,Prof. Dr.-Ing. Werner Stempfhuber,Professor (Praktische Geodäsie); Fachbereich III – Bauingenieur- und Geoinformationswesen; Berliner Hochschule für Technik (BHT),,https://prof.bht-berlin.de/stempfhuber/,https://www.bht-berlin.de/people/detail/1153,"RESEARCH GROUP/LAB: Stellv. Laborleiter, Geodätische Messtechnik (stated on https://www.bht-berlin.de/people/detail/1153) Other stated functions: Beauftragter für die Anerkennung von Studienleistungen, Geoinformation (Bachelor) | Beauftragter für die Anerkennung von Studienleistungen, Geodäsie und Geoinformatik (Bachelor) | Studienfachberater, Geoinformation (Bachelor) | Studienfachberater, Geodäsie und Geoinformatik (Bachelor) | Beauftragter für die Praxisphase, Geodäsie und Geoinformatik (Bachelor). Denomination (Lehrgebiet) on the Fachbereich III Personen list: Praktische Geodäsie (https://www.bht-berlin.de/87). Lab page(s): https://www.bht-berlin.de/labor/detail/gmt."
Detlev Stock,Prof. Dr. rer. pol. Detlev Stock,Professor (Betriebswirtschaftslehre / Kapitalwirtschaft); Fachbereich I – Wirtschafts- und Gesellschaftswissenschaften; Berliner Hochschule für Technik (BHT),,,https://www.bht-berlin.de/people/detail/730,"No research group, lab or Forschungsschwerpunkt leadership stated on https://www.bht-berlin.de/people/detail/730 (page lists only the professorship and any teaching/committee functions). Denomination (Lehrgebiet) on the Fachbereich I Personen list: Betriebswirtschaftslehre / Kapitalwirtschaft (https://www.bht-berlin.de/30)."
Simone Strippgen,Prof. Dr. Simone Strippgen,Professorin (Software Entwicklung); Fachbereich VI – Informatik und Medien; Berliner Hochschule für Technik (BHT),,http://prof.bht-berlin.de/strippgen/,https://www.bht-berlin.de/people/detail/1197,"No research group, lab or Forschungsschwerpunkt leadership stated on https://www.bht-berlin.de/people/detail/1197 (page lists only the professorship and any teaching/committee functions). Other stated functions: Studienfachberaterin, Medieninformatik (Bachelor). Denomination (Lehrgebiet) on the Fachbereich VI Personen list: Software Entwicklung (https://www.bht-berlin.de/99)."
Robert Strzebkowski,Prof. Dr. Robert Strzebkowski,"Professor (Hypermedia, Autorensysteme); Fachbereich VI – Informatik und Medien; Berliner Hochschule für Technik (BHT)",,https://prof.bht-berlin.de/strzebkowski/,https://www.bht-berlin.de/people/detail/734,"No research group, lab or Forschungsschwerpunkt leadership stated on https://www.bht-berlin.de/people/detail/734 (page lists only the professorship and any teaching/committee functions). Other stated functions: Auslandskoordinator, Fachbereich VI – Informatik und Medien. Denomination (Lehrgebiet) on the Fachbereich VI Personen list: Hypermedia, Autorensysteme (https://www.bht-berlin.de/99)."
Aleksandra Sudhershan,Prof. Dr. Aleksandra Sudhershan,Professorin (Wirtschaftsenglisch und Technisches Englisch); Fachbereich I – Wirtschafts- und Gesellschaftswissenschaften; Berliner Hochschule für Technik (BHT),,https://prof.bht-berlin.de/sudhershan/,https://www.bht-berlin.de/people/detail/1884,"No research group, lab or Forschungsschwerpunkt leadership stated on https://www.bht-berlin.de/people/detail/1884 (page lists only the professorship and any teaching/committee functions). Denomination (Lehrgebiet) on the Fachbereich I Personen list: Wirtschaftsenglisch und Technisches Englisch (https://www.bht-berlin.de/30)."
Szabolcs Szatmári,Prof. Dr.-Ing. Szabolcs Szatmári,Professor; Fachbereich VII – Elektrotechnik – Mechatronik – Optometrie; Berliner Hochschule für Technik (BHT),,,https://www.bht-berlin.de/people/detail/1634,"RESEARCH GROUP/LAB: Laborleiter, Fertigungsverfahren der Mechatronik (stated on https://www.bht-berlin.de/people/detail/1634) Other stated functions: Auslandskoordinator (Mechatronik), Fachbereich VII – Elektrotechnik – Mechatronik – Optometrie | Studienfachberater, Mechatronik (Bachelor) | Vertreter der Professoren und Professorinnen, Fachbereichsrat VII. Lab page(s): https://www.bht-berlin.de/labor/detail/fvm."
Florian Süßl,Prof. Dipl.-Ing. Florian Süßl,Professor (Druck- und Medienvorstufe); Fachbereich VI – Informatik und Medien; Berliner Hochschule für Technik (BHT),,,https://www.bht-berlin.de/people/detail/1604,"RESEARCH GROUP/LAB: Laborleiter, PrePress und Publishing (stated on https://www.bht-berlin.de/people/detail/1604) Other stated functions: Vertreter der Professoren und Professorinnen, Fachbereichsrat VI | Vertreter der Professoren und Professorinnen, Prüfungsausschuss Druck- und Medientechnik. Denomination (Lehrgebiet) on the Fachbereich VI Personen list: Druck- und Medienvorstufe (https://www.bht-berlin.de/99). Lab page(s): https://www.bht-berlin.de/labor/detail/ppp."
Mia Terashima,Prof. Dr. Mia Terashima,Professorin (Zell- und Molekularbiologie phototropher Organismen); Fachbereich V – Life Sciences and Technology; Berliner Hochschule für Technik (BHT),,,https://www.bht-berlin.de/people/detail/2244,"No research group, lab or Forschungsschwerpunkt leadership stated on https://www.bht-berlin.de/people/detail/2244 (page lists only the professorship and any teaching/committee functions). Other stated functions: Auslandskoordinatorin, Fachbereich V – Life Sciences and Technology. Denomination (Lehrgebiet) on the Fachbereich V Personen list: Zell- und Molekularbiologie phototropher Organismen (https://www.bht-berlin.de/98)."
Andreas Tewes,Prof. Dr. rer. nat. Andreas Tewes,Professor; Fachbereich II – Mathematik – Physik – Chemie; Berliner Hochschule für Technik (BHT),,http://prof.bht-berlin.de/tewes/,https://www.bht-berlin.de/people/detail/1584,"No research group, lab or Forschungsschwerpunkt leadership stated on https://www.bht-berlin.de/people/detail/1584 (page lists only the professorship and any teaching/committee functions)."
Henrik Tramberend,Prof. Dr. rer. nat. Henrik Tramberend,Professor (Computergrafik und Animation); Fachbereich VI – Informatik und Medien; Berliner Hochschule für Technik (BHT),,http://tramberend.bht-berlin.de/,https://www.bht-berlin.de/people/detail/964,"RESEARCH GROUP/LAB: Stellv. Laborleiter, Computergrafik und interaktive Medien (stated on https://www.bht-berlin.de/people/detail/964) Other stated functions: Studienfachberater, Medieninformatik (Master). Denomination (Lehrgebiet) on the Fachbereich VI Personen list: Computergrafik und Animation (https://www.bht-berlin.de/99). Lab page(s): https://www.bht-berlin.de/labor/detail/cgm."
Peter Tröger,Prof. Dr. Peter Tröger,Professor (Verteilte Systeme); Fachbereich VI – Informatik und Medien; Berliner Hochschule für Technik (BHT),,http://prof.bht-berlin.de/troeger/,https://www.bht-berlin.de/people/detail/1846,"RESEARCH GROUP/LAB: Stellv. Laborleiter, Rechner- und Informationssysteme (stated on https://www.bht-berlin.de/people/detail/1846) Other stated functions: Vertreter der Professoren und Professorinnen, Akademische Versammlung. Denomination (Lehrgebiet) on the Fachbereich VI Personen list: Verteilte Systeme (https://www.bht-berlin.de/99). Lab page(s): https://www.bht-berlin.de/labor/detail/ris."
Sven Tschirley,Prof. Dr.-Ing. Sven Tschirley,Professor (Elektronik); Fachbereich VII – Elektrotechnik – Mechatronik – Optometrie; Berliner Hochschule für Technik (BHT),,http://prof.bht-berlin.de/tschirley,https://www.bht-berlin.de/people/detail/839,"RESEARCH GROUP/LAB: Laborleiter, Elektronik und Hochfrequenztechnik (stated on https://www.bht-berlin.de/people/detail/839) Other stated functions: Vertreter der Professoren und Professorinnen, Akademische Versammlung | Vertreter der Professoren und Professorinnen, Kommission für Entwicklungsplanung. Denomination (Lehrgebiet) on the Fachbereich VII Personen list: Elektronik (https://www.bht-berlin.de/100). Lab page(s): https://www.bht-berlin.de/labor/detail/elhf."
Antje Umstätter,Prof. Dipl.-Des. Antje Umstätter,"Professorin (Mediendesign, Medienkonzeption); Fachbereich VI – Informatik und Medien; Berliner Hochschule für Technik (BHT)",,,https://www.bht-berlin.de/people/detail/753,"No research group, lab or Forschungsschwerpunkt leadership stated on https://www.bht-berlin.de/people/detail/753 (page lists only the professorship and any teaching/committee functions). Denomination (Lehrgebiet) on the Fachbereich VI Personen list: Mediendesign, Medienkonzeption (https://www.bht-berlin.de/99)."
Laura Vahl,Prof. Laura Vahl,Professorin (Entwurf und Darstellung in der Landschaftsarchitektur); Fachbereich V – Life Sciences and Technology; Berliner Hochschule für Technik (BHT),,,https://www.bht-berlin.de/people/detail/1982,"No research group, lab or Forschungsschwerpunkt leadership stated on https://www.bht-berlin.de/people/detail/1982 (page lists only the professorship and any teaching/committee functions). Other stated functions: Beauftragte für die Anerkennung von Studienleistungen, Landschaftsarchitektur (Bachelor). Denomination (Lehrgebiet) on the Fachbereich V Personen list: Entwurf und Darstellung in der Landschaftsarchitektur (https://www.bht-berlin.de/98)."
Alexander Viehweider,Prof. Dr. Alexander Viehweider,Professor (Regelungen von Energie- und Antriebssystemen); Fachbereich VII – Elektrotechnik – Mechatronik – Optometrie; Berliner Hochschule für Technik (BHT),,,https://www.bht-berlin.de/people/detail/2515,"No research group, lab or Forschungsschwerpunkt leadership stated on https://www.bht-berlin.de/people/detail/2515 (page lists only the professorship and any teaching/committee functions). Denomination (Lehrgebiet) on the Fachbereich VII Personen list: Regelungen von Energie- und Antriebssystemen (https://www.bht-berlin.de/100)."
Joachim Villwock,Prof. Dr.-Ing. Joachim Villwock,"Vizepräsident für Forschung und Transfer, Präsidium; Berliner Hochschule für Technik (BHT)",,https://prof.bht-berlin.de/villwock,https://www.bht-berlin.de/people/detail/755,"No research group, lab or Forschungsschwerpunkt leadership stated on https://www.bht-berlin.de/people/detail/755 (page lists only the professorship and any teaching/committee functions). Other stated functions: Professor (Techn. Mechanik), Fachbereich VIII – Maschinenbau, Veranstaltungstechnik, Verfahrenstechnik | Vorsitzender, Kommission für Forschung und Förderung des wissenschaftlichen Nachwuchses. Denomination (Lehrgebiet) on the Fachbereich VIII Personen list: Techn. Mechanik (https://www.bht-berlin.de/101)."
Steffen Voigtmann,Prof. Dr. rer. nat. Steffen Voigtmann,Professor (Mathematik); Fachbereich II – Mathematik – Physik – Chemie; Berliner Hochschule für Technik (BHT),,http://prof.bht-berlin.de/voigtmann,https://www.bht-berlin.de/people/detail/1258,"No research group, lab or Forschungsschwerpunkt leadership stated on https://www.bht-berlin.de/people/detail/1258 (page lists only the professorship and any teaching/committee functions). Denomination (Lehrgebiet) on the Fachbereich II Personen list: Mathematik (https://www.bht-berlin.de/86)."
Katja Voland,Prof. Dr.-Ing. Katja Voland,Professorin (Baustoffe und Betontechnologie); Fachbereich III – Bauingenieur- und Geoinformationswesen; Berliner Hochschule für Technik (BHT),,,https://www.bht-berlin.de/people/detail/2437,"RESEARCH GROUP/LAB: Laborleiterin, Baustoffe und Bauchemie (stated on https://www.bht-berlin.de/people/detail/2437) Denomination (Lehrgebiet) on the Fachbereich III Personen list: Baustoffe und Betontechnologie (https://www.bht-berlin.de/87). Lab page(s): https://www.bht-berlin.de/labor/detail/bst."
Mont Kumpugdee Vollrath,Prof. Dr. rer. nat. Mont Kumpugdee Vollrath,Professorin (Pharmazeutische Technologie); Fachbereich II – Mathematik – Physik – Chemie; Berliner Hochschule für Technik (BHT),,https://prof.bht-berlin.de/vollrath/,https://www.bht-berlin.de/people/detail/509,"No research group, lab or Forschungsschwerpunkt leadership stated on https://www.bht-berlin.de/people/detail/509 (page lists only the professorship and any teaching/committee functions). Denomination (Lehrgebiet) on the Fachbereich II Personen list: Pharmazeutische Technologie (https://www.bht-berlin.de/86)."
Petra Vondenhof-Anderhalten,Prof. Dipl.-Ing. Petra Vondenhof-Anderhalten,Professorin (Entwurf und Städtebau); Fachbereich IV – Architektur und Gebäudetechnik; Berliner Hochschule für Technik (BHT),,https://prof.bht-berlin.de/vondenhof/,https://www.bht-berlin.de/people/detail/1637,"No research group, lab or Forschungsschwerpunkt leadership stated on https://www.bht-berlin.de/people/detail/1637 (page lists only the professorship and any teaching/committee functions). Other stated functions: Stellv. nebenberufliche Frauenbeauftragte, Fachbereich IV – Architektur und Gebäudetechnik. Denomination (Lehrgebiet) on the Fachbereich IV Personen list: Entwurf und Städtebau (https://www.bht-berlin.de/97)."
Sven-Hendrik Voß,Prof. Dr. Sven-Hendrik Voß,Professor (Digitaltechnik / Rechnerarchitektur); Fachbereich VI – Informatik und Medien; Berliner Hochschule für Technik (BHT),,https://prof.bht-berlin.de/voss/,https://www.bht-berlin.de/people/detail/1259,"RESEARCH GROUP/LAB: Laborleiter, Digitaltechnik (stated on https://www.bht-berlin.de/people/detail/1259) Other stated functions: Beauftragter für die Praxisphase, Technische Informatik – Embedded Systems (Bachelor) | Beauftragter für die Praxisphase, Medieninformatik (Bachelor). Denomination (Lehrgebiet) on the Fachbereich VI Personen list: Digitaltechnik / Rechnerarchitektur (https://www.bht-berlin.de/99). Lab page(s): https://www.bht-berlin.de/labor/detail/dig."
Roland Wagner,Prof. Dr. Roland Wagner,Professor (Geoinformationssysteme); Fachbereich III – Bauingenieur- und Geoinformationswesen; Berliner Hochschule für Technik (BHT),,,https://www.bht-berlin.de/people/detail/1034,"No research group, lab or Forschungsschwerpunkt leadership stated on https://www.bht-berlin.de/people/detail/1034 (page lists only the professorship and any teaching/committee functions). Other stated functions: BAföG-Beauftragter, Geoinformation (Bachelor) | BAföG-Beauftragter, Geodäsie und Geoinformatik (Bachelor) | BAföG-Beauftragter, Geoinformation und Umwelt (Bachelor). Denomination (Lehrgebiet) on the Fachbereich III Personen list: Geoinformationssysteme (https://www.bht-berlin.de/87)."
Ute Wagner,Prof. Dr. rer. nat. Ute Wagner,Prodekanin; Fachbereich II – Mathematik – Physik – Chemie; Berliner Hochschule für Technik (BHT),,,https://www.bht-berlin.de/people/detail/1198,"No research group, lab or Forschungsschwerpunkt leadership stated on https://www.bht-berlin.de/people/detail/1198 (page lists only the professorship and any teaching/committee functions). Other stated functions: Professorin (Mathematik / CAD), Fachbereich II – Mathematik – Physik – Chemie | Vertreterin der Professoren und Professorinnen, Fachbereichsrat II. Denomination (Lehrgebiet) on the Fachbereich II Personen list: Mathematik / CAD (https://www.bht-berlin.de/86)."
Steffen Wagner,Prof. Dr. Steffen Wagner,Professor; Fachbereich II – Mathematik – Physik – Chemie; Berliner Hochschule für Technik (BHT),,,https://www.bht-berlin.de/people/detail/2257,"No research group, lab or Forschungsschwerpunkt leadership stated on https://www.bht-berlin.de/people/detail/2257 (page lists only the professorship and any teaching/committee functions)."
Henning von Wedemeyer,Prof. Henning von Wedemeyer,Prodekan; Fachbereich IV – Architektur und Gebäudetechnik; Berliner Hochschule für Technik (BHT),,,https://www.bht-berlin.de/people/detail/2508,"No research group, lab or Forschungsschwerpunkt leadership stated on https://www.bht-berlin.de/people/detail/2508 (page lists only the professorship and any teaching/committee functions). Other stated functions: Professor, Fachbereich IV – Architektur und Gebäudetechnik | Auslandskoordinator, Fachbereich IV – Architektur und Gebäudetechnik Architektur (Incoming)."
Rüdiger Weis,Prof. Dr. rer. nat. Rüdiger Weis,Professor (Systemprogrammierung); Fachbereich VI – Informatik und Medien; Berliner Hochschule für Technik (BHT),,,https://www.bht-berlin.de/people/detail/770,"No research group, lab or Forschungsschwerpunkt leadership stated on https://www.bht-berlin.de/people/detail/770 (page lists only the professorship and any teaching/committee functions). Denomination (Lehrgebiet) on the Fachbereich VI Personen list: Systemprogrammierung (https://www.bht-berlin.de/99)."
Georg Christian Weiß,Prof. Dr.-Ing. Georg Christian Weiß,"Professor (Facility Management, Schwerpunkt technischer Gebäudebetrieb, Bauschadenskunde und Brandschutz); Fachbereich IV – Architektur und Gebäudetechnik; Berliner Hochschule für Technik (BHT)",,,https://www.bht-berlin.de/people/detail/2253,"RESEARCH GROUP/LAB: Laborleiter, Facility Management (stated on https://www.bht-berlin.de/people/detail/2253) Denomination (Lehrgebiet) on the Fachbereich IV Personen list: Facility Management, Schwerpunkt technischer Gebäudebetrieb, Bauschadenskunde und Brandschutz (https://www.bht-berlin.de/97). Lab page(s): https://www.bht-berlin.de/labor/detail/fama."
Felix Wellnitz,Prof. Dr.-Ing. Felix Wellnitz,Dekan; Fachbereich IV – Architektur und Gebäudetechnik; Berliner Hochschule für Technik (BHT),,https://prof.bht-berlin.de/wellnitz/,https://www.bht-berlin.de/people/detail/1901,"No research group, lab or Forschungsschwerpunkt leadership stated on https://www.bht-berlin.de/people/detail/1901 (page lists only the professorship and any teaching/committee functions). Other stated functions: Professor (Bauphysik), Fachbereich IV – Architektur und Gebäudetechnik. Denomination (Lehrgebiet) on the Fachbereich IV Personen list: Bauphysik (https://www.bht-berlin.de/97)."
Sören Werth,Prof. Sören Werth,Professor (IT-Sicherheit ); Fachbereich VI – Informatik und Medien; Berliner Hochschule für Technik (BHT),,,https://www.bht-berlin.de/people/detail/2540,"No research group, lab or Forschungsschwerpunkt leadership stated on https://www.bht-berlin.de/people/detail/2540 (page lists only the professorship and any teaching/committee functions). Other stated functions: Vorsitzender, Prüfungsausschuss IT Sicherheit Online. Denomination (Lehrgebiet) on the Fachbereich VI Personen list: IT-Sicherheit (https://www.bht-berlin.de/99)."
Hartmut Wesenfeld,Prof. Dr. rer. nat. Hartmut Wesenfeld,Professor (Technische Chemie); Fachbereich II – Mathematik – Physik – Chemie; Berliner Hochschule für Technik (BHT),,,https://www.bht-berlin.de/people/detail/1631,"RESEARCH GROUP/LAB: Laborleiter, Chemische und Pharmazeutische Technologie (stated on https://www.bht-berlin.de/people/detail/1631) Other stated functions: Digitalisierungsbeauftragter, Fachbereich II – Mathematik – Physik – Chemie | Auslandskoordinator (Chemie), Fachbereich II – Mathematik – Physik – Chemie. Denomination (Lehrgebiet) on the Fachbereich II Personen list: Technische Chemie (https://www.bht-berlin.de/86). Lab page(s): https://www.bht-berlin.de/labor/detail/cpt."
Eddy Widjaja,Prof. Dr.-Ing. Eddy Widjaja,Professor (Tragwerksplanung u. konstruktives Entwerfen); Fachbereich IV – Architektur und Gebäudetechnik; Berliner Hochschule für Technik (BHT),,https://prof.bht-berlin.de/widjaja/,https://www.bht-berlin.de/people/detail/1419,"No research group, lab or Forschungsschwerpunkt leadership stated on https://www.bht-berlin.de/people/detail/1419 (page lists only the professorship and any teaching/committee functions). Denomination (Lehrgebiet) on the Fachbereich IV Personen list: Tragwerksplanung u. konstruktives Entwerfen (https://www.bht-berlin.de/97)."
Thomas Winter,Prof. Dr. Thomas Winter,Professor (Mathematik); Fachbereich II – Mathematik – Physik – Chemie; Berliner Hochschule für Technik (BHT),,http://prof.bht-berlin.de/winter/,https://www.bht-berlin.de/people/detail/1353,"No research group, lab or Forschungsschwerpunkt leadership stated on https://www.bht-berlin.de/people/detail/1353 (page lists only the professorship and any teaching/committee functions). Denomination (Lehrgebiet) on the Fachbereich II Personen list: Mathematik (https://www.bht-berlin.de/86)."
Katrin Wolf,Prof. Dr.-Ing. Katrin Wolf,Professorin (Human-Computer-Interaction); Fachbereich VI – Informatik und Medien; Berliner Hochschule für Technik (BHT),,,https://www.bht-berlin.de/people/detail/2075,"No research group, lab or Forschungsschwerpunkt leadership stated on https://www.bht-berlin.de/people/detail/2075 (page lists only the professorship and any teaching/committee functions). Denomination (Lehrgebiet) on the Fachbereich VI Personen list: Human-Computer-Interaction (https://www.bht-berlin.de/99)."
Benjamin Zielke,Prof. Dr.-Ing. Benjamin Zielke,Professor (Raumlufttechnik); Fachbereich IV – Architektur und Gebäudetechnik; Berliner Hochschule für Technik (BHT),,https://prof.bht-berlin.de/zielke,https://www.bht-berlin.de/people/detail/2586,"No research group, lab or Forschungsschwerpunkt leadership stated on https://www.bht-berlin.de/people/detail/2586 (page lists only the professorship and any teaching/committee functions). Denomination (Lehrgebiet) on the Fachbereich IV Personen list: Raumlufttechnik (https://www.bht-berlin.de/97)."
Sammy Ziouziou,Prof. Dr. phil. Sammy Ziouziou,Professor (Betriebswirtschaftslehre / Marketing); Fachbereich I – Wirtschafts- und Gesellschaftswissenschaften; Berliner Hochschule für Technik (BHT),,,https://www.bht-berlin.de/people/detail/802,"No research group, lab or Forschungsschwerpunkt leadership stated on https://www.bht-berlin.de/people/detail/802 (page lists only the professorship and any teaching/committee functions). Denomination (Lehrgebiet) on the Fachbereich I Personen list: Betriebswirtschaftslehre / Marketing (https://www.bht-berlin.de/30)."
