name,title_verbatim,group_or_dept,other_affiliations,personal_url,evidence_url,notes
Anna H. Albrecht,"Lehrstuhl für Strafrecht und Strafprozessrecht, Wirtschafts- und Medienstrafrecht und Strafrechtsvergleichung","Fachbereich Strafrecht, Juristische Fakultät",Sprecherin des Fachbereichs Strafrecht,https://www.uni-potsdam.de/de/ls-albrecht/team/prof-dr-anna-h-albrecht,https://www.uni-potsdam.de/de/jura/ful/lehrstuehle-und-professuren/strafrecht,"campus=Griebnitzsee (August-Bebel-Str. 89, 14482 Potsdam); evidence=chair page postal address [collected in the University of Potsdam faculty slice: wiso_phil]"
Amitabh Banerji,Professuren (Institut für Chemie) - Didaktik der Chemie,"Didaktik der Chemie, Institut für Chemie",,https://www.banerji-lab.com,https://www.chem.uni-potsdam.de/index.php?lang=de&action=profs,"campus=Golm. Evidence: chem.uni-potsdam.de homepage text 'Sie finden uns im Wissenschaftspark Golm'; address 'Karl-Liebknecht-Str. 24-25, 14476 Potsdam'; Institutsleitung room 'Haus 26 / 2.61'; other rooms Haus 25 / Haus 29. Room Haus 25 / D 1.10-1.11. [collected in the University of Potsdam faculty slice: mathnat]"
Bert Arnrich,Prof. Dr. | Fachgebiet Digital Health - Connected Healthcare,Digital Engineering Fakultät - Fachgebiet Digital Health - Connected Healthcare; Digital Engineering Fakultät (gemeinsame Fakultät der Universität Potsdam und des Hasso-Plattner-Instituts),"Hasso-Plattner-Institut: the UP Digital-Engineering faculty page lists this person under 'Fachgebiete' with the link pointing to the HPI chair page (hpi.de/forschung/fachgebiete/...), and hpi.de lists the same person under 'HPI-Fachgebiete' - i.e. shown as HPI Fachgebietsleiter/in (chair holder at HPI) while being a professor of the joint UP Digital Engineering Fakultät",https://hpi.de/forschung/fachgebiete/digital-health-connected-healthcare.html,https://www.uni-potsdam.de/de/digital-engineering/forschung/fachgebiete,"campus=Griebnitzsee; evidence: DE-Fakultaet/HPI ""Kontakt"" block gives Prof.-Dr.-Helmert-Str. 2-3, 14482 Potsdam; stellv. Vorsitz des Fakultaetsrats [collected in the University of Potsdam faculty slice: human_de]"
Anna Bindler,Professur für Angewandte Mikroökonomie (Gemeinsame Berufung mit dem DIW Berlin),"Fachgruppe Volkswirtschaftslehre, Wirtschafts- und Sozialwissenschaftliche Fakultät","DIW Berlin (Deutsches Institut für Wirtschaftsforschung): joint appointment, head of Applied Microeconomics department",https://www.diw.de/de/diw_01.c.914985.de/abteilung_angewandte_mikrooekonomie.html,https://www.uni-potsdam.de/de/wiso/fakultaet/professuren-personen,"JOINT APPOINTMENT UP + DIW Berlin. campus=unclear for the UP part, day-to-day seat is DIW Berlin (Mohrenstr. 58, Berlin); WiSo faculty seat is Griebnitzsee. confidence=low [collected in the University of Potsdam faculty slice: wiso_phil]"
Alexander Böker,Professuren (Institut für Chemie) - Polymermaterialien und Polymertechnologien,"Polymermaterialien und Polymertechnologien, Institut für Chemie",,https://www.chem.uni-potsdam.de/groups/boeker/,https://www.chem.uni-potsdam.de/index.php?lang=de&action=profs,"campus=Golm. Evidence: chem.uni-potsdam.de homepage text 'Sie finden uns im Wissenschaftspark Golm'; address 'Karl-Liebknecht-Str. 24-25, 14476 Potsdam'; Institutsleitung room 'Haus 26 / 2.61'; other rooms Haus 25 / Haus 29. confidence=low on affiliations: the institute page names no second institution for him (he is publicly associated with Fraunhofer IAP Potsdam-Golm, but that is NOT stated on the pages fetched). [collected in the University of Potsdam faculty slice: mathnat]"
Bodo Bookhagen,ProfessorInnen - Geologische Fernerkundung | Prof. Dr.,"Geologische Fernerkundung, Institut für Geowissenschaften",,,https://www.uni-potsdam.de/de/geo/institut/mitarbeiter,"campus=Golm. Evidence: institute contact block 'Campus Golm / Haus 27, Karl-Liebknecht-Str. 24-25, 14476 Potsdam'. Also listed by the Institut für Informatik under 'Weitere Informatik(nahe) Professuren am Institut für Geowissenschaften - Geologische Fernerkundung'. [collected in the University of Potsdam faculty slice: mathnat]"
Andreas Borowski,Ordentliche Professuren - Didaktik der Physik,"Didaktik der Physik, Institut für Physik und Astronomie",,,https://www.uni-potsdam.de/de/physik/institut/professuren,"campus=Golm. Evidence: institute contact block 'Campus Golm, Haus 28, Karl-Liebknecht-Straße 24/25, 14476 Potsdam OT Golm'. [collected in the University of Potsdam faculty slice: mathnat]"
Andreas Brenne,Prof. Dr. | Professur für Kunstpädagogik und -didaktik,"Department Musik und Kunst, Humanwissenschaftliche Fakultät (Strukturbereich Bildungswissenschaften)",,https://www.uni-potsdam.de/de/kunst/professur-fuer-kunstpaedagogik-und-didaktik,https://www.uni-potsdam.de/de/bildungswissenschaften/studienbereiche/musik-und-kunst,"campus=Golm; evidence: Kunst unit contact block ""Karl-Liebknecht-Strasse 24-25, 14476 Potsdam""; Departmentsprecher Musik und Kunst and stellv. Sprecher Strukturbereich Bildungswissenschaften (Organigramm HWF 04/2026) [collected in the University of Potsdam faculty slice: human_de]"
Axel Bronstert,HochschullehrerInnen - Hydrologie und Klimatologie | Prof. Dr.,"AG Hydrologie und Klimatologie, Institut für Umweltwissenschaften und Geographie",,,https://www.uni-potsdam.de/de/umwelt/institut/alle-mitarbeiterinnen,"campus=Golm. Evidence: 'Kontakt und Lageplan' page: 'Universität Potsdam, OT Golm, Karl-Liebknecht-Str. 24-25, 14476 Potsdam'; offices in Haus 32 and Haus 12 (Geoökologie) and Haus 24 (Geographie). Also 'Leitung' of the DFG-Graduiertenkolleg NatRiskChange per the institute research overview. [collected in the University of Potsdam faculty slice: mathnat]"
Alessandra Buonanno,Honorarprofessuren - Max-Planck-Institut für Graviationsphysik,Institut für Physik und Astronomie,Max-Planck-Institut für Graviationsphysik - primary employer (Honorarprofessur at UP),,https://www.uni-potsdam.de/de/physik/institut/professuren,"campus=Golm. Evidence: institute contact block 'Campus Golm, Haus 28, Karl-Liebknecht-Straße 24/25, 14476 Potsdam OT Golm'. confidence=low / FLAGGED: Honorarprofessur. The task spec says to EXCLUDE honorary professors; row kept so the omission is visible downstream. Primary institution is Max-Planck-Institut für Graviationsphysik, not UP. [collected in the University of Potsdam faculty slice: mathnat]"
Alexandra Carpentier,Professuren am Institut für Mathematik - Mathematische Statistik | Prof. Dr.,"Mathematische Statistik, Institut für Mathematik",,https://www.math.uni-potsdam.de/professuren/mathematische-statistik,https://www.math.uni-potsdam.de/professuren,"campus=Golm. Evidence: institute contact block 'Institut für Mathematik, Campus Golm, Haus 9, Karl-Liebknecht-Str. 24-25, D-14476 Potsdam OT Golm'. [collected in the University of Potsdam faculty slice: mathnat]"
Carsten Beta,Ordentliche Professuren - Biologische Physik,"Biologische Physik, Institut für Physik und Astronomie","Institut für Biochemie und Biologie, Universität Potsdam - Zweitmitgliedschaft (IBB page: 'Professuren mit Zweitmitgliedschaft am Institut für Biochemie und Biologie - Biologische Physik')",,https://www.uni-potsdam.de/de/physik/institut/professuren,"campus=Golm. Evidence: institute contact block 'Campus Golm, Haus 28, Karl-Liebknecht-Straße 24/25, 14476 Potsdam OT Golm'. [collected in the University of Potsdam faculty slice: mathnat]"
Christian Bär,Professuren am Institut für Mathematik - Geometrie | Prof. Dr.,"Geometrie, Institut für Mathematik",,https://www.math.uni-potsdam.de/professuren/geometrie,https://www.math.uni-potsdam.de/professuren,"campus=Golm. Evidence: institute contact block 'Institut für Mathematik, Campus Golm, Haus 9, Karl-Liebknecht-Str. 24-25, D-14476 Potsdam OT Golm'. [collected in the University of Potsdam faculty slice: mathnat]"
Christian Bickenbach,"Lehrstuhl für Öffentliches Recht, insbesondere Infrastrukturrecht und Verwaltungsrecht","Fachbereich Öffentliches Recht, Juristische Fakultät",,http://www.uni-potsdam.de/regulierungs-und-infrastrukturrecht,https://www.uni-potsdam.de/de/jura/ful/lehrstuehle-und-professuren/oeffentliches-recht,"campus=Griebnitzsee (August-Bebel-Str. 89, 14482 Potsdam); evidence=chair page postal address [collected in the University of Potsdam faculty slice: wiso_phil]"
Christine Böckmann,Professuren am Institut für Mathematik - Wahrscheinlichkeitstheorie | apl. Prof. Dr.,"Wahrscheinlichkeitstheorie, Institut für Mathematik",,https://www.math.uni-potsdam.de/professuren/wahrscheinlichkeitstheorie,https://www.math.uni-potsdam.de/professuren,"campus=Golm. Evidence: institute contact block 'Institut für Mathematik, Campus Golm, Haus 9, Karl-Liebknecht-Str. 24-25, D-14476 Potsdam OT Golm'. confidence=low: außerplanmäßige Professur, listed alongside the Wahrscheinlichkeitstheorie chair; also listed under Numerische Mathematik personnel. [collected in the University of Potsdam faculty slice: mathnat]"
Chitchanok Chuengsatiansup,Prof. Dr. | Fachgebiet Cybersecurity - High-Assurance Systems,Digital Engineering Fakultät - Fachgebiet Cybersecurity - High-Assurance Systems; Digital Engineering Fakultät (gemeinsame Fakultät der Universität Potsdam und des Hasso-Plattner-Instituts),"Hasso-Plattner-Institut: the UP Digital-Engineering faculty page lists this person under 'Fachgebiete' with the link pointing to the HPI chair page (hpi.de/forschung/fachgebiete/...), and hpi.de lists the same person under 'HPI-Fachgebiete' - i.e. shown as HPI Fachgebietsleiter/in (chair holder at HPI) while being a professor of the joint UP Digital Engineering Fakultät",https://hpi.de/forschung/fachgebiete/cybersecurity-high-assurance-systems/,https://www.uni-potsdam.de/de/digital-engineering/forschung/fachgebiete,"campus=Griebnitzsee; evidence: DE-Fakultaet/HPI ""Kontakt"" block gives Prof.-Dr.-Helmert-Str. 2-3, 14482 Potsdam [collected in the University of Potsdam faculty slice: human_de]"
Dana Bergmann,Professur für Berufspädagogik (in Vertretung),"Fachgruppe Ökonomische und Technische Bildung, Wirtschafts- und Sozialwissenschaftliche Fakultät",,https://www.uni-potsdam.de/de/wiso/fakultaet/professuren-personen/wirtschaftspaedagogik-fuer-das-berufliche-lehramt,https://www.uni-potsdam.de/de/wiso/fakultaet/professuren-personen,"Vertretungsprofessur (interim chair holder) - listed by the faculty as 'Prof. Dr. Dana Bergmann (in Vertretung)'. campus=Griebnitzsee (August-Bebel-Str. 89, 14482 Potsdam); evidence=chair page address. confidence=medium (interim status) [collected in the University of Potsdam faculty slice: wiso_phil]"
Andreas Degen,Akademischer Mitarbeiter Literaturwissenschaft,"Institut für Germanistik, Philosophische Fakultät",,,https://www.uni-potsdam.de/de/germanistik/institut/professuren-und-arbeitsgebiete,"Listed by the institute with a Prof. title but under 'Akademischer Mitarbeiter', i.e. probably an apl./außerplanmäßige professorship rather than an independent chair; INCLUDED per instruction to prefer a low-confidence row. campus=Neues Palais (Am Neuen Palais 10, 14469 Potsdam); evidence=institute website postal address. confidence=low, missing: rank of the professorship [collected in the University of Potsdam faculty slice: wiso_phil]"
Carsten Denker,Außerplanmäßige Professuren - Sonnenphysik,"Sonnenphysik, Institut für Physik und Astronomie",,,https://www.uni-potsdam.de/de/physik/institut/professuren,"campus=Golm. Evidence: institute contact block 'Campus Golm, Haus 28, Karl-Liebknecht-Straße 24/25, 14476 Potsdam OT Golm'. confidence=low: außerplanmäßige Professur; included because the page assigns each apl. professor a named group. page names no other institution (group 'Sonnenphysik' only) [collected in the University of Potsdam faculty slice: mathnat]"
Bernhard Diekmann,Gemeinsam berufene und außerplanmäßige ProfessorInnen und PrivatdozentInnen an außeruniversitären Forschungseinrichtungen - Quartärgeologie [AWI] | Prof. Dr.,"Quartärgeologie [AWI], Institut für Geowissenschaften",AWI (Alfred-Wegener-Institut) Potsdam,,https://www.uni-potsdam.de/de/geo/institut/mitarbeiter,"campus=Golm. Evidence: institute contact block 'Campus Golm / Haus 27, Karl-Liebknecht-Str. 24-25, 14476 Potsdam'. Joint/apl. appointment: primary site is AWI Potsdam, Telegrafenberg A45 - off-campus; the UP institute itself is at Golm Haus 27. [collected in the University of Potsdam faculty slice: mathnat]"
Christian Dörr,Prof. Dr. | Fachgebiet Cybersecurity - Enterprise Security,Digital Engineering Fakultät - Fachgebiet Cybersecurity - Enterprise Security; Digital Engineering Fakultät (gemeinsame Fakultät der Universität Potsdam und des Hasso-Plattner-Instituts),"Hasso-Plattner-Institut: the UP Digital-Engineering faculty page lists this person under 'Fachgebiete' with the link pointing to the HPI chair page (hpi.de/forschung/fachgebiete/...), and hpi.de lists the same person under 'HPI-Fachgebiete' - i.e. shown as HPI Fachgebietsleiter/in (chair holder at HPI) while being a professor of the joint UP Digital Engineering Fakultät",https://hpi.de/forschung/fachgebiete/cybersecurity-enterprise-security.html,https://www.uni-potsdam.de/de/digital-engineering/forschung/fachgebiete,"campus=Griebnitzsee; evidence: DE-Fakultaet/HPI ""Kontakt"" block gives Prof.-Dr.-Helmert-Str. 2-3, 14482 Potsdam [collected in the University of Potsdam faculty slice: human_de]"
Björn Egbert,Prof. Dr. paed. | Grundschulpädagogik Sachunterricht: Schwerpunkt Naturwissenschaften,"Department Grundschulpädagogik, Humanwissenschaftliche Fakultät (Strukturbereich Bildungswissenschaften)",,https://www.uni-potsdam.de/de/gsp-sachunterricht/,https://www.uni-potsdam.de/de/bildungswissenschaften/studienbereiche/grundschulpaedagogik,"campus=Golm (Wissenschaftspark); evidence: unit ""Kontakt"" block gives Karl-Liebknecht-Str. 24-25, 14476 Potsdam OT Golm (Haus 16) [collected in the University of Potsdam faculty slice: human_de]"
Antje Ehlert,Prof. Dr. | Inklusionspädagogik - Förderschwerpunkt Lernen,"Department Inklusionspädagogik, Humanwissenschaftliche Fakultät (Strukturbereich Bildungswissenschaften)",,https://www.uni-potsdam.de/de/inklusion/lernen,https://www.uni-potsdam.de/de/bildungswissenschaften/studienbereiche/inklusionspaedagogik,"campus=Golm (Wissenschaftspark); evidence: unit ""Kontakt"" block gives Karl-Liebknecht-Str. 24-25, 14476 Potsdam OT Golm [collected in the University of Potsdam faculty slice: human_de]"
Elias Ehrlich,Tenure-Track Professuren und Juniorprofessuren - Quantitative Naturschutzbiologie,"AG Quantitative Naturschutzbiologie, Institut für Biochemie und Biologie",,,https://www.uni-potsdam.de/de/ibb/arbeitsgruppen/professuren-ags,"campus=Golm. Evidence: IBB 'Standorte' page names 'Standort Golm ... Karl-Liebknecht-Straße 24-25, 14476 Potsdam' as Hauptstandort der Arbeitsgruppen; second IBB site 'Maulbeerallee' (Botanischer Garten, near Neues Palais) exists for the Botanical Garden. [collected in the University of Potsdam faculty slice: mathnat]"
Elke Dittmann,Ordentliche Professuren - Mikrobiologie,"AG Mikrobiologie, Institut für Biochemie und Biologie",,,https://www.uni-potsdam.de/de/ibb/arbeitsgruppen/professuren-ags,"campus=Golm. Evidence: IBB 'Standorte' page names 'Standort Golm ... Karl-Liebknecht-Straße 24-25, 14476 Potsdam' as Hauptstandort der Arbeitsgruppen; second IBB site 'Maulbeerallee' (Botanischer Garten, near Neues Palais) exists for the Botanical Garden. [collected in the University of Potsdam faculty slice: mathnat]"
Birgit Elsner,Prof. Dr. | Professur Entwicklungspsychologie,"Department Psychologie, Humanwissenschaftliche Fakultät (Strukturbereich Kognitionswissenschaften)",,https://www.uni-potsdam.de/de/psych-developmental/index,https://www.uni-potsdam.de/de/kognitionswissenschaften/zusammensetzung-des-strukturbereichs/professuren-im-department-psychologie,"campus=Golm (Wissenschaftspark); evidence: unit ""Kontakt"" block gives Karl-Liebknecht-Str. 24-25, 14476 Potsdam OT Golm [collected in the University of Potsdam faculty slice: human_de]"
Eva Eibl,ProfessorInnen - Allgemeine Geophysik | Prof. Dr.,"Allgemeine Geophysik, Institut für Geowissenschaften",,,https://www.uni-potsdam.de/de/geo/institut/mitarbeiter,"campus=Golm. Evidence: institute contact block 'Campus Golm / Haus 27, Karl-Liebknecht-Str. 24-25, 14476 Potsdam'. [collected in the University of Potsdam faculty slice: mathnat]"
Fabrice Cotton,Gemeinsam berufene und außerplanmäßige ProfessorInnen und PrivatdozentInnen an außeruniversitären Forschungseinrichtungen - Engineering Seismology and Seismic Hazard [ GFZ ] | Prof. Dr.,"Engineering Seismology and Seismic Hazard [ GFZ ], Institut für Geowissenschaften",GFZ,,https://www.uni-potsdam.de/de/geo/institut/mitarbeiter,"campus=Golm. Evidence: institute contact block 'Campus Golm / Haus 27, Karl-Liebknecht-Str. 24-25, 14476 Potsdam'. Joint/apl. appointment: primary site is GFZ Telegrafenberg - off-campus; the UP institute itself is at Golm Haus 27. [collected in the University of Potsdam faculty slice: mathnat]"
Doris Fay,Prof. Dr. | Professur Arbeits- und Organisationspsychologie,"Department Psychologie, Humanwissenschaftliche Fakultät (Strukturbereich Kognitionswissenschaften)",,https://www.uni-potsdam.de/de/work-psychology/index,https://www.uni-potsdam.de/de/kognitionswissenschaften/zusammensetzung-des-strukturbereichs/professuren-im-department-psychologie,"campus=Golm (Wissenschaftspark); evidence: unit ""Kontakt"" block gives Karl-Liebknecht-Str. 24-25, 14476 Potsdam OT Golm [collected in the University of Potsdam faculty slice: human_de]"
Alisdair Fernie,Honorarprofessuren - Zentraler Metabolismus,"Zentraler Metabolismus, Institut für Biochemie und Biologie",Max-Planck-Institut für Molekulare Pflanzenphysiologie - printed after the name; primary employer,,https://www.uni-potsdam.de/de/ibb/arbeitsgruppen/professuren-ags,"campus=Golm. Evidence: IBB 'Standorte' page names 'Standort Golm ... Karl-Liebknecht-Straße 24-25, 14476 Potsdam' as Hauptstandort der Arbeitsgruppen; second IBB site 'Maulbeerallee' (Botanischer Garten, near Neues Palais) exists for the Botanical Garden. confidence=low / FLAGGED: Honorarprofessur; spec says EXCLUDE honorary. Row kept for visibility. MPI-MP is on the Golm science park (Am Mühlenberg 1, 14476 Potsdam-Golm), adjacent to but not part of the UP Golm campus. [collected in the University of Potsdam faculty slice: mathnat]"
Alexander Föhlisch,Gemeinsam berufene Professuren - Helmholtz-Zentrum Berlin,Institut für Physik und Astronomie,Helmholtz-Zentrum Berlin - gemeinsame Berufung (listed by UP under 'Gemeinsam berufene Professuren'),,https://www.uni-potsdam.de/de/physik/institut/professuren,"campus=Golm. Evidence: institute contact block 'Campus Golm, Haus 28, Karl-Liebknecht-Straße 24/25, 14476 Potsdam OT Golm'. Nominal UP institute is at Golm, but the person's day-to-day site is the partner institute: HZB is in Berlin-Adlershof/Wannsee - off-campus. Joint appointment. [collected in the University of Potsdam faculty slice: mathnat]"
Audrey Bürki-Foschini,Prof. Dr. | Gastprofessorin,"Department Linguistik, Humanwissenschaftliche Fakultät (Strukturbereich Kognitionswissenschaften)",,,https://www.uni-potsdam.de/de/ling/index/personen/personalliste-gesamt,"campus=Golm; evidence: Department Linguistik contact block ""Campus Golm, Karl-Liebknecht-Str. 24/25, Haus 14""; confidence=low - listed as 'Gastprofessorin' on the department personnel list, i.e. a visiting title, which the collection rules would normally exclude; included because she may hold an independent group at UP [collected in the University of Potsdam faculty slice: human_de]"
Bertrand Fournier,"HochschullehrerInnen - Landschaftsökologie | JProf., PhD","AG Landschaftsökologie, Institut für Umweltwissenschaften und Geographie",,,https://www.uni-potsdam.de/de/umwelt/institut/alle-mitarbeiterinnen,"campus=Golm. Evidence: 'Kontakt und Lageplan' page: 'Universität Potsdam, OT Golm, Karl-Liebknecht-Str. 24-25, 14476 Potsdam'; offices in Haus 32 and Haus 12 (Geoökologie) and Haus 24 (Geographie). [collected in the University of Potsdam faculty slice: mathnat]"
Frank Bösch,Professur für Deutsche und Europäische Geschichte des 20. Jahrhunderts (Gemeinsame Berufung),"Historisches Institut, Philosophische Fakultät",Leibniz-Zentrum für Zeithistorische Forschung Potsdam (ZZF): director; joint appointment (the faculty lists this chair under 'Gemeinsame Berufung'),https://www.uni-potsdam.de/hi-europaeische-geschichte/index.html,https://www.uni-potsdam.de/de/philfak/fakultaet/personalia/professorium,"JOINT APPOINTMENT UP + ZZF Potsdam (ZZF is at Am Neuen Markt 1, Potsdam city centre, not on a UP campus). UP side campus=Neues Palais (Am Neuen Palais 10, 14469 Potsdam); evidence=institute website postal address. confidence=medium for the partner institution (named on the ZZF/UP pages, not verbatim on the professorium page) [collected in the University of Potsdam faculty slice: wiso_phil]"
Birte Friedrich,Professuren am Institut für Mathematik - Didaktik der Mathematik | Prof. Dr.,"Didaktik der Mathematik, Institut für Mathematik",,,https://www.math.uni-potsdam.de/professuren,"campus=Golm. Evidence: institute contact block 'Institut für Mathematik, Campus Golm, Haus 9, Karl-Liebknecht-Str. 24-25, D-14476 Potsdam OT Golm'. [collected in the University of Potsdam faculty slice: mathnat]"
Gabriele Arnold,Gemeinsam berufene und außerplanmäßige ProfessorInnen und PrivatdozentInnen an außeruniversitären Forschungseinrichtungen - Planetare Fernerkundung | Prof. Dr.,"Planetare Fernerkundung, Institut für Geowissenschaften","DLR (Deutsches Zentrum für Luft- und Raumfahrt) - email gabriele.arnold@dlr.de, Berlin phone number",,https://www.uni-potsdam.de/de/geo/institut/mitarbeiter,"campus=Golm. Evidence: institute contact block 'Campus Golm / Haus 27, Karl-Liebknecht-Str. 24-25, 14476 Potsdam'. Joint/apl. appointment: primary site is DLR Berlin-Adlershof - off-campus; the UP institute itself is at Golm Haus 27. [collected in the University of Potsdam faculty slice: mathnat]"
Adamantios Gafos,Prof. Dr. | Professur Grammatiktheorie: Schwerpunkt Phonologie,"Department Linguistik, Humanwissenschaftliche Fakultät (Strukturbereich Kognitionswissenschaften)",,https://www.uni-potsdam.de/de/ling/professuren/professur-fuer-grammatiktheorie-schwerpunkt-phonologie,https://www.uni-potsdam.de/de/kognitionswissenschaften/zusammensetzung-des-strukturbereichs/professuren-im-department-linguistik,"campus=Golm; evidence: Department Linguistik contact block ""Campus Golm, Karl-Liebknecht-Str. 24/25, Haus 14""; faculty list spells 'Adamantios Ioannis Gafos' [collected in the University of Potsdam faculty slice: human_de]"
Georg Feulner,Außerplanmäßige Professuren - Vergangenheit und Zukunft der Erde,"Vergangenheit und Zukunft der Erde, Institut für Physik und Astronomie",,,https://www.uni-potsdam.de/de/physik/institut/professuren,"campus=Golm. Evidence: institute contact block 'Campus Golm, Haus 28, Karl-Liebknecht-Straße 24/25, 14476 Potsdam OT Golm'. confidence=low: außerplanmäßige Professur; included because the page assigns each apl. professor a named group. page names no other institution explicitly (group name only) [collected in the University of Potsdam faculty slice: mathnat]"
Doreen Georgi,Prof. Dr. | Professur Variation und Variabilität in morphosyntaktischen / morphologischen Systemen,"Department Linguistik, Humanwissenschaftliche Fakultät (Strukturbereich Kognitionswissenschaften)",,https://www.uni-potsdam.de/de/ling/professuren/professur-variation-und-variabilitaet-in-morphosyntaktischen-/-morphologischen-systemen,https://www.uni-potsdam.de/de/kognitionswissenschaften/zusammensetzung-des-strukturbereichs/professuren-im-department-linguistik,"campus=Golm; evidence: Department Linguistik contact block ""Campus Golm, Karl-Liebknecht-Str. 24/25, Haus 14"" [collected in the University of Potsdam faculty slice: human_de]"
Dominik Geppert,Professur für Neuere Geschichte I (19./20. Jahrhundert),"Historisches Institut, Philosophische Fakultät",,https://www.uni-potsdam.de/hi-neuere-geschichte/index.html,https://www.uni-potsdam.de/de/philfak/fakultaet/personalia/professorium,"campus=Neues Palais (Am Neuen Palais 10, 14469 Potsdam); evidence=institute website postal address [collected in the University of Potsdam faculty slice: wiso_phil]"
Frauke Brosius-Gersdorf,"Lehrstuhl für Öffentliches Recht, insbesondere Verfassungsrecht und Sozialrecht","Fachbereich Öffentliches Recht, Juristische Fakultät",,https://www.uni-potsdam.de/de/lehrstuhl-brosius-gersdorf,https://www.uni-potsdam.de/de/jura/ful/lehrstuehle-und-professuren/oeffentliches-recht,"campus=Griebnitzsee (August-Bebel-Str. 89, 14482 Potsdam); evidence=Juristische Fakultät contact block (chair page gave no own address) [collected in the University of Potsdam faculty slice: wiso_phil]"
Annette Gerstenberg,Professur für Romanische Sprachwissenschaft (Französisch und Italienisch),"Institut für Romanistik, Philosophische Fakultät",,http://www.uni-potsdam.de/romanistik-gerstenberg/,https://www.uni-potsdam.de/de/philfak/fakultaet/personalia/professorium,"campus=Neues Palais (Am Neuen Palais 10, 14469 Potsdam); evidence=institute website postal address [collected in the University of Potsdam faculty slice: wiso_phil]"
Gideon Botsch,außerplanmäßiger Professor für Politikwissenschaft,"Fachgruppe Politik- und Verwaltungswissenschaft, Wirtschafts- und Sozialwissenschaftliche Fakultät","Moses Mendelssohn Zentrum für europäisch-jüdische Studien (MMZ), Potsdam: personal page hosted at mmz-potsdam.de",https://www.mmz-potsdam.de/dr-gideon-botsch.html,https://www.uni-potsdam.de/de/wiso/fakultaet/professuren-personen,"apl. Professor - titular rather than budgeted chair; INCLUDED per instruction. Day-to-day seat is the MMZ, Am Neuen Palais 10 Haus 2 (Neues Palais area) per MMZ; campus=unclear, confidence=low, missing: explicit address on the fetched page [collected in the University of Potsdam faculty slice: wiso_phil]"
Gillian Bolsover,"Prof. Dr. | Fachgebiet Digital Technology, Governance and Policy","Digital Engineering Fakultät - Fachgebiet Digital Technology, Governance and Policy; Digital Engineering Fakultät (gemeinsame Fakultät der Universität Potsdam und des Hasso-Plattner-Instituts)","Hasso-Plattner-Institut: the UP Digital-Engineering faculty page lists this person under 'Fachgebiete' with the link pointing to the HPI chair page (hpi.de/forschung/fachgebiete/...), and hpi.de lists the same person under 'HPI-Fachgebiete' - i.e. shown as HPI Fachgebietsleiter/in (chair holder at HPI) while being a professor of the joint UP Digital Engineering Fakultät",https://hpi.de/forschung/fachgebiete/digital-technology-governance-and-policy.html,https://www.uni-potsdam.de/de/digital-engineering/forschung/fachgebiete,"campus=Griebnitzsee; evidence: DE-Fakultaet/HPI ""Kontakt"" block gives Prof.-Dr.-Helmert-Str. 2-3, 14482 Potsdam [collected in the University of Potsdam faculty slice: human_de]"
Grischa Beier,Professur für Nachhaltigkeit in der Digitalisierung (gemeinsame Berufung mit dem GFZ Potsdam),"Fachgruppe Betriebswirtschaftslehre, Wirtschafts- und Sozialwissenschaftliche Fakultät","GFZ Helmholtz-Zentrum Potsdam - Deutsches GeoForschungsZentrum: joint appointment (gemeinsame Berufung), personal page hosted at gfz.de",https://www.gfz.de/staff/grischa.beier,https://www.uni-potsdam.de/de/wiso/fakultaet/professuren-personen,"JOINT APPOINTMENT UP + GFZ Potsdam. campus=unclear for the UP part; GFZ is on Telegrafenberg, Potsdam (not one of the three UP campuses). confidence=low, missing: room/building at UP [collected in the University of Potsdam faculty slice: wiso_phil]"
Guido Grosse,Gemeinsam berufene und außerplanmäßige ProfessorInnen und PrivatdozentInnen an außeruniversitären Forschungseinrichtungen - Permafrost im Erdsystem | Prof. Dr.,"Permafrost im Erdsystem, Institut für Geowissenschaften",AWI - email guido.grosse@awi.de,,https://www.uni-potsdam.de/de/geo/institut/mitarbeiter,"campus=Golm. Evidence: institute contact block 'Campus Golm / Haus 27, Karl-Liebknecht-Str. 24-25, 14476 Potsdam'. Joint/apl. appointment: primary site is AWI Potsdam, Telegrafenberg - off-campus; the UP institute itself is at Golm Haus 27. [collected in the University of Potsdam faculty slice: mathnat]"
Andreas Güntner,Gemeinsam berufene HochschullehrerInnen an außeruniversitären Forschungsinstitutionen und außerplanmäßige Professuren - Hydrogravimetrie [ GFZ ] | Prof. Dr.,"Hydrogravimetrie [ GFZ ], Institut für Umweltwissenschaften und Geographie",GFZ Helmholtz-Zentrum Potsdam - gemeinsam berufen mit GFZ,,https://www.uni-potsdam.de/de/umwelt/institut/alle-mitarbeiterinnen,"campus=Golm. Evidence: 'Kontakt und Lageplan' page: 'Universität Potsdam, OT Golm, Karl-Liebknecht-Str. 24-25, 14476 Potsdam'; offices in Haus 32 and Haus 12 (Geoökologie) and Haus 24 (Geographie). Joint appointment; primary site GFZ Telegrafenberg - off-campus. [collected in the University of Potsdam faculty slice: mathnat]"
Christian Hallmann,Gemeinsam berufene und außerplanmäßige ProfessorInnen und PrivatdozentInnen an außeruniversitären Forschungseinrichtungen - Organische Geochemie [ GFZ ] | Prof. Dr.,"Organische Geochemie [ GFZ ], Institut für Geowissenschaften",GFZ,,https://www.uni-potsdam.de/de/geo/institut/mitarbeiter,"campus=Golm. Evidence: institute contact block 'Campus Golm / Haus 27, Karl-Liebknecht-Str. 24-25, 14476 Potsdam'. Joint/apl. appointment: primary site is GFZ Telegrafenberg - off-campus; the UP institute itself is at Golm Haus 27. [collected in the University of Potsdam faculty slice: mathnat]"
Hanna Dumont,Prof. Dr. | Professur für Pädagogische Psychologie m. d. S. schulische Lehr-Lern-Prozesse,"Department Erziehungswissenschaft, Humanwissenschaftliche Fakultät (Strukturbereich Bildungswissenschaften)",,https://www.uni-potsdam.de/de/paedpsy/index,https://www.uni-potsdam.de/de/bildungswissenschaften/studienbereiche/erziehungswissenschaft,"campus=Golm (Wissenschaftspark); evidence: unit ""Kontakt"" block gives Karl-Liebknecht-Str. 24-25, 14476 Potsdam OT Golm [collected in the University of Potsdam faculty slice: human_de]"
Heiko Christians,Professur für Medienkulturgeschichte,"Institut für Künste und Medien, Philosophische Fakultät",,http://www.heiko-christians.de/,https://www.uni-potsdam.de/de/philfak/fakultaet/personalia/professorium,"campus=Neues Palais (Am Neuen Palais 10, 14469 Potsdam); evidence=institute website postal address [collected in the University of Potsdam faculty slice: wiso_phil]"
Carsten Henkel,Außerplanmäßige Professuren - Quantenoptik,"Quantenoptik, Institut für Physik und Astronomie",,,https://www.uni-potsdam.de/de/physik/institut/professuren,"campus=Golm. Evidence: institute contact block 'Campus Golm, Haus 28, Karl-Liebknecht-Straße 24/25, 14476 Potsdam OT Golm'. confidence=low: außerplanmäßige Professur; included because the page assigns each apl. professor a named group. based at the UP physics institute [collected in the University of Potsdam faculty slice: mathnat]"
Henning Bordihn,PD Dr. rer. nat. habil. Henning Bordihn — Theoretische Informatik,"Theoretische Informatik (Arbeitsgruppen), Institut für Informatik und Computational Science, Mathematisch-Naturwissenschaftliche Fakultät",,,https://www.uni-potsdam.de/de/cs/research/index,"campus=Golm (Institut für Informatik und Computational Science, An der Bahn 2 / Karl-Liebknecht-Str. 24-25, 14476 Potsdam OT Golm; the Mathematisch-Naturwissenschaftliche Fakultät is at Golm per https://www.uni-potsdam.de/de/fakultaeten/uebersicht). confidence=low: listed under 'Arbeitsgruppen' rather than 'Professuren' on the institute's research page, so whether this is an independent position is not established from the page; recorded rather than dropped. Added by the merging agent after cross-checking the institute research page against the faculty slice output, which omitted him."
Heribert Dieter,außerplanmäßiger Professor für Politikwissenschaft,"Fachgruppe Politik- und Verwaltungswissenschaft, Wirtschafts- und Sozialwissenschaftliche Fakultät","Stiftung Wissenschaft und Politik (SWP), Berlin: personal page hosted at swp-berlin.org",https://www.swp-berlin.org/wissenschaftler-detail/heribert-dieter/,https://www.uni-potsdam.de/de/wiso/fakultaet/professuren-personen,"apl. Professor - titular rather than budgeted chair; INCLUDED per instruction. Day-to-day seat is SWP Berlin. campus=unclear, confidence=low [collected in the University of Potsdam faculty slice: wiso_phil]"
Britta Freitag-Hild,Professur für Didaktik der Anglistik und Amerikanistik mit dem Schwerpunkt interkulturelles Lernen,"Institut für Anglistik und Amerikanistik, Philosophische Fakultät",,https://www.uni-potsdam.de/en/tefl/index,https://www.uni-potsdam.de/de/philfak/fakultaet/personalia/professorium,"campus=Neues Palais (Am Neuen Palais 10, 14469 Potsdam); evidence=institute website postal address [collected in the University of Potsdam faculty slice: wiso_phil]"
Barbara Höhle,Prof. Dr. | Professur Psycholinguistik mit dem Schwerpunkt Spracherwerb,"Department Linguistik, Humanwissenschaftliche Fakultät (Strukturbereich Kognitionswissenschaften)",,https://www.uni-potsdam.de/de/ling/professuren/professur-fuer-psycholinguistik-mit-dem-schwerpunkt-spracherwerb,https://www.uni-potsdam.de/de/kognitionswissenschaften/zusammensetzung-des-strukturbereichs/professuren-im-department-linguistik,"campus=Golm; evidence: Department Linguistik contact block ""Campus Golm, Karl-Liebknecht-Str. 24/25, Haus 14"" [collected in the University of Potsdam faculty slice: human_de]"
Holger Giese,Prof. Dr. | Fachgebiet Systemanalyse und Modellierung,Digital Engineering Fakultät - Fachgebiet Systemanalyse und Modellierung; Digital Engineering Fakultät (gemeinsame Fakultät der Universität Potsdam und des Hasso-Plattner-Instituts),"Hasso-Plattner-Institut: the UP Digital-Engineering faculty page lists this person under 'Fachgebiete' with the link pointing to the HPI chair page (hpi.de/forschung/fachgebiete/...), and hpi.de lists the same person under 'HPI-Fachgebiete' - i.e. shown as HPI Fachgebietsleiter/in (chair holder at HPI) while being a professor of the joint UP Digital Engineering Fakultät",https://hpi.de/forschung/fachgebiete/systemanalyse-und-modellierung.html,https://www.uni-potsdam.de/de/digital-engineering/forschung/fachgebiete,"campus=Griebnitzsee; evidence: DE-Fakultaet/HPI ""Kontakt"" block gives Prof.-Dr.-Helmert-Str. 2-3, 14482 Potsdam [collected in the University of Potsdam faculty slice: human_de]"
Alexander Huppertz,Apl. Prof. Dr. med. | Außerplanmäßige Professur,"Department Sport- und Gesundheitswissenschaften, Humanwissenschaftliche Fakultät",,,https://www.uni-potsdam.de/de/humfak/fakultaet/struktur-und-professuren-der-fakultaet/ausserplanmaessige-professuren,"campus=unclear - the apl.-Professuren page lists names only, no addresses; confidence=low - the faculty states 'Die ausserplanmaessige Professur allein begruendet kein Dienstverhaeltnis', i.e. a title without a post, which the collection rules would normally exclude; included so it can be decided downstream [collected in the University of Potsdam faculty slice: human_de]"
Ilko Bald,Professuren (Institut für Chemie) - Hybride Nanostrukturen,"Hybride Nanostrukturen, Institut für Chemie",,https://www.uni-potsdam.de/hns,https://www.chem.uni-potsdam.de/index.php?lang=de&action=profs,"campus=Golm. Evidence: chem.uni-potsdam.de homepage text 'Sie finden uns im Wissenschaftspark Golm'; address 'Karl-Liebknecht-Str. 24-25, 14476 Potsdam'; Institutsleitung room 'Haus 26 / 2.61'; other rooms Haus 25 / Haus 29. Also listed as 'Prof. Ilko Bald (komm.)' for the Professur Physikalische Chemie (acting). [collected in the University of Potsdam faculty slice: mathnat]"
Ingolf Hertel,Honorarprofessuren - Max-Born-Institut für Nichtlineare Optik und Kurzzeitspektroskopie,Institut für Physik und Astronomie,Max-Born-Institut für Nichtlineare Optik und Kurzzeitspektroskopie - primary employer (Honorarprofessur at UP),,https://www.uni-potsdam.de/de/physik/institut/professuren,"campus=Golm. Evidence: institute contact block 'Campus Golm, Haus 28, Karl-Liebknecht-Straße 24/25, 14476 Potsdam OT Golm'. confidence=low / FLAGGED: Honorarprofessur. The task spec says to EXCLUDE honorary professors; row kept so the omission is visible downstream. Primary institution is Max-Born-Institut für Nichtlineare Optik und Kurzzeitspektroskopie, not UP. [collected in the University of Potsdam faculty slice: mathnat]"
Iris Baumgardt,Prof. Dr. | Grundschulpädagogik Sachunterricht: Schwerpunkt Gesellschaftswissenschaften,"Department Grundschulpädagogik, Humanwissenschaftliche Fakultät (Strukturbereich Bildungswissenschaften)",,https://www.uni-potsdam.de/de/grundschulpaedagogik/grundschulpaedagogik-sachunterricht-schwerpunkt-gesellschaftswissenschaften,https://www.uni-potsdam.de/de/bildungswissenschaften/studienbereiche/grundschulpaedagogik,"campus=Golm (Wissenschaftspark); evidence: unit ""Kontakt"" block gives Karl-Liebknecht-Str. 24-25, 14476 Potsdam OT Golm [collected in the University of Potsdam faculty slice: human_de]"
Isabel Bäurle,Ordentliche Professuren - Pflanzliche Epigenetik,"AG Pflanzliche Epigenetik, Institut für Biochemie und Biologie",,,https://www.uni-potsdam.de/de/ibb/arbeitsgruppen/professuren-ags,"campus=Golm. Evidence: IBB 'Standorte' page names 'Standort Golm ... Karl-Liebknecht-Straße 24-25, 14476 Potsdam' as Hauptstandort der Arbeitsgruppen; second IBB site 'Maulbeerallee' (Botanischer Garten, near Neues Palais) exists for the Botanical Garden. [collected in the University of Potsdam faculty slice: mathnat]"
Jan Härter,Ordentliche Professuren - Computational Physics,"Computational Physics, Institut für Physik und Astronomie",,,https://www.uni-potsdam.de/de/physik/institut/professuren,"campus=Golm. Evidence: institute contact block 'Campus Golm, Haus 28, Karl-Liebknecht-Straße 24/25, 14476 Potsdam OT Golm'. [collected in the University of Potsdam faculty slice: mathnat]"
Jana Buschmann,Dr. | Lehrstuhlinhaberin/Vertretung Musikpädagogik und -didaktik,"Department Musik und Kunst, Humanwissenschaftliche Fakultät (Strukturbereich Bildungswissenschaften)",,https://www.uni-potsdam.de/de/musik/professuren-abteilungen/professur-fuer-musikpaedagogik-und-musikdidaktik,https://www.uni-potsdam.de/de/bildungswissenschaften/studienbereiche/musik-und-kunst,"campus=Golm; evidence: Musik unit contact block ""Universitaet Potsdam (Standort Golm), Karl-Liebknecht-Str. 24-25, Haus 6, 14476 Potsdam""; confidence=low - Lehrstuhlvertretung of a vacant chair (Berufungsverfahren 'Musikpaedagogik und Musikdidaktik' running) [collected in the University of Potsdam faculty slice: human_de]"
Jana Eccard,Ordentliche Professuren - Tierökologie,"AG Tierökologie, Institut für Biochemie und Biologie",,,https://www.uni-potsdam.de/de/ibb/arbeitsgruppen/professuren-ags,"campus=Golm. Evidence: IBB 'Standorte' page names 'Standort Golm ... Karl-Liebknecht-Straße 24-25, 14476 Potsdam' as Hauptstandort der Arbeitsgruppen; second IBB site 'Maulbeerallee' (Botanischer Garten, near Neues Palais) exists for the Botanical Garden. [collected in the University of Potsdam faculty slice: mathnat]"
Janet Anders,Ordentliche Professuren - Theoretische Quantenphysik,"Theoretische Quantenphysik, Institut für Physik und Astronomie",,,https://www.uni-potsdam.de/de/physik/institut/professuren,"campus=Golm. Evidence: institute contact block 'Campus Golm, Haus 28, Karl-Liebknecht-Straße 24/25, 14476 Potsdam OT Golm'. [collected in the University of Potsdam faculty slice: mathnat]"
Jean Braun,Gemeinsam berufene und außerplanmäßige ProfessorInnen und PrivatdozentInnen an außeruniversitären Forschungseinrichtungen - Modellierung von Erdoberflächenprozessen [GFZ] | Prof. Dr.,"Modellierung von Erdoberflächenprozessen [GFZ], Institut für Geowissenschaften",GFZ - printed '[GFZ]',,https://www.uni-potsdam.de/de/geo/institut/mitarbeiter,"campus=Golm. Evidence: institute contact block 'Campus Golm / Haus 27, Karl-Liebknecht-Str. 24-25, 14476 Potsdam'. Joint/apl. appointment: primary site is GFZ Telegrafenberg, 14473 Potsdam - off-campus; the UP institute itself is at Golm Haus 27. [collected in the University of Potsdam faculty slice: mathnat]"
Florian Jeltsch,Ordentliche Professuren - Vegetationsökologie und Naturschutz,"AG Vegetationsökologie und Naturschutz, Institut für Biochemie und Biologie",,,https://www.uni-potsdam.de/de/ibb/arbeitsgruppen/professuren-ags,"campus=Golm. Evidence: IBB 'Standorte' page names 'Standort Golm ... Karl-Liebknecht-Straße 24-25, 14476 Potsdam' as Hauptstandort der Arbeitsgruppen; second IBB site 'Maulbeerallee' (Botanischer Garten, near Neues Palais) exists for the Botanical Garden. [collected in the University of Potsdam faculty slice: mathnat]"
Jenny Haase,Professur für französisch- und spanischsprachige Literaturen (Französisch/Spanisch),"Institut für Romanistik, Philosophische Fakultät",,https://www.uni-potsdam.de/de/romanistik-ette/,https://www.uni-potsdam.de/de/philfak/fakultaet/personalia/professorium,"campus=Neues Palais (Am Neuen Palais 10, 14469 Potsdam); evidence=institute website postal address [collected in the University of Potsdam faculty slice: wiso_phil]"
Hua Jiang,Nachwuchsgruppen - Pflanzenreproduktion und Stressresistenz | Heisenberg-Nachwuchsgruppe - Epigenetik der Pflanzen,"Pflanzenreproduktion und Stressresistenz, Institut für Biochemie und Biologie",,,https://www.uni-potsdam.de/de/ibb/arbeitsgruppen/professuren-ags,"campus=Golm. Evidence: IBB 'Standorte' page names 'Standort Golm ... Karl-Liebknecht-Straße 24-25, 14476 Potsdam' as Hauptstandort der Arbeitsgruppen; second IBB site 'Maulbeerallee' (Botanischer Garten, near Neues Palais) exists for the Botanical Garden. Independent junior research group leader (Nachwuchsgruppenleitung) per the institute's 'Nachwuchsgruppen' section. [collected in the University of Potsdam faculty slice: mathnat]"
Jiska Classen,Prof. Dr.-Ing. | Fachgebiet Mobile and Wireless Security,Digital Engineering Fakultät - Fachgebiet Mobile and Wireless Security; Digital Engineering Fakultät (gemeinsame Fakultät der Universität Potsdam und des Hasso-Plattner-Instituts),"Hasso-Plattner-Institut: the UP Digital-Engineering faculty page lists this person under 'Fachgebiete' with the link pointing to the HPI chair page (hpi.de/forschung/fachgebiete/...), and hpi.de lists the same person under 'HPI-Fachgebiete' - i.e. shown as HPI Fachgebietsleiter/in (chair holder at HPI) while being a professor of the joint UP Digital Engineering Fakultät",https://hpi.de/forschung/fachgebiete/mobile-and-wireless-security/,https://www.uni-potsdam.de/de/digital-engineering/forschung/fachgebiete,"campus=Griebnitzsee; evidence: DE-Fakultaet/HPI ""Kontakt"" block gives Prof.-Dr.-Helmert-Str. 2-3, 14482 Potsdam [collected in the University of Potsdam faculty slice: human_de]"
Johann Hafner,Professur für Religionswissenschaft mit dem Schwerpunkt Christentum,"Institut für Jüdische Studien und Religionswissenschaft, Philosophische Fakultät",Institut für Lebensgestaltung-Ethik-Religion (LER): teaching member,https://www.uni-potsdam.de/de/js-rw/das-institut/profchristentum/prof-dr-johann-ev-hafner,https://www.uni-potsdam.de/de/philfak/fakultaet/personalia/professorium,"campus=Neues Palais (Am Neuen Palais 10, 14469 Potsdam); evidence=institute website postal address [collected in the University of Potsdam faculty slice: wiso_phil]"
Johannes Gurke,Forschungsgruppen und Habilitierende - Angewandte Photochemie,"Angewandte Photochemie, Institut für Chemie",,https://www.uni-potsdam.de/en/appl-photo-chem/index,https://www.chem.uni-potsdam.de/index.php?lang=de&action=foha,"campus=Golm. Evidence: chem.uni-potsdam.de homepage text 'Sie finden uns im Wissenschaftspark Golm'; address 'Karl-Liebknecht-Str. 24-25, 14476 Potsdam'; Institutsleitung room 'Haus 26 / 2.61'; other rooms Haus 25 / Haus 29. confidence=low: listed by the institute under 'Forschungsgruppen und Habilitierende' with an own group page, i.e. an independent/junior research group leader, but the page does not state a funding line (Emmy Noether etc.) or whether they sit inside another chair. Jolanda Hermanns is printed as 'PD Dr.'. [collected in the University of Potsdam faculty slice: mathnat]"
Johannes Haag,Professur für Theoretische Philosophie,"Institut für Philosophie, Philosophische Fakultät",,http://www.uni-potsdam.de/de/phi/professuren-und-forschung/professur-fuer-theoretische-philosophie.html,https://www.uni-potsdam.de/de/philfak/fakultaet/personalia/professorium,"campus=Neues Palais (Am Neuen Palais 10, 14469 Potsdam); evidence=institute website postal address [collected in the University of Potsdam faculty slice: wiso_phil]"
Jolanda Hermanns,Forschungsgruppen und Habilitierende - Didaktik der Chemie,"Didaktik der Chemie, Institut für Chemie",,https://www.uni-potsdam.de/de/ag-hermanns/index.html,https://www.chem.uni-potsdam.de/index.php?lang=de&action=foha,"campus=Golm. Evidence: chem.uni-potsdam.de homepage text 'Sie finden uns im Wissenschaftspark Golm'; address 'Karl-Liebknecht-Str. 24-25, 14476 Potsdam'; Institutsleitung room 'Haus 26 / 2.61'; other rooms Haus 25 / Haus 29. confidence=low: listed by the institute under 'Forschungsgruppen und Habilitierende' with an own group page, i.e. an independent/junior research group leader, but the page does not state a funding line (Emmy Noether etc.) or whether they sit inside another chair. Jolanda Hermanns is printed as 'PD Dr.'. [collected in the University of Potsdam faculty slice: mathnat]"
Jörg Fettke,Außerplanmäßige Professuren - AG Biopolymer-Analytik,"AG Biopolymer-Analytik, Institut für Biochemie und Biologie",,,https://www.uni-potsdam.de/de/ibb/arbeitsgruppen/professuren-ags,"campus=Golm. Evidence: IBB 'Standorte' page names 'Standort Golm ... Karl-Liebknecht-Straße 24-25, 14476 Potsdam' as Hauptstandort der Arbeitsgruppen; second IBB site 'Maulbeerallee' (Botanischer Garten, near Neues Palais) exists for the Botanical Garden. confidence=low: außerplanmäßige Professur; included because the institute lists each with a named AG (spec: apl. only if they head a group). [collected in the University of Potsdam faculty slice: mathnat]"
Jörns Fickel,Gemeinsam berufene Professuren - Molekulare Ökologie und Evolution,"Molekulare Ökologie und Evolution, Institut für Biochemie und Biologie","Leibniz-Institut für Zoo- und Wildtierforschung (IZW), Berlin - gemeinsame Berufung",,https://www.uni-potsdam.de/de/ibb/arbeitsgruppen/professuren-ags,"campus=Golm. Evidence: IBB 'Standorte' page names 'Standort Golm ... Karl-Liebknecht-Straße 24-25, 14476 Potsdam' as Hauptstandort der Arbeitsgruppen; second IBB site 'Maulbeerallee' (Botanischer Garten, near Neues Palais) exists for the Botanical Garden. Joint appointment: primary site is the partner institute (IZW Berlin - off-campus), UP home institute is at Golm. [collected in the University of Potsdam faculty slice: mathnat]"
Ingo Juchler,Professur für Politische Bildung,"Fachgruppe Politik- und Verwaltungswissenschaft, Wirtschafts- und Sozialwissenschaftliche Fakultät",,https://www.uni-potsdam.de/de/politische-bildung/index,https://www.uni-potsdam.de/de/wiso/fakultaet/professuren-personen,"campus=Griebnitzsee (August-Bebel-Str. 89, 14482 Potsdam); evidence=chair/faculty page postal address [collected in the University of Potsdam faculty slice: wiso_phil]"
Julia Haaf,"Prof. Julia Haaf, PhD | Professur Psychologische Forschungsmethoden, Statistik und Evaluation","Department Psychologie, Humanwissenschaftliche Fakultät (Strukturbereich Kognitionswissenschaften)",,https://www.uni-potsdam.de/de/psych-methods/team/julia-haaf,https://www.uni-potsdam.de/de/kognitionswissenschaften/zusammensetzung-des-strukturbereichs/professuren-im-department-psychologie,"campus=Golm (Wissenschaftspark); evidence: unit ""Kontakt"" block gives Karl-Liebknecht-Str. 24-25, 14476 Potsdam OT Golm [collected in the University of Potsdam faculty slice: human_de]"
Julia Fleischer,Professur für Politik und Regieren in Deutschland,"Fachgruppe Politik- und Verwaltungswissenschaft, Wirtschafts- und Sozialwissenschaftliche Fakultät",,https://www.uni-potsdam.de/de/politik-und-regieren/index.html,https://www.uni-potsdam.de/de/wiso/fakultaet/professuren-personen,"campus=Griebnitzsee (August-Bebel-Str. 89, 14482 Potsdam); evidence=chair/faculty page postal address [collected in the University of Potsdam faculty slice: wiso_phil]"
Julia Geneuss,"Lehrstuhl für Strafrecht, Strafprozessrecht, Internationales Strafrecht und Rechtsvergleichung","Fachbereich Strafrecht, Juristische Fakultät",,https://www.uni-potsdam.de/de/ls-geneuss/index,https://www.uni-potsdam.de/de/jura/ful/lehrstuehle-und-professuren/strafrecht,"campus=Griebnitzsee (August-Bebel-Str. 89, 14482 Potsdam); evidence=chair page postal address [collected in the University of Potsdam faculty slice: wiso_phil]"
Jürgen Döllner,Prof. Dr. | Fachgebiet Computergrafische Systeme,Digital Engineering Fakultät - Fachgebiet Computergrafische Systeme; Digital Engineering Fakultät (gemeinsame Fakultät der Universität Potsdam und des Hasso-Plattner-Instituts),"Hasso-Plattner-Institut: the UP Digital-Engineering faculty page lists this person under 'Fachgebiete' with the link pointing to the HPI chair page (hpi.de/forschung/fachgebiete/...), and hpi.de lists the same person under 'HPI-Fachgebiete' - i.e. shown as HPI Fachgebietsleiter/in (chair holder at HPI) while being a professor of the joint UP Digital Engineering Fakultät",https://hpi.de/forschung/fachgebiete/computergrafische-systeme.html,https://www.uni-potsdam.de/de/digital-engineering/forschung/fachgebiete,"campus=Griebnitzsee; evidence: DE-Fakultaet/HPI ""Kontakt"" block gives Prof.-Dr.-Helmert-Str. 2-3, 14482 Potsdam [collected in the University of Potsdam faculty slice: human_de]"
Dagmar Kainmueller,Prof. Dr. | Fachgebiet Integrative Imaging Data Sciences,Digital Engineering Fakultät - Fachgebiet Integrative Imaging Data Sciences; Digital Engineering Fakultät (gemeinsame Fakultät der Universität Potsdam und des Hasso-Plattner-Instituts),"Max-Delbrück-Centrum für Molekulare Medizin (MDC) Berlin: the UP Digital-Engineering 'Fachgebiete' page links her Fachgebiet not to an HPI chair page but to www.mdc-berlin.de/de/kainmueller, and she does NOT appear in the 'HPI-Fachgebiete' index on hpi.de - so the faculty pages show her as a University of Potsdam professor of the joint faculty with her group at the MDC, not as an HPI Fachgebietsleiterin",https://www.mdc-berlin.de/de/kainmueller,https://www.uni-potsdam.de/de/digital-engineering/forschung/fachgebiete,"campus=Griebnitzsee; evidence: DE-Fakultaet/HPI ""Kontakt"" block gives Prof.-Dr.-Helmert-Str. 2-3, 14482 Potsdam for the faculty; actual group is at MDC Berlin-Buch, so her working site is probably not a Potsdam campus; confidence=low, missing: a UP/HPI page stating her Potsdam office address [collected in the University of Potsdam faculty slice: human_de]"
Georg Kaissis,Prof. Dr. med. | Fachgebiet Digital Health: Human-Centered Transformative AI,Digital Engineering Fakultät - Fachgebiet Digital Health: Human-Centered Transformative AI; Digital Engineering Fakultät (gemeinsame Fakultät der Universität Potsdam und des Hasso-Plattner-Instituts),"Hasso-Plattner-Institut: the UP Digital-Engineering faculty page lists this person under 'Fachgebiete' with the link pointing to the HPI chair page (hpi.de/forschung/fachgebiete/...), and hpi.de lists the same person under 'HPI-Fachgebiete' - i.e. shown as HPI Fachgebietsleiter/in (chair holder at HPI) while being a professor of the joint UP Digital Engineering Fakultät",https://hpi.de/forschung/fachgebiete/digital-health-human-centered-transformative-ai/,https://www.uni-potsdam.de/de/digital-engineering/forschung/fachgebiete,"campus=Griebnitzsee; evidence: DE-Fakultaet/HPI ""Kontakt"" block gives Prof.-Dr.-Helmert-Str. 2-3, 14482 Potsdam [collected in the University of Potsdam faculty slice: human_de]"
Holger Karl,Prof. Dr. | Fachgebiet Internet-Technologien und Softwarization,Digital Engineering Fakultät - Fachgebiet Internet-Technologien und Softwarization; Digital Engineering Fakultät (gemeinsame Fakultät der Universität Potsdam und des Hasso-Plattner-Instituts),"Hasso-Plattner-Institut: the UP Digital-Engineering faculty page lists this person under 'Fachgebiete' with the link pointing to the HPI chair page (hpi.de/forschung/fachgebiete/...), and hpi.de lists the same person under 'HPI-Fachgebiete' - i.e. shown as HPI Fachgebietsleiter/in (chair holder at HPI) while being a professor of the joint UP Digital Engineering Fakultät",https://hpi.de/forschung/fachgebiete/internet-technologien-und-softwarization.html,https://www.uni-potsdam.de/de/digital-engineering/forschung/fachgebiete,"campus=Griebnitzsee; evidence: DE-Fakultaet/HPI ""Kontakt"" block gives Prof.-Dr.-Helmert-Str. 2-3, 14482 Potsdam [collected in the University of Potsdam faculty slice: human_de]"
Kaspar Burger,Prof. Dr. | Professur für Sozialwissenschaftliche Bildungs- und Lebensverlaufsforschung,"Department Erziehungswissenschaft, Humanwissenschaftliche Fakultät (Strukturbereich Bildungswissenschaften)",,https://www.uni-potsdam.de/de/sozbile/index,https://www.uni-potsdam.de/de/bildungswissenschaften/studienbereiche/erziehungswissenschaft,"campus=Golm (Wissenschaftspark); evidence: unit ""Kontakt"" block gives Karl-Liebknecht-Str. 24-25, 14476 Potsdam OT Golm (Haus 24) [collected in the University of Potsdam faculty slice: human_de]"
Katarina Hillebrandt,Lehrstuhlvertretung Klinische Kinder- und Jugendpsychologie,"Department Psychologie, Humanwissenschaftliche Fakultät (Strukturbereich Kognitionswissenschaften)",,,https://www.uni-potsdam.de/de/humfak/aktuelles/lehrstuhlvertretungen,"campus=Golm (Wissenschaftspark); evidence: unit ""Kontakt"" block gives Karl-Liebknecht-Str. 24-25, 14476 Potsdam OT Golm; confidence=low - Lehrstuhlvertretung (temporary chair substitute) for the vacant W3 chair 'Klinische Kinder- und Jugendpsychologie' in SoSe 2026; may not count as an independent position holder [collected in the University of Potsdam faculty slice: human_de]"
Katarina Braune,Prof. Dr. med. | Fachgebiet Digital Health - Non-communicable Diseases,Digital Engineering Fakultät - Fachgebiet Digital Health - Non-communicable Diseases; Digital Engineering Fakultät (gemeinsame Fakultät der Universität Potsdam und des Hasso-Plattner-Instituts),"Hasso-Plattner-Institut: the UP Digital-Engineering faculty page lists this person under 'Fachgebiete' with the link pointing to the HPI chair page (hpi.de/forschung/fachgebiete/...), and hpi.de lists the same person under 'HPI-Fachgebiete' - i.e. shown as HPI Fachgebietsleiter/in (chair holder at HPI) while being a professor of the joint UP Digital Engineering Fakultät",https://hpi.de/forschung/fachgebiete/digital-health-non-communicable-diseases/,https://www.uni-potsdam.de/de/digital-engineering/forschung/fachgebiete,"campus=Griebnitzsee; evidence: DE-Fakultaet/HPI ""Kontakt"" block gives Prof.-Dr.-Helmert-Str. 2-3, 14482 Potsdam [collected in the University of Potsdam faculty slice: human_de]"
Kathrin Friedrich,Professur für Medienwissenschaft und Medientheorie,"Institut für Künste und Medien, Philosophische Fakultät",,https://www.uni-potsdam.de/de/medienwissenschaft/professur-fuer-medientheorie-medienwissenschaft,https://www.uni-potsdam.de/de/philfak/fakultaet/personalia/professorium,"campus=Neues Palais (Am Neuen Palais 10, 14469 Potsdam); evidence=institute website postal address; faculty page prints the surname lowercase ('Kathrin friedrich') [collected in the University of Potsdam faculty slice: wiso_phil]"
Katja Ferger,Dr. habil. | Lehrstuhlinhaberin/Vertretung Trainings- und Bewegungswissenschaft,"Department Sport- und Gesundheitswissenschaften, Humanwissenschaftliche Fakultät",,https://www.uni-potsdam.de/de/trainingswissenschaft/index,https://www.uni-potsdam.de/de/bildungswissenschaften/studienbereiche/sport-1,"campus=Neues Palais; evidence: chair page Kontakt ""Am Neuen Palais 10, Haus 12, 14469 Potsdam""; confidence=low - chair is vacant (W3 appointment in preparation); the Kognitionswissenschaften list says ""Lehrstuhlvertretung: N.N."" and the faculty says the chair is not substituted in SoSe 2026, so this row may be stale [collected in the University of Potsdam faculty slice: human_de]"
Katja Arndt,Ordentliche Professuren - Molekulare Biotechnologie,"AG Molekulare Biotechnologie, Institut für Biochemie und Biologie",,,https://www.uni-potsdam.de/de/ibb/arbeitsgruppen/professuren-ags,"campus=Golm. Evidence: IBB 'Standorte' page names 'Standort Golm ... Karl-Liebknecht-Straße 24-25, 14476 Potsdam' as Hauptstandort der Arbeitsgruppen; second IBB site 'Maulbeerallee' (Botanischer Garten, near Neues Palais) exists for the Botanical Garden. [collected in the University of Potsdam faculty slice: mathnat]"
Katja Frieler,Gemeinsam berufene HochschullehrerInnen an außeruniversitären Forschungsinstitutionen und außerplanmäßige Professuren - Klimafolgen [ PIK ] | Prof. Dr.,"Klimafolgen [ PIK ], Institut für Umweltwissenschaften und Geographie",Potsdam-Institut für Klimafolgenforschung - gemeinsam berufen mit PIK,,https://www.uni-potsdam.de/de/umwelt/institut/alle-mitarbeiterinnen,"campus=Golm. Evidence: 'Kontakt und Lageplan' page: 'Universität Potsdam, OT Golm, Karl-Liebknecht-Str. 24-25, 14476 Potsdam'; offices in Haus 32 and Haus 12 (Geoökologie) and Haus 24 (Geographie). Joint appointment; primary site PIK Telegrafenberg, 14473 Potsdam - off-campus. [collected in the University of Potsdam faculty slice: mathnat]"
Katrin Böhme,Prof. Dr. | Inklusionspädagogik mit dem Förderschwerpunkt Sprache,"Department Inklusionspädagogik, Humanwissenschaftliche Fakultät (Strukturbereich Bildungswissenschaften)",,https://www.uni-potsdam.de/de/inklusion/sprache/boehme,https://www.uni-potsdam.de/de/bildungswissenschaften/studienbereiche/inklusionspaedagogik,"campus=Golm (Wissenschaftspark); evidence: unit ""Kontakt"" block gives Karl-Liebknecht-Str. 24-25, 14476 Potsdam OT Golm; stellv. Departmentsprecherin Inklusionspaedagogik [collected in the University of Potsdam faculty slice: human_de]"
Kay Giesecke,Prof. Dr. | Fachgebiet Artificial Intelligence and Quantitative Finance,Digital Engineering Fakultät - Fachgebiet Artificial Intelligence and Quantitative Finance; Digital Engineering Fakultät (gemeinsame Fakultät der Universität Potsdam und des Hasso-Plattner-Instituts),"Hasso-Plattner-Institut: UP faculty page lists him under 'Fachgebiete' linking to hpi.de/forschung/fachgebiete/artificial-intelligence-and-quantitative-finance/; HPI news 01.07.2026 'Seit dem 1. Juli 2026 leitet Prof. Dr. Kay Giesecke das neue Fachgebiet ...' - i.e. HPI Fachgebietsleiter. Also Stanford University (widely known), not stated on the UP/HPI pages read.",https://hpi.de/forschung/fachgebiete/artificial-intelligence-and-quantitative-finance/,https://www.uni-potsdam.de/de/digital-engineering/forschung/fachgebiete,"campus=Griebnitzsee; evidence: DE-Fakultaet/HPI ""Kontakt"" block gives Prof.-Dr.-Helmert-Str. 2-3, 14482 Potsdam; confidence=low on HPI-list membership: he is named on the UP Fachgebiete page but not yet in the hpi.de 'HPI-Fachgebiete' index, only in an HPI news item; not yet on the hpi.de 'HPI-Fachgebiete' list; HPI news (01.07.2026) says he 'leitet das neue Fachgebiet Artificial Intelligence and Quantitative Finance' since 1 July 2026 [collected in the University of Potsdam faculty slice: human_de]"
Eric Kearney,"Professur für Betriebswirtschaftslehre mit dem Schwerpunkt Führung, Organisation und Personal","Fachgruppe Betriebswirtschaftslehre, Wirtschafts- und Sozialwissenschaftliche Fakultät",,https://www.uni-potsdam.de/de/fop2/index.html,https://www.uni-potsdam.de/de/wiso/fakultaet/professuren-personen,"campus=Griebnitzsee (August-Bebel-Str. 89, 14482 Potsdam); evidence=chair/faculty page postal address [collected in the University of Potsdam faculty slice: wiso_phil]"
Kevin Dadaczynski,Prof. Dr. | Professur für Gesundheitserziehung im Sport,"Department Sport- und Gesundheitswissenschaften, Humanwissenschaftliche Fakultät",,,https://www.uni-potsdam.de/de/bildungswissenschaften/studienbereiche/sport-1,"campus=unclear - the chair's own page (uni-potsdam.de/de/gesundheitserziehung-sport/index) returns 404/ZIM fallback so no address could be read; department default would be Am Neuen Palais 10 but the chair is assigned to Strukturbereich Bildungswissenschaften (Golm); confidence=low, missing: chair address [collected in the University of Potsdam faculty slice: human_de]"
Christine Kleinjung,Professur für Geschichte des Mittelalters,"Historisches Institut, Philosophische Fakultät",,https://www.uni-potsdam.de/hi-mittelalter/index.html,https://www.uni-potsdam.de/de/philfak/fakultaet/personalia/professorium,"campus=Neues Palais (Am Neuen Palais 10, 14469 Potsdam); evidence=institute website postal address [collected in the University of Potsdam faculty slice: wiso_phil]"
André Kleinridders,Professuren und Forschungsgruppen - MEM (Prof. Dr. A. Kleinridders) | Lehrstuhl für Molekulare und Experimentelle Ernährungsmedizin,"Lehrstuhl für Molekulare und Experimentelle Ernährungsmedizin (MEM), Institut für Ernährungswissenschaft",,https://www.uni-potsdam.de/de/mem/index,https://www.uni-potsdam.de/de/iew/,"campus=off-campus Rehbrücke/Nuthetal (NOT one of the three Potsdam campuses). Evidence: IEW contact block 'Standort Rehbrücke ... Arthur-Scheunert-Allee 155, 14558 Nuthetal'; institute banner 'Standort Rehbrücke: Arthur-Scheunert-Allee 114-116, 14558 Nuthetal'. Group page contact 'Arthur-Scheunert-Allee 155, 14558 Nuthetal'. [collected in the University of Potsdam faculty slice: mathnat]"
Andreas Köstler,Professur für Kunstgeschichte,"Institut für Künste und Medien, Philosophische Fakultät",,http://www.uni-potsdam.de/ikm/professuren/kunstgeschichte.html,https://www.uni-potsdam.de/de/philfak/fakultaet/personalia/professorium,"campus=Neues Palais (Am Neuen Palais 10, 14469 Potsdam); evidence=institute website postal address [collected in the University of Potsdam faculty slice: wiso_phil]"
Julia Kraft,Professur für Bürgerliches Recht und Vertragsgestaltung,"Fachbereich Bürgerliches Recht, Juristische Fakultät",,https://www.uni-potsdam.de/de/vertragsgestaltung/index,https://www.uni-potsdam.de/de/jura/ful/lehrstuehle-und-professuren/buergerliches-recht,"campus=Griebnitzsee (August-Bebel-Str. 89, 14482 Potsdam); evidence=chair page postal address [collected in the University of Potsdam faculty slice: wiso_phil]"
Felicitas Krämer,Professur für Angewandte Ethik,"Institut für Philosophie, Philosophische Fakultät",Institut für Lebensgestaltung-Ethik-Religion (LER): teaching member,https://www.uni-potsdam.de/de/phi/professuren-und-forschung/professur-fuer-philosophie-mit-dem-schwerpunkt-angewandte-ethik/prof-dr-felicitas-kraemer,https://www.uni-potsdam.de/de/philfak/fakultaet/personalia/professorium,"campus=Neues Palais (Am Neuen Palais 10, 14469 Potsdam); evidence=institute website postal address [collected in the University of Potsdam faculty slice: wiso_phil]"
Hanna Krasnova,"Professur für Wirtschaftsinformatik, insbesondere Soziale Medien und Gesellschaft","Fachgruppe Betriebswirtschaftslehre, Wirtschafts- und Sozialwissenschaftliche Fakultät",,https://www.uni-potsdam.de/en/social-media-krasnova/,https://www.uni-potsdam.de/de/wiso/fakultaet/professuren-personen,campus=Griebnitzsee (14482 Potsdam); evidence=chair page postal code [collected in the University of Potsdam faculty slice: wiso_phil]
Helene Kretzmer,Prof. Dr. | Fachgebiet Computational Genomics,Digital Engineering Fakultät - Fachgebiet Computational Genomics; Digital Engineering Fakultät (gemeinsame Fakultät der Universität Potsdam und des Hasso-Plattner-Instituts),"Hasso-Plattner-Institut: the UP Digital-Engineering faculty page lists this person under 'Fachgebiete' with the link pointing to the HPI chair page (hpi.de/forschung/fachgebiete/...), and hpi.de lists the same person under 'HPI-Fachgebiete' - i.e. shown as HPI Fachgebietsleiter/in (chair holder at HPI) while being a professor of the joint UP Digital Engineering Fakultät",https://hpi.de/forschung/fachgebiete/computational-genomics/,https://www.uni-potsdam.de/de/digital-engineering/forschung/fachgebiete,"campus=Griebnitzsee; evidence: DE-Fakultaet/HPI ""Kontakt"" block gives Prof.-Dr.-Helmert-Str. 2-3, 14482 Potsdam [collected in the University of Potsdam faculty slice: human_de]"
Elmar Kriegler,Professor for Integrated Assessment of Climate Change (Gemeinsame Berufung mit dem PIK),"Fachgruppe Volkswirtschaftslehre, Wirtschafts- und Sozialwissenschaftliche Fakultät",Potsdam-Institut für Klimafolgenforschung (PIK): joint appointment (gemeinsame Berufung); personal page hosted at pik-potsdam.de,https://www.pik-potsdam.de/members/kriegler,https://www.uni-potsdam.de/de/wiso/fakultaet/professuren-personen,"JOINT APPOINTMENT UP + PIK. campus=unclear for the UP part; PIK sits on Telegrafenberg, Potsdam. confidence=low [collected in the University of Potsdam faculty slice: wiso_phil]"
Alexander S. Kritikos,Professur für Industrie- und Institutionenökonomik (Gemeinsame Berufung mit dem DIW Berlin),"Fachgruppe Volkswirtschaftslehre, Wirtschafts- und Sozialwissenschaftliche Fakultät",DIW Berlin: joint appointment (gemeinsame Berufung); personal page hosted at diw.de,http://www.diw.de/de/diw_01.c.91334.de/ueber_uns/menschen_am_diw_berlin/mitarbeiter/innen/kritikos_alexander_s.html,https://www.uni-potsdam.de/de/wiso/fakultaet/professuren-personen,"JOINT APPOINTMENT UP + DIW Berlin. campus=unclear for the UP part, day-to-day seat is DIW Berlin. confidence=low [collected in the University of Potsdam faculty slice: wiso_phil]"
Katarina Krkovic,Dr. Katarina Krkovic | Lehrstuhlvertretung Kinder- und Jugendpsychologie und Psychotherapie,"Department Psychologie, Humanwissenschaftliche Fakultät (Strukturbereich Kognitionswissenschaften)",,https://www.uni-potsdam.de/de/department-psychologie/professuren/klinische-kinder-und-jugendpsychologie-und-psychotherapie,https://www.uni-potsdam.de/de/department-psychologie/professuren/klinische-kinder-und-jugendpsychologie-und-psychotherapie,"campus=Golm (Wissenschaftspark); evidence: unit ""Kontakt"" block gives Karl-Liebknecht-Str. 24-25, 14476 Potsdam OT Golm; confidence=low - Lehrstuhlvertretung listed on the department page; the faculty's SoSe-2026 Vertretungen page names Dr. Katarina Hillebrandt instead, so this page may be outdated [collected in the University of Potsdam faculty slice: human_de]"
Jürgen Kropp,Gemeinsam berufene HochschullehrerInnen an außeruniversitären Forschungsinstitutionen und außerplanmäßige Professuren - Klimawandel und nachhaltige Entwicklung [ PIK ] | Prof. Dr.,"Klimawandel und nachhaltige Entwicklung [ PIK ], Institut für Umweltwissenschaften und Geographie",PIK - gemeinsam berufen mit PIK,,https://www.uni-potsdam.de/de/umwelt/institut/alle-mitarbeiterinnen,"campus=Golm. Evidence: 'Kontakt und Lageplan' page: 'Universität Potsdam, OT Golm, Karl-Liebknecht-Str. 24-25, 14476 Potsdam'; offices in Haus 32 and Haus 12 (Geoökologie) and Haus 24 (Geographie). Joint appointment; primary site PIK Telegrafenberg - off-campus. [collected in the University of Potsdam faculty slice: mathnat]"
Frank Krüger,ProfessorInnen - Allgemeine Geophysik | Prof. Dr.,"Allgemeine Geophysik, Institut für Geowissenschaften",,,https://www.uni-potsdam.de/de/geo/institut/mitarbeiter,"campus=Golm. Evidence: institute contact block 'Campus Golm / Haus 27, Karl-Liebknecht-Str. 24-25, 14476 Potsdam'. [collected in the University of Potsdam faculty slice: mathnat]"
Christian Kuhlicke,Gemeinsam berufene HochschullehrerInnen an außeruniversitären Forschungsinstitutionen und außerplanmäßige Professuren - Umweltrisiken und Nachhaltigkeit [ UFZ ] | Prof. Dr.,"Umweltrisiken und Nachhaltigkeit [ UFZ ], Institut für Umweltwissenschaften und Geographie",UFZ - gemeinsam berufen mit UFZ,,https://www.uni-potsdam.de/de/umwelt/institut/alle-mitarbeiterinnen,"campus=Golm. Evidence: 'Kontakt und Lageplan' page: 'Universität Potsdam, OT Golm, Karl-Liebknecht-Str. 24-25, 14476 Potsdam'; offices in Haus 32 and Haus 12 (Geoökologie) and Haus 24 (Geographie). Joint appointment; primary site UFZ Leipzig - off-campus. [collected in the University of Potsdam faculty slice: mathnat]"
Franziska Kühne,Apl. Prof. Dr. | Außerplanmäßige Professur,"Department Psychologie, Humanwissenschaftliche Fakultät",,,https://www.uni-potsdam.de/de/humfak/fakultaet/struktur-und-professuren-der-fakultaet/ausserplanmaessige-professuren,"campus=unclear - the apl.-Professuren page lists names only, no addresses; confidence=low - the faculty states 'Die ausserplanmaessige Professur allein begruendet kein Dienstverhaeltnis', i.e. a title without a post, which the collection rules would normally exclude; included so it can be decided downstream [collected in the University of Potsdam faculty slice: human_de]"
Ana Kuzle,Prof. Dr. | Grundschulpädagogik Mathematik,"Department Grundschulpädagogik, Humanwissenschaftliche Fakultät (Strukturbereich Bildungswissenschaften)",,https://www.uni-potsdam.de/de/gsp-mathematik/,https://www.uni-potsdam.de/de/bildungswissenschaften/studienbereiche/grundschulpaedagogik,"campus=Golm (Wissenschaftspark); evidence: unit ""Kontakt"" block gives Karl-Liebknecht-Str. 24-25, 14476 Potsdam OT Golm (Haus 16) [collected in the University of Potsdam faculty slice: human_de]"
Jakob Fink-Lamotte,Prof. Dr. | Professur Klinische Psychologie,"Department Psychologie, Humanwissenschaftliche Fakultät (Strukturbereich Kognitionswissenschaften)",,https://www.uni-potsdam.de/de/klinische-psychologie/index,https://www.uni-potsdam.de/de/kognitionswissenschaften/zusammensetzung-des-strukturbereichs/professuren-im-department-psychologie,"campus=Golm (Wissenschaftspark); evidence: unit ""Kontakt"" block gives Karl-Liebknecht-Str. 24-25, 14476 Potsdam OT Golm [collected in the University of Potsdam faculty slice: human_de]"
Fabian Lampart,Professur für Neuere deutsche Literatur (19.-21. Jahrhundert),"Institut für Germanistik, Philosophische Fakultät",,http://www.uni-potsdam.de/ndl-19-21-jhd/index.html,https://www.uni-potsdam.de/de/philfak/fakultaet/personalia/professorium,"campus=Neues Palais (Am Neuen Palais 10, 14469 Potsdam); evidence=institute website postal address [collected in the University of Potsdam faculty slice: wiso_phil]"
Holger Lange,Ordentliche Professuren - Experimental Physics of Light-Matter Interaction,"Experimental Physics of Light-Matter Interaction, Institut für Physik und Astronomie","Institut für Chemie, Universität Potsdam - Zweitmitgliedschaft (chem.uni-potsdam.de professorship list: 'Prof. Dr. Holger Lange (Zweitmitgliedschaft), Experimentalphysik der Licht-Materie-Wechselwirkungen')",,https://www.uni-potsdam.de/de/physik/institut/professuren,"campus=Golm. Evidence: institute contact block 'Campus Golm, Haus 28, Karl-Liebknecht-Straße 24/25, 14476 Potsdam OT Golm'. [collected in the University of Potsdam faculty slice: mathnat]"
Hugues Lantuit,Gemeinsam berufene und außerplanmäßige ProfessorInnen und PrivatdozentInnen an außeruniversitären Forschungseinrichtungen - Geomorphologie Polarer Küsten | Prof. Dr.,"Geomorphologie Polarer Küsten, Institut für Geowissenschaften",AWI - email Hugues.Lantuit@awi.de,,https://www.uni-potsdam.de/de/geo/institut/mitarbeiter,"campus=Golm. Evidence: institute contact block 'Campus Golm / Haus 27, Karl-Liebknecht-Str. 24-25, 14476 Potsdam'. Joint/apl. appointment: primary site is AWI Potsdam, Telegrafenberg - off-campus; the UP institute itself is at Golm Haus 27. [collected in the University of Potsdam faculty slice: mathnat]"
Lars Andersson,Professuren am Institut für Mathematik - Geometrie | apl. Prof. Dr.,"Geometrie, Institut für Mathematik",,https://www.math.uni-potsdam.de/professuren/geometrie,https://www.math.uni-potsdam.de/professuren,"campus=Golm. Evidence: institute contact block 'Institut für Mathematik, Campus Golm, Haus 9, Karl-Liebknecht-Str. 24-25, D-14476 Potsdam OT Golm'. confidence=low: außerplanmäßige Professur; page names no other institution (he is widely associated with MPI für Gravitationsphysik/AEI but the UP page does not state it). [collected in the University of Potsdam faculty slice: mathnat]"
Lars Eckstein,Professur für Anglophone Literaturen und Kulturen außerhalb Großbritaniens und der U.S.A.,"Institut für Anglistik und Amerikanistik, Philosophische Fakultät",,https://www.uni-potsdam.de/en/iaa-alc/chair-profile,https://www.uni-potsdam.de/de/philfak/fakultaet/personalia/professorium,"campus=Neues Palais (Am Neuen Palais 10, 14469 Potsdam); evidence=institute website postal address [collected in the University of Potsdam faculty slice: wiso_phil]"
Anja Lehmann,Prof. Dr. | Fachgebiet Cybersecurity - Identity Management,Digital Engineering Fakultät - Fachgebiet Cybersecurity - Identity Management; Digital Engineering Fakultät (gemeinsame Fakultät der Universität Potsdam und des Hasso-Plattner-Instituts),"Hasso-Plattner-Institut: the UP Digital-Engineering faculty page lists this person under 'Fachgebiete' with the link pointing to the HPI chair page (hpi.de/forschung/fachgebiete/...), and hpi.de lists the same person under 'HPI-Fachgebiete' - i.e. shown as HPI Fachgebietsleiter/in (chair holder at HPI) while being a professor of the joint UP Digital Engineering Fakultät",https://hpi.de/forschung/fachgebiete/cybersecurity-identity-management.html,https://www.uni-potsdam.de/de/digital-engineering/forschung/fachgebiete,"campus=Griebnitzsee; evidence: DE-Fakultaet/HPI ""Kontakt"" block gives Prof.-Dr.-Helmert-Str. 2-3, 14482 Potsdam [collected in the University of Potsdam faculty slice: human_de]"
Anna-Lena Lamprecht,Professuren am Institut für Informatik und Computational Science - Software Engineering,"Software Engineering, Institut für Informatik und Computational Science",,,https://www.uni-potsdam.de/de/cs/research/index,"campus=Golm (Wissenschaftspark). Evidence: institute footer on the IfI page gives 'Universität Potsdam, Institut für Informatik und Computational Science, An der Bahn 2, 14476 Potsdam' (Golm CS building). [collected in the University of Potsdam faculty slice: mathnat]"
Lena Hochrein,Nachwuchsgruppen - Maßgeschneiderte Wirtsorganismen für die Bioökonomie von morgen | BMBF-Nachwuchsgruppe TAILOR,"Maßgeschneiderte Wirtsorganismen für die Bioökonomie von morgen, Institut für Biochemie und Biologie",,,https://www.uni-potsdam.de/de/ibb/arbeitsgruppen/professuren-ags,"campus=Golm. Evidence: IBB 'Standorte' page names 'Standort Golm ... Karl-Liebknecht-Straße 24-25, 14476 Potsdam' as Hauptstandort der Arbeitsgruppen; second IBB site 'Maulbeerallee' (Botanischer Garten, near Neues Palais) exists for the Botanical Garden. Independent junior research group leader (Nachwuchsgruppenleitung) per the institute's 'Nachwuchsgruppen' section. [collected in the University of Potsdam faculty slice: mathnat]"
Anders Levermann,Gemeinsam berufene Professuren - Potsdam-Institut für Klimafolgenforschung,Institut für Physik und Astronomie,Potsdam-Institut für Klimafolgenforschung - gemeinsame Berufung (listed by UP under 'Gemeinsam berufene Professuren'),,https://www.uni-potsdam.de/de/physik/institut/professuren,"campus=Golm. Evidence: institute contact block 'Campus Golm, Haus 28, Karl-Liebknecht-Straße 24/25, 14476 Potsdam OT Golm'. Nominal UP institute is at Golm, but the person's day-to-day site is the partner institute: PIK is on the Telegrafenberg, 14473 Potsdam - off-campus. Joint appointment. [collected in the University of Potsdam faculty slice: mathnat]"
Han Cheng Lie,Professuren am Institut für Mathematik - Quantifizierung von Unsicherheit | Jun. Prof. Dr.,"Quantifizierung von Unsicherheit, Institut für Mathematik",,https://www.math.uni-potsdam.de/professuren/uncertainty-quantification,https://www.math.uni-potsdam.de/professuren,"campus=Golm. Evidence: institute contact block 'Institut für Mathematik, Campus Golm, Haus 9, Karl-Liebknecht-Str. 24-25, D-14476 Potsdam OT Golm'. [collected in the University of Potsdam faculty slice: mathnat]"
Andrea Liese,Professur für Internationale Beziehungen,"Fachgruppe Politik- und Verwaltungswissenschaft, Wirtschafts- und Sozialwissenschaftliche Fakultät",,https://www.uni-potsdam.de/de/ls-ib/index,https://www.uni-potsdam.de/de/wiso/fakultaet/professuren-personen,"campus=Griebnitzsee (August-Bebel-Str. 89, 14482 Potsdam); evidence=chair/faculty page postal address [collected in the University of Potsdam faculty slice: wiso_phil]"
Linda Juang,Prof. Dr. | Inklusionspädagogik mit dem Schwerpunkt Diversität,"Department Inklusionspädagogik, Humanwissenschaftliche Fakultät (Strukturbereich Bildungswissenschaften)",,https://www.uni-potsdam.de/de/inklusion/heterogenitaet/juang,https://www.uni-potsdam.de/de/bildungswissenschaften/studienbereiche/inklusionspaedagogik,"campus=Golm (Wissenschaftspark); evidence: unit ""Kontakt"" block gives Karl-Liebknecht-Str. 24-25, 14476 Potsdam OT Golm [collected in the University of Potsdam faculty slice: human_de]"
Anja Linstädter,Ordentliche Professuren - Biodiversitätsforschung / Spezielle Botanik,"AG Biodiversitätsforschung / Spezielle Botanik, Institut für Biochemie und Biologie",,,https://www.uni-potsdam.de/de/ibb/arbeitsgruppen/professuren-ags,"campus=Golm. Evidence: IBB 'Standorte' page names 'Standort Golm ... Karl-Liebknecht-Straße 24-25, 14476 Potsdam' as Hauptstandort der Arbeitsgruppen; second IBB site 'Maulbeerallee' (Botanischer Garten, near Neues Palais) exists for the Botanical Garden. [collected in the University of Potsdam faculty slice: mathnat]"
Christoph Lippert,Prof. Dr. | Fachgebiet Digital Health - Machine Learning,Digital Engineering Fakultät - Fachgebiet Digital Health - Machine Learning; Digital Engineering Fakultät (gemeinsame Fakultät der Universität Potsdam und des Hasso-Plattner-Instituts),"Hasso-Plattner-Institut: the UP Digital-Engineering faculty page lists this person under 'Fachgebiete' with the link pointing to the HPI chair page (hpi.de/forschung/fachgebiete/...), and hpi.de lists the same person under 'HPI-Fachgebiete' - i.e. shown as HPI Fachgebietsleiter/in (chair holder at HPI) while being a professor of the joint UP Digital Engineering Fakultät",https://hpi.de/forschung/fachgebiete/digital-health-machine-learning.html,https://www.uni-potsdam.de/de/digital-engineering/forschung/fachgebiete,"campus=Griebnitzsee; evidence: DE-Fakultaet/HPI ""Kontakt"" block gives Prof.-Dr.-Helmert-Str. 2-3, 14482 Potsdam [collected in the University of Potsdam faculty slice: human_de]"
Lisa Bruttel,"Professur für Volkswirtschaftslehre, insbesondere Märkte, Wettbewerb und Institutionen","Fachgruppe Volkswirtschaftslehre, Wirtschafts- und Sozialwissenschaftliche Fakultät",,https://www.uni-potsdam.de/de/vwl-mwi/index,https://www.uni-potsdam.de/de/wiso/fakultaet/professuren-personen,"campus=Griebnitzsee (August-Bebel-Str. 89, 14482 Potsdam); evidence=chair/faculty page postal address [collected in the University of Potsdam faculty slice: wiso_phil]"
Gunnar Lischeid,Gemeinsam berufene HochschullehrerInnen an außeruniversitären Forschungsinstitutionen und außerplanmäßige Professuren - Landschaftswasserhaushalt [ ZALF ] | Prof. Dr. habil.,"Landschaftswasserhaushalt [ ZALF ], Institut für Umweltwissenschaften und Geographie",Leibniz-Zentrum für Agrarlandschaftsforschung ZALF - gemeinsam berufen mit ZALF,,https://www.uni-potsdam.de/de/umwelt/institut/alle-mitarbeiterinnen,"campus=Golm. Evidence: 'Kontakt und Lageplan' page: 'Universität Potsdam, OT Golm, Karl-Liebknecht-Str. 24-25, 14476 Potsdam'; offices in Haus 32 and Haus 12 (Geoökologie) and Haus 24 (Geographie). Joint appointment; primary site ZALF Müncheberg - off-campus (UP phone number listed, so partly on the Golm campus). [collected in the University of Potsdam faculty slice: mathnat]"
Logi Gunnarsson,Professur für Ethik/Ästhetik,"Institut für Philosophie, Philosophische Fakultät",Institut für Lebensgestaltung-Ethik-Religion (LER): teaching member,http://www.uni-potsdam.de/de/phi/professuren-und-forschung/professur-fuer-ethikaesthetik.html,https://www.uni-potsdam.de/de/philfak/fakultaet/personalia/professorium,"campus=Neues Palais (Am Neuen Palais 10, 14469 Potsdam); evidence=institute website postal address [collected in the University of Potsdam faculty slice: wiso_phil]"
Jan Lonnemann,Prof. Dr. | Empirische Kindheitsforschung,"Department Grundschulpädagogik, Humanwissenschaftliche Fakultät (Strukturbereich Bildungswissenschaften)",,https://www.uni-potsdam.de/de/eki/index,https://www.uni-potsdam.de/de/bildungswissenschaften/studienbereiche/grundschulpaedagogik,"campus=Golm (Wissenschaftspark); evidence: unit ""Kontakt"" block gives Karl-Liebknecht-Str. 24-25, 14476 Potsdam OT Golm; faculty overview prints the surname as 'Lonneman', the chair's own publication list uses 'Lonnemann' [collected in the University of Potsdam faculty slice: human_de]"
Anna-Dorothea Ludewig,"Vertretungsprofessorin, Institut für Jüdische Studien und Religionswissenschaft (Religions- und Kulturgeschichte Mittel- und Osteuropas)","Institut für Jüdische Studien und Religionswissenschaft, Philosophische Fakultät","Moses Mendelssohn Zentrum für europäisch-jüdische Studien (MMZ), Potsdam",https://www.uni-potsdam.de/de/js-rw/das-institut/profjuddenk/religions-und-kulturgeschichte-mittel-und-osteuropas/vertretungsprof-dr-anna-dorothea-ludewig,https://www.uni-potsdam.de/de/js-rw/institut/kollegium,"Vertretungsprofessur (interim), printed in the institute's Kollegium list as 'Ludewig, Anna-Dorothea, PD. Vertretungsprofessorin'; not on the faculty professorium page. campus=Neues Palais (Am Neuen Palais 10, 14469 Potsdam); evidence=institute website postal address. confidence=low [collected in the University of Potsdam faculty slice: wiso_phil]"
Christoph Luther,"Lehrbefugnis für Bürgerliches Recht, Deutsche und Europäische Rechtsgeschichte, Handels-, Gesellschafts- und Medienrecht sowie Rechtstheorie","Fachbereich Bürgerliches Recht, Juristische Fakultät",,https://www.uni-potsdam.de/de/ls-rechtsgeschichte/1/apl-prof-dr-christoph-luther,https://www.uni-potsdam.de/de/jura/ful/lehrstuehle-und-professuren/buergerliches-recht,"apl. Prof. (listed by the faculty under 'Außerplanmäßige Professuren') - titular rather than budgeted chair; INCLUDED per instruction. campus=Griebnitzsee (August-Bebel-Str. 89, 14482 Potsdam); evidence=Juristische Fakultät contact block (chair page gave no own address). confidence=low [collected in the University of Potsdam faculty slice: wiso_phil]"
Lutz Lammers,Lehrbefugnis Öffentliches Recht und Steuerrecht,"Fachbereich Öffentliches Recht, Juristische Fakultät",,https://www.uni-potsdam.de/de/prof-lammers/index,https://www.uni-potsdam.de/de/jura/ful/lehrstuehle-und-professuren/oeffentliches-recht,"apl. Prof.; titular rather than budgeted chair; INCLUDED per instruction. campus=Griebnitzsee (August-Bebel-Str. 89, 14482 Potsdam); evidence=Juristische Fakultät contact block (chair page gave no own address). confidence=low [collected in the University of Potsdam faculty slice: wiso_phil]"
Jürgen Mackert,Professur für Allgemeine Soziologie,"Fachgruppe Soziologie, Wirtschafts- und Sozialwissenschaftliche Fakultät",,https://www.uni-potsdam.de/de/allg-soziologie/index,https://www.uni-potsdam.de/de/wiso/fakultaet/professuren-personen,"campus=Griebnitzsee (August-Bebel-Str. 89, 14482 Potsdam); evidence=chair/faculty page postal address [collected in the University of Potsdam faculty slice: wiso_phil]"
Magdalena Hipp,Professur für soziale Ungleichheit und Sozialpolitik (Gemeinsame Berufung mit dem WZB),"Fachgruppe Soziologie, Wirtschafts- und Sozialwissenschaftliche Fakultät",WZB Wissenschaftszentrum Berlin für Sozialforschung: joint appointment (gemeinsame Berufung),https://www.uni-potsdam.de/de/sozialeungleichheit/index,https://www.uni-potsdam.de/de/wiso/fakultaet/professuren-personen,JOINT APPOINTMENT UP + WZB Berlin. campus=unclear (chair page shows only the generic UP address Am Neuen Palais 10); WiSo faculty seat is Griebnitzsee. confidence=low [collected in the University of Potsdam faculty slice: wiso_phil]
Maik Heistermann,HochschullehrerInnen - Analyse hydrologischer Systeme | PD Dr.,"Analyse hydrologischer Systeme, Institut für Umweltwissenschaften und Geographie",,,https://www.uni-potsdam.de/de/umwelt/institut/alle-mitarbeiterinnen,"campus=Golm. Evidence: 'Kontakt und Lageplan' page: 'Universität Potsdam, OT Golm, Karl-Liebknecht-Str. 24-25, 14476 Potsdam'; offices in Haus 32 and Haus 12 (Geoökologie) and Haus 24 (Geographie). confidence=low: Privatdozent, not a professor, but the institute lists him in its 'HochschullehrerInnen' table. Missing: whether he heads an independent group. [collected in the University of Potsdam faculty slice: mathnat]"
Maik Heinemann,"Professur für Wachstum, Integration und nachhaltige Entwicklung","Fachgruppe Volkswirtschaftslehre, Wirtschafts- und Sozialwissenschaftliche Fakultät",,http://www.uni-potsdam.de/makrooekonomie,https://www.uni-potsdam.de/de/wiso/fakultaet/professuren-personen,"campus=Griebnitzsee (August-Bebel-Str. 89, 14482 Potsdam); evidence=chair/faculty page postal address [collected in the University of Potsdam faculty slice: wiso_phil]"
Maja Linke,Prof. Dr. | Professur für Künstlerische Praxis mit dem Schwerpunkt Malerei/Grafik,"Department Musik und Kunst, Humanwissenschaftliche Fakultät (Strukturbereich Bildungswissenschaften)",,https://www.uni-potsdam.de/de/kunst/professur-fuer-kunstpraxis,https://www.uni-potsdam.de/de/bildungswissenschaften/studienbereiche/musik-und-kunst,"campus=Golm; evidence: Kunst unit contact block ""Karl-Liebknecht-Strasse 24-25, 14476 Potsdam"" [collected in the University of Potsdam faculty slice: human_de]"
Maja Apelt,Professur für Organisations- und Verwaltungssoziologie,"Fachgruppe Soziologie, Wirtschafts- und Sozialwissenschaftliche Fakultät",,http://www.uni-potsdam.de/ls-apelt/,https://www.uni-potsdam.de/de/wiso/fakultaet/professuren-personen,"campus=Griebnitzsee (August-Bebel-Str. 89, 14482 Potsdam); evidence=chair/faculty page postal address [collected in the University of Potsdam faculty slice: wiso_phil]"
Aswin Mangerich,Professuren und Forschungsgruppen - ETOX (Prof. Dr. A. Mangerich) | Professur Ernährungstoxikologie,"Professur Ernährungstoxikologie (ETOX), Institut für Ernährungswissenschaft",,https://www.uni-potsdam.de/de/ernährungstoxikologie/index,https://www.uni-potsdam.de/de/iew/,"campus=Golm. Evidence: IEW contact block 'Standort Golm ... Golm, Haus 29, Raum 0.12, Karl-Liebknecht-Str. 24-25, 14476 Potsdam'. Group page gives 'Professur für Ernährungstoxikologie, Karl-Liebknecht-Str. 24-25, D-14476 Potsdam'. [collected in the University of Potsdam faculty slice: mathnat]"
Marco Caliendo,Professur für Empirische Wirtschaftsforschung,"Fachgruppe Volkswirtschaftslehre, Wirtschafts- und Sozialwissenschaftliche Fakultät",,http://www.uni-potsdam.de/empwifo,https://www.uni-potsdam.de/de/wiso/fakultaet/professuren-personen,"campus=Griebnitzsee (August-Bebel-Str. 89, 14482 Potsdam); evidence=chair/faculty page postal address [collected in the University of Potsdam faculty slice: wiso_phil]"
Marcus Grum,"Juniorprofessur für Wirtschaftsinformatik, insbesondere KI-basierte Anwendungssysteme (Timeline Stiftungsprofessur)","Fachgruppe Betriebswirtschaftslehre, Wirtschafts- und Sozialwissenschaftliche Fakultät","Timeline (Stiftungsprofessur, endowing company)",http://lupo-projekt.de/lehrstuhl/personen/lehrstuhlinhaber/jun-prof-dr-ing-marcus-grum,https://www.uni-potsdam.de/de/wiso/fakultaet/professuren-personen,campus=Griebnitzsee (14482 Potsdam); evidence=chair page postal code [collected in the University of Potsdam faculty slice: wiso_phil]
Marcus Brändle,Professur für Technikdidaktik für das berufliche Lehramt (in Vertretung),"Fachgruppe Ökonomische und Technische Bildung, Wirtschafts- und Sozialwissenschaftliche Fakultät",,https://www.uni-potsdam.de/de/wiso/fakultaet/professuren-personen/wirtschaftspaedagogik-fuer-das-berufliche-lehramt-1,https://www.uni-potsdam.de/de/wiso/fakultaet/professuren-personen,"Vertretungsprofessur; faculty prints 'Dr. Marcus Brändle (in Vertretung)' - holds the chair on an interim basis, not a Prof. title. campus=Griebnitzsee (August-Bebel-Str. 89, 14482 Potsdam); evidence=chair page address. confidence=low [collected in the University of Potsdam faculty slice: wiso_phil]"
Margret Bülow,Professuren und Forschungsgruppen - BCE (Prof. Dr. Margret Bülow) | Professur Biochemie der Ernährung,"Professur Biochemie der Ernährung (BCE), Institut für Ernährungswissenschaft",,https://www.uni-potsdam.de/de/bce/index,https://www.uni-potsdam.de/de/iew/,"campus=Golm. Evidence: IEW contact block 'Standort Golm ... Golm, Haus 29, Raum 0.12, Karl-Liebknecht-Str. 24-25, 14476 Potsdam'. Group page title 'Professur Biochemie der Ernährung', contact 'Golm, Haus 29, Raum: 0.12'. [collected in the University of Potsdam faculty slice: mathnat]"
Maria Maares,Professuren und Forschungsgruppen - LMC (Prof. Dr. M. Maares) | Professur Lebensmittelchemie,"Professur Lebensmittelchemie (LMC), Institut für Ernährungswissenschaft",,https://www.uni-potsdam.de/de/lebensmittelchemie/index,https://www.uni-potsdam.de/de/iew/,"campus=Golm. Evidence: IEW contact block 'Standort Golm ... Golm, Haus 29, Raum 0.12, Karl-Liebknecht-Str. 24-25, 14476 Potsdam'. Group page contact 'Haus 29, Karl-Liebknecht-Str. 24-25, 14476 Potsdam'. [collected in the University of Potsdam faculty slice: mathnat]"
Marina Höhne,Professuren am Institut für Informatik und Computational Science - Digital Bioeconomy,"Digital Bioeconomy, Institut für Informatik und Computational Science",Leibniz-Institut für Agrartechnik und Bioökonomie Potsdam (ATB) - gemeinsame Berufung,https://www.atb-potsdam.de/en/about-us/team/staff-members/person/marina-hohne,https://www.uni-potsdam.de/de/cs/research/index,"campus=Golm (Wissenschaftspark). Evidence: institute footer on the IfI page gives 'Universität Potsdam, Institut für Informatik und Computational Science, An der Bahn 2, 14476 Potsdam' (Golm CS building). Joint appointment stated on the institute page. [collected in the University of Potsdam faculty slice: mathnat]"
Mark Lawrence,Gemeinsam berufene HochschullehrerInnen ... - Honorarprofessor [ RIFS ] | Prof. Dr.,Institut für Umweltwissenschaften und Geographie,"RIFS Potsdam (Research Institute for Sustainability, Helmholtz-Zentrum Potsdam) - primary employer; Honorarprofessur at UP",,https://www.uni-potsdam.de/de/umwelt/institut/alle-mitarbeiterinnen,"campus=Golm. Evidence: 'Kontakt und Lageplan' page: 'Universität Potsdam, OT Golm, Karl-Liebknecht-Str. 24-25, 14476 Potsdam'; offices in Haus 32 and Haus 12 (Geoökologie) and Haus 24 (Geographie). confidence=low / FLAGGED: Honorarprofessur; spec says EXCLUDE honorary. RIFS is on the Telegrafenberg / Berliner Straße 130, 14467 Potsdam - off-campus. [collected in the University of Potsdam faculty slice: mathnat]"
Eva Markowsky,Juniorprofessur in Quantitative Economics,"Fachgruppe Volkswirtschaftslehre, Wirtschafts- und Sozialwissenschaftliche Fakultät",,https://www.uni-potsdam.de/de/wiso/fakultaet/professuren-personen/juniorprofessur-fuer-quantitative-economics,https://www.uni-potsdam.de/de/wiso/fakultaet/professuren-personen,"campus=Griebnitzsee (August-Bebel-Str. 89, 14482 Potsdam); evidence=chair/faculty page postal address [collected in the University of Potsdam faculty slice: wiso_phil]"
Markus Hecher,Theoretische Informatik - N.N. Vertretung: Dr. Markus Hecher,"Theoretische Informatik, Institut für Informatik und Computational Science",,,https://www.uni-potsdam.de/de/cs/research/index,"campus=Golm (Wissenschaftspark). Evidence: institute footer on the IfI page gives 'Universität Potsdam, Institut für Informatik und Computational Science, An der Bahn 2, 14476 Potsdam' (Golm CS building). confidence=low: chair is vacant (N.N.); listed only as 'Vertretung' (acting chair holder). Missing: whether he has an independent position. [collected in the University of Potsdam faculty slice: mathnat]"
Markus Antonietti,Honorarprofessuren - MPIKG,Institut für Chemie,Max-Planck-Institut für Kolloid- und Grenzflächenforschung (MPIKG) - primary employer,,https://www.chem.uni-potsdam.de/index.php?lang=de&action=honor,"campus=Golm. Evidence: chem.uni-potsdam.de homepage text 'Sie finden uns im Wissenschaftspark Golm'; address 'Karl-Liebknecht-Str. 24-25, 14476 Potsdam'; Institutsleitung room 'Haus 26 / 2.61'; other rooms Haus 25 / Haus 29. confidence=low / FLAGGED: Honorarprofessur; spec says EXCLUDE honorary titles. Row kept for visibility. MPIKG sits on the Golm science park (Am Mühlenberg 1, 14476 Potsdam-Golm). [collected in the University of Potsdam faculty slice: mathnat]"
Markus Grebe,Ordentliche Professuren - Pflanzenphysiologie,"AG Pflanzenphysiologie, Institut für Biochemie und Biologie",,,https://www.uni-potsdam.de/de/ibb/arbeitsgruppen/professuren-ags,"campus=Golm. Evidence: IBB 'Standorte' page names 'Standort Golm ... Karl-Liebknecht-Straße 24-25, 14476 Potsdam' as Hauptstandort der Arbeitsgruppen; second IBB site 'Maulbeerallee' (Botanischer Garten, near Neues Palais) exists for the Botanical Garden. [collected in the University of Potsdam faculty slice: mathnat]"
Magdalena Marszałek,Professur für Slavische Literatur- und Kulturwissenschaft/Polonistik,"Institut für Slavistik, Philosophische Fakultät",Member of the Institut für Jüdische Studien und Religionswissenschaft (Mitgliedschaft im Institut),https://www.uni-potsdam.de/slavistik-polonistik/index.html,https://www.uni-potsdam.de/de/philfak/fakultaet/personalia/professorium,"campus=Neues Palais (Am Neuen Palais 10, 14469 Potsdam); evidence=institute website postal address [collected in the University of Potsdam faculty slice: wiso_phil]"
Martin Fischer,"Prof. Martin Fischer, PhD | Querschnittsprofessur Kognitive Wissenschaften","Department Psychologie, Humanwissenschaftliche Fakultät (Strukturbereich Kognitionswissenschaften)",,https://www.uni-potsdam.de/de/pecog/mitarbeiterinnen/prof-martin-fischer-phd,https://www.uni-potsdam.de/de/kognitionswissenschaften/zusammensetzung-des-strukturbereichs/professuren-im-department-psychologie,"campus=Golm (Wissenschaftspark); evidence: unit ""Kontakt"" block gives Karl-Liebknecht-Str. 24-25, 14476 Potsdam OT Golm; also Prodekan fuer Forschung und wissenschaftlichen Nachwuchs der HWF [collected in the University of Potsdam faculty slice: human_de]"
Martin Brunner,Prof. Dr. | Professur für Quantitative Methoden in den Bildungswissenschaften,"Department Erziehungswissenschaft, Humanwissenschaftliche Fakultät (Strukturbereich Bildungswissenschaften)",,https://www.uni-potsdam.de/de/quantmethoden/index,https://www.uni-potsdam.de/de/bildungswissenschaften/studienbereiche/erziehungswissenschaft,"campus=Golm (Wissenschaftspark); evidence: unit ""Kontakt"" block gives Karl-Liebknecht-Str. 24-25, 14476 Potsdam OT Golm [collected in the University of Potsdam faculty slice: human_de]"
Martin Herold,Gemeinsam berufene HochschullehrerInnen an außeruniversitären Forschungsinstitutionen und außerplanmäßige Professuren - Fernerkundung und Geoinformatik [ GFZ ] | Prof. Dr.,"Fernerkundung und Geoinformatik [ GFZ ], Institut für Umweltwissenschaften und Geographie",GFZ - gemeinsam berufen mit GFZ,,https://www.uni-potsdam.de/de/umwelt/institut/alle-mitarbeiterinnen,"campus=Golm. Evidence: 'Kontakt und Lageplan' page: 'Universität Potsdam, OT Golm, Karl-Liebknecht-Str. 24-25, 14476 Potsdam'; offices in Haus 32 and Haus 12 (Geoökologie) and Haus 24 (Geographie). Joint appointment; primary site GFZ Telegrafenberg - off-campus. [collected in the University of Potsdam faculty slice: mathnat]"
Martin Leubner,Professur für Didaktik der deutschen Literatur,"Institut für Germanistik, Philosophische Fakultät",,http://www.uni-potsdam.de/did-lit/index.html,https://www.uni-potsdam.de/de/philfak/fakultaet/personalia/professorium,"campus=Neues Palais (Am Neuen Palais 10, 14469 Potsdam); evidence=institute website postal address [collected in the University of Potsdam faculty slice: wiso_phil]"
Matias Bargheer,Ordentliche Professuren - Ultraschnelle Dynamik kondensierter Materie,"Ultraschnelle Dynamik kondensierter Materie, Institut für Physik und Astronomie",,,https://www.uni-potsdam.de/de/physik/institut/professuren,"campus=Golm. Evidence: institute contact block 'Campus Golm, Haus 28, Karl-Liebknecht-Straße 24/25, 14476 Potsdam OT Golm'. [collected in the University of Potsdam faculty slice: mathnat]"
Claudia Matthäus,Professuren und Forschungsgruppen - ZPE (Prof. Dr. C. Matthäus) | Zelluläre Physiologie der Ernährung,"Zelluläre Physiologie der Ernährung (ZPE), Institut für Ernährungswissenschaft",,https://www.uni-potsdam.de/de/zpe/index,https://www.uni-potsdam.de/de/iew/,"campus=Golm. Evidence: IEW contact block 'Standort Golm ... Golm, Haus 29, Raum 0.12, Karl-Liebknecht-Str. 24-25, 14476 Potsdam'. Group page contact 'Karl-Liebknecht-Str. 25, Haus 29, Raum 0.08, 14476 Potsdam-Golm'. Note: the IEW nav abbreviates her as 'Prof. Dr. C. Matthäus'; the group page prints 'Prof. Dr. Claudia Matthäus'. [collected in the University of Potsdam faculty slice: mathnat]"
Matthias Holschneider,Professuren am Institut für Mathematik - Angewandte Mathematik | Prof. Dr.,"Angewandte Mathematik, Institut für Mathematik",,https://www.math.uni-potsdam.de/professuren/angewandte-mathematik,https://www.math.uni-potsdam.de/professuren,"campus=Golm. Evidence: institute contact block 'Institut für Mathematik, Campus Golm, Haus 9, Karl-Liebknecht-Str. 24-25, D-14476 Potsdam OT Golm'. [collected in the University of Potsdam faculty slice: mathnat]"
Matthias Keller,Professuren am Institut für Mathematik - Graphentheorie | Prof. Dr.,"Graphentheorie, Institut für Mathematik",,https://www.math.uni-potsdam.de/professuren/graphentheorie,https://www.math.uni-potsdam.de/professuren,"campus=Golm. Evidence: institute contact block 'Institut für Mathematik, Campus Golm, Haus 9, Karl-Liebknecht-Str. 24-25, D-14476 Potsdam OT Golm'. [collected in the University of Potsdam faculty slice: mathnat]"
Matthias Hartlieb,Forschungsgruppen und Habilitierende - Polymere Biomaterialien,"Polymere Biomaterialien, Institut für Chemie",,https://www.uni-potsdam.de/en/polybio/index,https://www.chem.uni-potsdam.de/index.php?lang=de&action=foha,"campus=Golm. Evidence: chem.uni-potsdam.de homepage text 'Sie finden uns im Wissenschaftspark Golm'; address 'Karl-Liebknecht-Str. 24-25, 14476 Potsdam'; Institutsleitung room 'Haus 26 / 2.61'; other rooms Haus 25 / Haus 29. confidence=low: listed by the institute under 'Forschungsgruppen und Habilitierende' with an own group page, i.e. an independent/junior research group leader, but the page does not state a funding line (Emmy Noether etc.) or whether they sit inside another chair. Jolanda Hermanns is printed as 'PD Dr.'. [collected in the University of Potsdam faculty slice: mathnat]"
Matthias Kalkuhl,"Professor für Klimawandel, Entwicklung und Wirtschaftswachstum (Gemeinsame Berufung mit dem PIK)","Fachgruppe Volkswirtschaftslehre, Wirtschafts- und Sozialwissenschaftliche Fakultät",Potsdam-Institut für Klimafolgenforschung (PIK): joint appointment (gemeinsame Berufung); personal page hosted at pik-potsdam.de,https://www.pik-potsdam.de/members/mkalkuhl,https://www.uni-potsdam.de/de/wiso/fakultaet/professuren-personen,"JOINT APPOINTMENT UP + PIK. campus=unclear for the UP part; PIK sits on Telegrafenberg, Potsdam. confidence=low [collected in the University of Potsdam faculty slice: wiso_phil]"
Matthias Klumm,Professur für Englische Sprache der Gegenwart (Lehrstuhlvertretung),"Institut für Anglistik und Amerikanistik, Philosophische Fakultät",,https://www.uni-potsdam.de/en/iaa-pde-ll/index,https://www.uni-potsdam.de/de/philfak/fakultaet/personalia/professorium,"Lehrstuhlvertretung (interim chair holder), printed as 'Lehrstuhlvertretung: PD Dr. Matthias Klumm'; the W3 professorship for Contemporary English Language has completed its appointment procedure per the faculty's Berufungsverfahren page, so the permanent holder may already have changed. campus=Neues Palais (Am Neuen Palais 10, 14469 Potsdam); evidence=institute website postal address. confidence=low [collected in the University of Potsdam faculty slice: wiso_phil]"
Matthias Granzow-Emden,Professur für Didaktik der deutschen Sprache,"Institut für Germanistik, Philosophische Fakultät",,http://www.uni-potsdam.de/sprachdidaktik/index.html,https://www.uni-potsdam.de/de/philfak/fakultaet/personalia/professorium,"campus=Neues Palais (Am Neuen Palais 10, 14469 Potsdam); evidence=institute website postal address [collected in the University of Potsdam faculty slice: wiso_phil]"
Matthias Asche,Professur für Allgemeine Geschichte der Frühen Neuzeit,"Historisches Institut, Philosophische Fakultät",,https://www.uni-potsdam.de/hi-fruehe-neuzeit/professur.html,https://www.uni-potsdam.de/de/philfak/fakultaet/personalia/professorium,"campus=Neues Palais (Am Neuen Palais 10, 14469 Potsdam); evidence=institute website postal address [collected in the University of Potsdam faculty slice: wiso_phil]"
Maud Hietzge,Dr. | Lehrstuhlinhaberin/Vertretung Sportdidaktik unter Berücksichtigung der Sekundarstufe,"Department Sport- und Gesundheitswissenschaften, Humanwissenschaftliche Fakultät",,https://www.uni-potsdam.de/de/sportdidaktik/index,https://www.uni-potsdam.de/de/bildungswissenschaften/studienbereiche/sport-1,"campus=Golm; evidence: chair page Kontakt ""Karl-Liebknecht-Str. 24/25, Haus 24, 14476 Potsdam""; confidence=low - Lehrstuhlvertretung (temporary substitute), W2 appointment in preparation [collected in the University of Potsdam faculty slice: human_de]"
Maximilian Lein,Professuren am Institut für Mathematik - Mathematische Physik | Prof. Dr.,"Mathematische Physik, Institut für Mathematik",,,https://www.math.uni-potsdam.de/professuren,"campus=Golm. Evidence: institute contact block 'Institut für Mathematik, Campus Golm, Haus 9, Karl-Liebknecht-Str. 24-25, D-14476 Potsdam OT Golm'. [collected in the University of Potsdam faculty slice: mathnat]"
Maximilian Kleinert,Gemeinsame Berufungen mit DIfE - MPEN (Prof. Dr. M. Kleinert),Abteilung Molekulare Physiologie der Bewegung und Ernährung (MPEN) / Institut für Ernährungswissenschaft,"Deutsches Institut für Ernährungsforschung Potsdam-Rehbrücke (DIfE), Leibniz-Institut - gemeinsame Berufung (UP nav section 'Gemeinsame Berufungen mit DIfE'); full first name taken from the linked DIfE department page",https://www.dife.de/forschung/abteilungen-und-forschungsgruppen/molekulare-physiologie-der-bewegung-und-ernährung/,https://www.uni-potsdam.de/de/iew/,"campus=off-campus Rehbrücke/Nuthetal (NOT one of the three Potsdam campuses). Evidence: IEW contact block 'Standort Rehbrücke ... Arthur-Scheunert-Allee 155, 14558 Nuthetal'; institute banner 'Standort Rehbrücke: Arthur-Scheunert-Allee 114-116, 14558 Nuthetal'. Joint appointment; DIfE is at Arthur-Scheunert-Allee 114-116, 14558 Nuthetal (Potsdam-Rehbrücke) - ~7 km from the Golm campus, off-campus. [collected in the University of Potsdam faculty slice: mathnat]"
Frank Mayer,Prof. Dr. | Professur Sportmedizin und Sportorthopädie,"Department Sport- und Gesundheitswissenschaften, Humanwissenschaftliche Fakultät","Hochschulambulanz / Zentrum für Sportmedizin, Freizeit-, Gesundheits- und Leistungssport (named in the chair's own contact block)",https://www.uni-potsdam.de/de/sportmedizin/,https://www.uni-potsdam.de/de/bildungswissenschaften/studienbereiche/sport-1,"campus=Neues Palais; evidence: chair page Kontakt ""Am Neuen Palais 10, Haus 12, 14469 Potsdam"" [collected in the University of Potsdam faculty slice: human_de]"
Carsten Meinert,"Professur für Bürgerliches Recht, Unternehmens- und Steuerrecht","Fachbereich Bürgerliches Recht, Juristische Fakultät",,https://www.uni-potsdam.de/de/unternehmens-und-steuerrecht/index,https://www.uni-potsdam.de/de/jura/ful/lehrstuehle-und-professuren/buergerliches-recht,"campus=Griebnitzsee (August-Bebel-Str. 89, 14482 Potsdam); evidence=chair page postal address [collected in the University of Potsdam faculty slice: wiso_phil]"
Melanie Franke,Prof. Dr. | Professur für Kunstwissenschaft in schulischen Lehr- und Lernkontexten,"Department Musik und Kunst, Humanwissenschaftliche Fakultät (Strukturbereich Bildungswissenschaften)",,https://www.uni-potsdam.de/de/kunst/professur-fuer-kunstwissenschaft,https://www.uni-potsdam.de/de/bildungswissenschaften/studienbereiche/musik-und-kunst,"campus=Golm; evidence: Kunst unit contact block ""Karl-Liebknecht-Strasse 24-25, 14476 Potsdam"" [collected in the University of Potsdam faculty slice: human_de]"
Melina Freitag,Professuren am Institut für Mathematik - Datenassimilation | Prof. Dr.,"Datenassimilation, Institut für Mathematik",,https://www.math.uni-potsdam.de/professuren/datenassimilation,https://www.math.uni-potsdam.de/professuren,"campus=Golm. Evidence: institute contact block 'Institut für Mathematik, Campus Golm, Haus 9, Karl-Liebknecht-Str. 24-25, D-14476 Potsdam OT Golm'. [collected in the University of Potsdam faculty slice: mathnat]"
Gerard de Melo,Prof. Dr. | Fachgebiet Artificial Intelligence and Intelligent Systems,Digital Engineering Fakultät - Fachgebiet Artificial Intelligence and Intelligent Systems; Digital Engineering Fakultät (gemeinsame Fakultät der Universität Potsdam und des Hasso-Plattner-Instituts),"Hasso-Plattner-Institut: the UP Digital-Engineering faculty page lists this person under 'Fachgebiete' with the link pointing to the HPI chair page (hpi.de/forschung/fachgebiete/...), and hpi.de lists the same person under 'HPI-Fachgebiete' - i.e. shown as HPI Fachgebietsleiter/in (chair holder at HPI) while being a professor of the joint UP Digital Engineering Fakultät",https://hpi.de/forschung/fachgebiete/artificial-intelligence-and-intelligent-systems.html,https://www.uni-potsdam.de/de/digital-engineering/forschung/fachgebiete,"campus=Griebnitzsee; evidence: DE-Fakultaet/HPI ""Kontakt"" block gives Prof.-Dr.-Helmert-Str. 2-3, 14482 Potsdam [collected in the University of Potsdam faculty slice: human_de]"
Linda Merkel,"Juniorprofessur für Didaktik des Faches Lebensgestaltung. Ethik, Religionswissenschaft","Institut für Lebensgestaltung - Ethik - Religion (LER), Philosophische Fakultät",,https://www.uni-potsdam.de/de/ler/das-institut/mitarbeiter-a-z/prof-dr-linda-merkel,https://www.uni-potsdam.de/de/philfak/fakultaet/personalia/professorium,"campus=Neues Palais (Am Neuen Palais 10, 14469 Potsdam); evidence=institute website postal address; institute staff list notes 'Elternzeit bis 30.06.2027' (parental leave) - position still held [collected in the University of Potsdam faculty slice: wiso_phil]"
Bruno Merz,Gemeinsam berufene HochschullehrerInnen an außeruniversitären Forschungsinstitutionen und außerplanmäßige Professuren - Ingenieurhydrologie und Management von Georisiken [ GFZ ] | Prof. Dr.-Ing.,"Ingenieurhydrologie und Management von Georisiken [ GFZ ], Institut für Umweltwissenschaften und Geographie",GFZ - gemeinsam berufen mit GFZ,,https://www.uni-potsdam.de/de/umwelt/institut/alle-mitarbeiterinnen,"campus=Golm. Evidence: 'Kontakt und Lageplan' page: 'Universität Potsdam, OT Golm, Karl-Liebknecht-Str. 24-25, 14476 Potsdam'; offices in Haus 32 and Haus 12 (Geoökologie) and Haus 24 (Geographie). Joint appointment; primary site GFZ Telegrafenberg - off-campus. [collected in the University of Potsdam faculty slice: mathnat]"
Christoph Merz,Externe HochschullehrerInnen - Umwelthydrogeologie & Grundwassermanagement ( ZALF ) | Prof. Dr.,"Umwelthydrogeologie & Grundwassermanagement ( ZALF ), Institut für Umweltwissenschaften und Geographie",Leibniz-Zentrum für Agrarlandschaftsforschung ZALF - primary employer,,https://www.uni-potsdam.de/de/umwelt/institut/alle-mitarbeiterinnen,"campus=Golm. Evidence: 'Kontakt und Lageplan' page: 'Universität Potsdam, OT Golm, Karl-Liebknecht-Str. 24-25, 14476 Potsdam'; offices in Haus 32 and Haus 12 (Geoökologie) and Haus 24 (Geographie). confidence=low: listed under 'Externe HochschullehrerInnen' (teaching from an external institute), so probably not a UP position holder. Off-campus. [collected in the University of Potsdam faculty slice: mathnat]"
Jan Metzger,Professuren am Institut für Mathematik - Partielle Differentialgleichungen | Prof. Dr.,"Partielle Differentialgleichungen, Institut für Mathematik",,https://www.math.uni-potsdam.de/professuren/partielle-differentialgleichungen,https://www.math.uni-potsdam.de/professuren,"campus=Golm. Evidence: institute contact block 'Institut für Mathematik, Campus Golm, Haus 9, Karl-Liebknecht-Str. 24-25, D-14476 Potsdam OT Golm'. [collected in the University of Potsdam faculty slice: mathnat]"
Michael Gössel,Arbeitsgruppen - Arbeitsgruppe Fehlertolerantes Rechnen,"AG Fehlertolerantes Rechnen, Institut für Informatik und Computational Science",,http://www.cs.uni-potsdam.de/agfr/,https://www.uni-potsdam.de/de/cs/research/index,"campus=Golm (Wissenschaftspark). Evidence: institute footer on the IfI page gives 'Universität Potsdam, Institut für Informatik und Computational Science, An der Bahn 2, 14476 Potsdam' (Golm CS building). confidence=low: he heads his own AG per the 'Arbeitsgruppen' section, but the same page also lists him under 'Ehemalige Professorinnen und Professoren' (Technische Informatik 1994-2007), so he may be emeritus running a legacy group. [collected in the University of Potsdam faculty slice: mathnat]"
Michael U. Kumke,Professuren (Institut für Chemie) - Opt. Sensorik. u. Spektroskopie,"Opt. Sensorik. u. Spektroskopie, Institut für Chemie",,https://www.uni-potsdam.de/muk/index.html,https://www.chem.uni-potsdam.de/index.php?lang=de&action=profs,"campus=Golm. Evidence: chem.uni-potsdam.de homepage text 'Sie finden uns im Wissenschaftspark Golm'; address 'Karl-Liebknecht-Str. 24-25, 14476 Potsdam'; Institutsleitung room 'Haus 26 / 2.61'; other rooms Haus 25 / Haus 29. Room Haus 29 / 0.50. [collected in the University of Potsdam faculty slice: mathnat]"
Michael Hofreiter,Ordentliche Professuren - Evolutive Adaptive Genomik,"AG Evolutive Adaptive Genomik, Institut für Biochemie und Biologie",,,https://www.uni-potsdam.de/de/ibb/arbeitsgruppen/professuren-ags,"campus=Golm. Evidence: IBB 'Standorte' page names 'Standort Golm ... Karl-Liebknecht-Straße 24-25, 14476 Potsdam' as Hauptstandort der Arbeitsgruppen; second IBB site 'Maulbeerallee' (Botanischer Garten, near Neues Palais) exists for the Botanical Garden. [collected in the University of Potsdam faculty slice: mathnat]"
Michael Lenhard,Ordentliche Professuren - Genetik,"AG Genetik, Institut für Biochemie und Biologie",,,https://www.uni-potsdam.de/de/ibb/arbeitsgruppen/professuren-ags,"campus=Golm. Evidence: IBB 'Standorte' page names 'Standort Golm ... Karl-Liebknecht-Straße 24-25, 14476 Potsdam' as Hauptstandort der Arbeitsgruppen; second IBB site 'Maulbeerallee' (Botanischer Garten, near Neues Palais) exists for the Botanical Garden. [collected in the University of Potsdam faculty slice: mathnat]"
Michael Kühn,Gemeinsam berufene und außerplanmäßige ProfessorInnen und PrivatdozentInnen an außeruniversitären Forschungseinrichtungen - Hydrogeologie [ GFZ ] | Prof. Dr.,"Hydrogeologie [ GFZ ], Institut für Geowissenschaften",GFZ,,https://www.uni-potsdam.de/de/geo/institut/mitarbeiter,"campus=Golm. Evidence: institute contact block 'Campus Golm / Haus 27, Karl-Liebknecht-Str. 24-25, 14476 Potsdam'. Joint/apl. appointment: primary site is GFZ Telegrafenberg - off-campus; the UP institute itself is at Golm Haus 27. [collected in the University of Potsdam faculty slice: mathnat]"
Michel Knigge,Prof. Dr. | Inklusionspädagogische Schul- und Unterrichtsentwicklung,"Department Inklusionspädagogik, Humanwissenschaftliche Fakultät (Strukturbereich Bildungswissenschaften)",,https://www.uni-potsdam.de/de/inklusion/isu,https://www.uni-potsdam.de/de/bildungswissenschaften/studienbereiche/inklusionspaedagogik,"campus=Golm (Wissenschaftspark); evidence: unit ""Kontakt"" block gives Karl-Liebknecht-Str. 24-25, 14476 Potsdam OT Golm; Departmentsprecher Inklusionspaedagogik (Organigramm HWF 04/2026) [collected in the University of Potsdam faculty slice: human_de]"
Iwan-Michelangelo D'Aprile,Professur für Kulturen der Aufklärung,"Institut für Germanistik, Philosophische Fakultät",,http://www.uni-potsdam.de/kulturen-der-aufklaerung/index.html,https://www.uni-potsdam.de/de/philfak/fakultaet/personalia/professorium,"campus=Neues Palais (Am Neuen Palais 10, 14469 Potsdam); evidence=institute website postal address [collected in the University of Potsdam faculty slice: wiso_phil]"
Alex Miklashevsky,Elternzeitvertretung Professur Kognitive Neurowissenschaften,"Department Psychologie, Humanwissenschaftliche Fakultät (Strukturbereich Kognitionswissenschaften)",Museum für Naturkunde Berlin (UP news item calls him 'Forschungsgruppenleiter am Museum für Naturkunde und Vertretungsprofessor an der Uni Potsdam'),,https://www.uni-potsdam.de/de/kognitionswissenschaften/zusammensetzung-des-strukturbereichs/professuren-im-department-psychologie,"campus=Golm (Wissenschaftspark); evidence: unit ""Kontakt"" block gives Karl-Liebknecht-Str. 24-25, 14476 Potsdam OT Golm; confidence=low - parental-leave substitute, not a permanent UP position; independent group leadership is at Museum fuer Naturkunde Berlin [collected in the University of Potsdam faculty slice: human_de]"
Milos Krstic,Professuren am Institut für Informatik und Computational Science - Design- und Testmethodik,"Design- und Testmethodik, Institut für Informatik und Computational Science",Leibniz-Institut für Innovative Mikroelektronik Frankfurt/Oder (IHP) - gemeinsame Berufung,,https://www.uni-potsdam.de/de/cs/research/index,"campus=Golm (Wissenschaftspark). Evidence: institute footer on the IfI page gives 'Universität Potsdam, Institut für Informatik und Computational Science, An der Bahn 2, 14476 Potsdam' (Golm CS building). printed as 'Prof. Dr.-Ing. Milos Krstic' Joint appointment stated on the institute page. [collected in the University of Potsdam faculty slice: mathnat]"
Hannes Mohrschladt,"Professur für Betriebswirtschaftslehre, insbesondere Finanzierung","Fachgruppe Betriebswirtschaftslehre, Wirtschafts- und Sozialwissenschaftliche Fakultät",,https://www.uni-potsdam.de/de/bwl-fin/index,https://www.uni-potsdam.de/de/wiso/fakultaet/professuren-personen,"campus=Griebnitzsee (August-Bebel-Str. 89, 14482 Potsdam); evidence=chair/faculty page postal address [collected in the University of Potsdam faculty slice: wiso_phil]"
Heiko Möller,Professuren (Institut für Chemie) - Analytische Chemie,"Analytische Chemie, Institut für Chemie",,https://www.chem.uni-potsdam.de/groups/bionmr/,https://www.chem.uni-potsdam.de/index.php?lang=de&action=profs,"campus=Golm. Evidence: chem.uni-potsdam.de homepage text 'Sie finden uns im Wissenschaftspark Golm'; address 'Karl-Liebknecht-Str. 24-25, 14476 Potsdam'; Institutsleitung room 'Haus 26 / 2.61'; other rooms Haus 25 / Haus 29. [collected in the University of Potsdam faculty slice: mathnat]"
Monika Fenn,Professur für Didaktik der Geschichte,"Historisches Institut, Philosophische Fakultät",,https://www.uni-potsdam.de/hi-didaktik/index.html,https://www.uni-potsdam.de/de/philfak/fakultaet/personalia/professorium,"campus=Neues Palais (Am Neuen Palais 10, 14469 Potsdam); evidence=institute website postal address [collected in the University of Potsdam faculty slice: wiso_phil]"
Hans-Georg Müller,Akademischer Mitarbeiter Sprachdidaktik,"Institut für Germanistik, Philosophische Fakultät",,,https://www.uni-potsdam.de/de/germanistik/institut/professuren-und-arbeitsgebiete,"Listed by the institute with a Prof. title but under 'Akademischer Mitarbeiter', i.e. probably an apl./außerplanmäßige professorship rather than an independent chair; INCLUDED per instruction. campus=Neues Palais (Am Neuen Palais 10, 14469 Potsdam); evidence=institute website postal address. confidence=low, missing: rank of the professorship [collected in the University of Potsdam faculty slice: wiso_phil]"
Maria Mutti,ProfessorInnen - Sedimentäre Geologie | Prof. Dr.,"Sedimentäre Geologie, Institut für Geowissenschaften",,,https://www.uni-potsdam.de/de/geo/institut/mitarbeiter,"campus=Golm. Evidence: institute contact block 'Campus Golm / Haus 27, Karl-Liebknecht-Str. 24-25, 14476 Potsdam'. [collected in the University of Potsdam faculty slice: mathnat]"
Myfanwy Evans,Professuren am Institut für Mathematik - Angewandte Geometrie und Topologie | Prof. Dr.,"Angewandte Geometrie und Topologie, Institut für Mathematik",,https://www.math.uni-potsdam.de/professuren/applied-geometry-and-topology,https://www.math.uni-potsdam.de/professuren,"campus=Golm. Evidence: institute contact block 'Institut für Mathematik, Campus Golm, Haus 9, Karl-Liebknecht-Str. 24-25, D-14476 Potsdam OT Golm'. [collected in the University of Potsdam faculty slice: mathnat]"
Nanna Fuhrhop,Professur für Germanistische Linguistik/Grammatik,"Institut für Germanistik, Philosophische Fakultät",,https://www.uni-potsdam.de/de/germanistische-linguistik-grammatik/index,https://www.uni-potsdam.de/de/philfak/fakultaet/personalia/professorium,"campus=Neues Palais (Am Neuen Palais 10, 14469 Potsdam); evidence=institute website postal address [collected in the University of Potsdam faculty slice: wiso_phil]"
Natalie Boll-Avetisyan,Juniorprofessur Entwicklungsbedingte Psycholinguistik (Dept.-Seite: 'Prof. Dr. Natalie Boll-Avetisyan - Psycholinguistik des frühen Spracherwerbs'),"Department Linguistik, Humanwissenschaftliche Fakultät (Strukturbereich Kognitionswissenschaften)",,https://www.uni-potsdam.de/de/ling/professuren/professur-fuer-entwicklungsbedingte-psycholinguistik,https://www.uni-potsdam.de/de/kognitionswissenschaften/zusammensetzung-des-strukturbereichs/professuren-im-department-linguistik,"campus=Golm; evidence: Department Linguistik contact block ""Campus Golm, Karl-Liebknecht-Str. 24/25, Haus 14""; W1/Junior professorship per the Kognitionswissenschaften list [collected in the University of Potsdam faculty slice: human_de]"
Felix Naumann,Prof. Dr. | Fachgebiet Informationssysteme,Digital Engineering Fakultät - Fachgebiet Informationssysteme; Digital Engineering Fakultät (gemeinsame Fakultät der Universität Potsdam und des Hasso-Plattner-Instituts),"Hasso-Plattner-Institut: the UP Digital-Engineering faculty page lists this person under 'Fachgebiete' with the link pointing to the HPI chair page (hpi.de/forschung/fachgebiete/...), and hpi.de lists the same person under 'HPI-Fachgebiete' - i.e. shown as HPI Fachgebietsleiter/in (chair holder at HPI) while being a professor of the joint UP Digital Engineering Fakultät",https://hpi.de/en/database-group/home/,https://www.uni-potsdam.de/de/digital-engineering/forschung/fachgebiete,"campus=Griebnitzsee; evidence: DE-Fakultaet/HPI ""Kontakt"" block gives Prof.-Dr.-Helmert-Str. 2-3, 14482 Potsdam; Stellvertreter des Prodekans fuer Lehre und Studium und Inhaber des Lehrstuhls fuer Informationssysteme (Dekanat page) [collected in the University of Potsdam faculty slice: human_de]"
Dieter Neher,Ordentliche Professuren - Physik und Optoelektronik weicher Materie,"Physik und Optoelektronik weicher Materie, Institut für Physik und Astronomie",,,https://www.uni-potsdam.de/de/physik/institut/professuren,"campus=Golm. Evidence: institute contact block 'Campus Golm, Haus 28, Karl-Liebknecht-Straße 24/25, 14476 Potsdam OT Golm'. [collected in the University of Potsdam faculty slice: mathnat]"
Claas Nendel,Gemeinsam berufene Professuren - Landschaftssystemanalyse,"Landschaftssystemanalyse, Institut für Biochemie und Biologie",Leibniz-Zentrum für Agrarlandschaftsforschung (ZALF) e.V. - gemeinsame Berufung; ALSO listed by the Institut für Umweltwissenschaften und Geographie ('Landschaftsystemanalyse [ZALF]'),,https://www.uni-potsdam.de/de/ibb/arbeitsgruppen/professuren-ags,"campus=Golm. Evidence: IBB 'Standorte' page names 'Standort Golm ... Karl-Liebknecht-Straße 24-25, 14476 Potsdam' as Hauptstandort der Arbeitsgruppen; second IBB site 'Maulbeerallee' (Botanischer Garten, near Neues Palais) exists for the Botanical Garden. Joint appointment: primary site is the partner institute (ZALF Müncheberg, ~50 km east of Potsdam - off-campus), UP home institute is at Golm. [collected in the University of Potsdam faculty slice: mathnat]"
Niclas Böhmer,Prof. Dr. | Fachgebiet Algorithmic Decision Making and Society,Digital Engineering Fakultät - Fachgebiet Algorithmic Decision Making and Society; Digital Engineering Fakultät (gemeinsame Fakultät der Universität Potsdam und des Hasso-Plattner-Instituts),"Hasso-Plattner-Institut: the UP Digital-Engineering faculty page lists this person under 'Fachgebiete' with the link pointing to the HPI chair page (hpi.de/forschung/fachgebiete/...), and hpi.de lists the same person under 'HPI-Fachgebiete' - i.e. shown as HPI Fachgebietsleiter/in (chair holder at HPI) while being a professor of the joint UP Digital Engineering Fakultät",https://hpi.de/forschung/fachgebiete/algorithmic-decision-making-and-society/,https://www.uni-potsdam.de/de/digital-engineering/forschung/fachgebiete,"campus=Griebnitzsee; evidence: DE-Fakultaet/HPI ""Kontakt"" block gives Prof.-Dr.-Helmert-Str. 2-3, 14482 Potsdam [collected in the University of Potsdam faculty slice: human_de]"
Niels Hovius,Gemeinsam berufene und außerplanmäßige ProfessorInnen und PrivatdozentInnen an außeruniversitären Forschungseinrichtungen - Geopedologie | Prof. Dr.,"Geopedologie, Institut für Geowissenschaften",GFZ - email niels.hovius@gfz-potsdam.de,,https://www.uni-potsdam.de/de/geo/institut/mitarbeiter,"campus=Golm. Evidence: institute contact block 'Campus Golm / Haus 27, Karl-Liebknecht-Str. 24-25, 14476 Potsdam'. Joint/apl. appointment: primary site is GFZ Telegrafenberg - off-campus; the UP institute itself is at Golm Haus 27. [collected in the University of Potsdam faculty slice: mathnat]"
Nina Kolleck,Prof. Dr. habil. | Professur für Erziehungs- und Sozialisationstheorie,"Department Erziehungswissenschaft, Humanwissenschaftliche Fakultät (Strukturbereich Bildungswissenschaften)",,https://www.uni-potsdam.de/de/erziehungstheorien/index,https://www.uni-potsdam.de/de/erziehungswissenschaft/professuren,"campus=Golm (Wissenschaftspark); evidence: unit ""Kontakt"" block gives Karl-Liebknecht-Str. 24-25, 14476 Potsdam OT Golm (department-level address; the chair page itself carries no contact block) [collected in the University of Potsdam faculty slice: human_de]"
Nina Brendel,HochschullehrerInnen - Geographische Bildung | Prof. Dr.,"AG Geographische Bildung, Institut für Umweltwissenschaften und Geographie",,,https://www.uni-potsdam.de/de/umwelt/institut/alle-mitarbeiterinnen,"campus=Golm. Evidence: 'Kontakt und Lageplan' page: 'Universität Potsdam, OT Golm, Karl-Liebknecht-Str. 24-25, 14476 Potsdam'; offices in Haus 32 and Haus 12 (Geoökologie) and Haus 24 (Geographie). [collected in the University of Potsdam faculty slice: mathnat]"
Nora Kulak,Professuren (Institut für Chemie) - Anorganische Chemie,"Anorganische Chemie, Institut für Chemie",,https://www.uni-potsdam.de/anorg,https://www.chem.uni-potsdam.de/index.php?lang=de&action=profs,"campus=Golm. Evidence: chem.uni-potsdam.de homepage text 'Sie finden uns im Wissenschaftspark Golm'; address 'Karl-Liebknecht-Str. 24-25, 14476 Potsdam'; Institutsleitung room 'Haus 26 / 2.61'; other rooms Haus 25 / Haus 29. Also 'Geschäftsführende Leiterin' (head) of the Institut für Chemie, room Haus 26 / 2.61 (source: chem.uni-potsdam.de action=instleit). [collected in the University of Potsdam faculty slice: mathnat]"
Norbert Marwan,Gemeinsam berufene und außerplanmäßige ProfessorInnen und PrivatdozentInnen an außeruniversitären Forschungseinrichtungen - PIK | Prof. Dr.,"PIK, Institut für Geowissenschaften",Potsdam-Institut für Klimafolgenforschung (PIK) - printed as the Bereich,,https://www.uni-potsdam.de/de/geo/institut/mitarbeiter,"campus=Golm. Evidence: institute contact block 'Campus Golm / Haus 27, Karl-Liebknecht-Str. 24-25, 14476 Potsdam'. Joint/apl. appointment: primary site is PIK Telegrafenberg, 14473 Potsdam - off-campus; the UP institute itself is at Golm Haus 27. [collected in the University of Potsdam faculty slice: mathnat]"
Norbert Gronau,"Professur für Wirtschaftsinformatik, insbesondere Prozesse und Systeme","Fachgruppe Betriebswirtschaftslehre, Wirtschafts- und Sozialwissenschaftliche Fakultät",,https://lswi.de/,https://www.uni-potsdam.de/de/wiso/fakultaet/professuren-personen,"campus=Griebnitzsee (August-Bebel-Str. 89, 14482 Potsdam); evidence=chair/faculty page postal address [collected in the University of Potsdam faculty slice: wiso_phil]"
Norbert Janz,"Lehrbefugnis Staats- und Verwaltungsrecht, Verfassungsgeschichte und Staatskirchenrecht","Fachbereich Öffentliches Recht, Juristische Fakultät",,https://www.uni-potsdam.de/de/norbert-janz/index,https://www.uni-potsdam.de/de/jura/ful/lehrstuehle-und-professuren/oeffentliches-recht,"apl. Prof.; titular rather than budgeted chair; INCLUDED per instruction. campus=Griebnitzsee (August-Bebel-Str. 89, 14482 Potsdam); evidence=Juristische Fakultät contact block (chair page gave no own address). confidence=low [collected in the University of Potsdam faculty slice: wiso_phil]"
Kristina Norman,Gemeinsame Berufungen mit DIfE - ERG (Prof. Dr. K. Norman),Abteilung Ernährung und Gerontologie (ERG) / Institut für Ernährungswissenschaft,"Deutsches Institut für Ernährungsforschung Potsdam-Rehbrücke (DIfE), Leibniz-Institut - gemeinsame Berufung (UP nav section 'Gemeinsame Berufungen mit DIfE'); full first name taken from the linked DIfE department page",https://www.dife.de/forschung/abteilungen-und-forschungsgruppen/ernährung-und-gerontologie/,https://www.uni-potsdam.de/de/iew/,"campus=off-campus Rehbrücke/Nuthetal (NOT one of the three Potsdam campuses). Evidence: IEW contact block 'Standort Rehbrücke ... Arthur-Scheunert-Allee 155, 14558 Nuthetal'; institute banner 'Standort Rehbrücke: Arthur-Scheunert-Allee 114-116, 14558 Nuthetal'. Joint appointment; DIfE is at Arthur-Scheunert-Allee 114-116, 14558 Nuthetal (Potsdam-Rehbrücke) - ~7 km from the Golm campus, off-campus. [collected in the University of Potsdam faculty slice: mathnat]"
Notger Müller,"Dekan / Leitung der Professur für Degenerative und Chronische Erkrankungen, Bewegung","Fakultät für Gesundheitswissenschaften Brandenburg (joint faculty of UP, BTU Cottbus-Senftenberg and MHB Theodor Fontane)",Universität Potsdam: the FGW overview page files this professorship under 'Universität Potsdam (UP)',https://www.fgw-brandenburg.de/person/prof-dr-notger-mueller/,https://www.fgw-brandenburg.de/mitglieder/professuren/uebersicht/,"UP-site professorship. campus=Golm, Haus 62 (H-Lab), Raum 204, 14476 Potsdam - Golm; evidence=professorship page [collected in the University of Potsdam faculty slice: wiso_phil]"
Guido Nottbusch,Prof. Dr. | Grundschulpädagogik Deutsch,"Department Grundschulpädagogik, Humanwissenschaftliche Fakultät (Strukturbereich Bildungswissenschaften)",,https://www.uni-potsdam.de/de/gsp-deutsch/studiumlehre/personen/nottbusch,https://www.uni-potsdam.de/de/bildungswissenschaften/studienbereiche/grundschulpaedagogik,"campus=Golm (Wissenschaftspark); evidence: unit ""Kontakt"" block gives Karl-Liebknecht-Str. 24-25, 14476 Potsdam OT Golm (Haus 16); stellv. Departmentsprecher and Vorsitzender des Fakultaetsrats der HWF [collected in the University of Potsdam faculty slice: human_de]"
Brigitte Obermayr,Professur für Ostslavische Literaturen und Kulturen,"Institut für Slavistik, Philosophische Fakultät",,http://www.uni-potsdam.de/de/slavistik-russistik/index.html,https://www.uni-potsdam.de/de/philfak/fakultaet/personalia/professorium,"campus=Neues Palais (Am Neuen Palais 10, 14469 Potsdam); evidence=institute website postal address [collected in the University of Potsdam faculty slice: wiso_phil]"
Aileen Oeberst,Prof. Dr. | Professur Sozialpsychologie,"Department Psychologie, Humanwissenschaftliche Fakultät (Strukturbereich Kognitionswissenschaften)",,https://www.uni-potsdam.de/de/sozialpsychologie/index,https://www.uni-potsdam.de/de/kognitionswissenschaften/zusammensetzung-des-strukturbereichs/professuren-im-department-psychologie,"campus=Golm (Wissenschaftspark); evidence: unit ""Kontakt"" block gives Karl-Liebknecht-Str. 24-25, 14476 Potsdam OT Golm; also stellv. Departmentsprecherin Psychologie (Organigramm HWF 04/2026) [collected in the University of Potsdam faculty slice: human_de]"
Olaf Ahlers,"Studiendekan, Professur für Gesundheitswissenschaftliche Ausbildungsforschung und evidenzbasierte Lehr- und Lernmethodik","Fakultät für Gesundheitswissenschaften Brandenburg (joint faculty of UP, BTU Cottbus-Senftenberg and MHB Theodor Fontane)","Medizinische Hochschule Brandenburg Theodor Fontane (MHB): the FGW overview files this professorship under MHB, not UP",https://www.fgw-brandenburg.de/person/prof-dr-olaf-ahlers/,https://www.fgw-brandenburg.de/mitglieder/professuren/uebersicht/,NOT a University of Potsdam professorship - attributed to MHB. Town=Neuruppin (phone +49 3391). Listed only for completeness [collected in the University of Potsdam faculty slice: wiso_phil]
Oliver Korup,"HochschullehrerInnen - Naturgefahren | Prof., PhD","AG Naturgefahren, Institut für Umweltwissenschaften und Geographie",,,https://www.uni-potsdam.de/de/umwelt/institut/alle-mitarbeiterinnen,"campus=Golm. Evidence: 'Kontakt und Lageplan' page: 'Universität Potsdam, OT Golm, Karl-Liebknecht-Str. 24-25, 14476 Potsdam'; offices in Haus 32 and Haus 12 (Geoökologie) and Haus 24 (Geographie). [collected in the University of Potsdam faculty slice: mathnat]"
Oliver Bodensiek,Professur für Informationstechnologie im berufsbildenden Kontext,"Fachgruppe Ökonomische und Technische Bildung, Wirtschafts- und Sozialwissenschaftliche Fakultät",,https://www.uni-potsdam.de/de/it-bildung/,https://www.uni-potsdam.de/de/wiso/fakultaet/professuren-personen,campus=Griebnitzsee (14482 Potsdam); evidence=chair page postal code [collected in the University of Potsdam faculty slice: wiso_phil]
Lida Oskinova,Außerplanmäßige Professuren - Röntgenastronomie,"Röntgenastronomie, Institut für Physik und Astronomie",,,https://www.uni-potsdam.de/de/physik/institut/professuren,"campus=Golm. Evidence: institute contact block 'Campus Golm, Haus 28, Karl-Liebknecht-Straße 24/25, 14476 Potsdam OT Golm'. confidence=low: außerplanmäßige Professur; included because the page assigns each apl. professor a named group. based at the UP physics institute [collected in the University of Potsdam faculty slice: mathnat]"
Hendrik Paasche,Gemeinsam berufene und außerplanmäßige ProfessorInnen und PrivatdozentInnen an außeruniversitären Forschungseinrichtungen - UFZ Leipzig | PD Dr.,"UFZ Leipzig, Institut für Geowissenschaften","Helmholtz-Zentrum für Umweltforschung UFZ, Leipzig - primary employer",,https://www.uni-potsdam.de/de/geo/institut/mitarbeiter,"campus=Golm. Evidence: institute contact block 'Campus Golm / Haus 27, Karl-Liebknecht-Str. 24-25, 14476 Potsdam'. confidence=low: Privatdozent/in, not a professorship; included because the institute lists them in the same table as its joint appointees. Primary site is Helmholtz-Zentrum für Umweltforschung UFZ, Leipzig, off the Golm campus. Missing: whether they lead an independent group. [collected in the University of Potsdam faculty slice: mathnat]"
Jochen R. Pampel,Außerplanmäßiger Professur für Controlling,"Fachgruppe Betriebswirtschaftslehre, Wirtschafts- und Sozialwissenschaftliche Fakultät",,https://www.uni-potsdam.de/de/copm,https://www.uni-potsdam.de/de/wiso/fakultaet/professuren-personen,apl. Professor (außerplanmäßig) - may be a titular rather than an independent budgeted chair; INCLUDED per instruction to keep uncertain rows. campus=unclear (chair page shows only the generic UP address Am Neuen Palais 10); faculty seat is Griebnitzsee. confidence=low [collected in the University of Potsdam faculty slice: wiso_phil]
Patrick Ebel,Prof. Dr. | Fachgebiet Computational Interaction,Digital Engineering Fakultät - Fachgebiet Computational Interaction; Digital Engineering Fakultät (gemeinsame Fakultät der Universität Potsdam und des Hasso-Plattner-Instituts),"Hasso-Plattner-Institut: the UP Digital-Engineering faculty page lists this person under 'Fachgebiete' with the link pointing to the HPI chair page (hpi.de/forschung/fachgebiete/...), and hpi.de lists the same person under 'HPI-Fachgebiete' - i.e. shown as HPI Fachgebietsleiter/in (chair holder at HPI) while being a professor of the joint UP Digital Engineering Fakultät",https://hpi.de/forschung/fachgebiete/computational-interaction/,https://www.uni-potsdam.de/de/digital-engineering/forschung/fachgebiete,"campus=Griebnitzsee; evidence: DE-Fakultaet/HPI ""Kontakt"" block gives Prof.-Dr.-Helmert-Str. 2-3, 14482 Potsdam [collected in the University of Potsdam faculty slice: human_de]"
Patrick Baudisch,Prof. Dr. | Fachgebiet Human Computer Interaction,Digital Engineering Fakultät - Fachgebiet Human Computer Interaction; Digital Engineering Fakultät (gemeinsame Fakultät der Universität Potsdam und des Hasso-Plattner-Instituts),"Hasso-Plattner-Institut: the UP Digital-Engineering faculty page lists this person under 'Fachgebiete' with the link pointing to the HPI chair page (hpi.de/forschung/fachgebiete/...), and hpi.de lists the same person under 'HPI-Fachgebiete' - i.e. shown as HPI Fachgebietsleiter/in (chair holder at HPI) while being a professor of the joint UP Digital Engineering Fakultät",https://hpi.de/forschung/fachgebiete/human-computer-interaction.html,https://www.uni-potsdam.de/de/digital-engineering/forschung/fachgebiete,"campus=Griebnitzsee; evidence: DE-Fakultaet/HPI ""Kontakt"" block gives Prof.-Dr.-Helmert-Str. 2-3, 14482 Potsdam [collected in the University of Potsdam faculty slice: human_de]"
Patrick O'Brien,ProfessorInnen - Petrologie | Prof. Dr.,"Petrologie, Institut für Geowissenschaften",,,https://www.uni-potsdam.de/de/geo/institut/mitarbeiter,"campus=Golm. Evidence: institute contact block 'Campus Golm / Haus 27, Karl-Liebknecht-Str. 24-25, 14476 Potsdam'. [collected in the University of Potsdam faculty slice: mathnat]"
Isabelle Penning,"Juniorprofessur für Didaktik der ökonomisch-technischen Bildung im inklusiven Kontext, Förderschwerpunkt kognitive Entwicklung (Sekundarstufe I)","Fachgruppe Ökonomische und Technische Bildung, Wirtschafts- und Sozialwissenschaftliche Fakultät",,https://www.uni-potsdam.de/de/wat/index/professur-didaktik-der-oekonomisch-technischen-bildung-im-inklusiven-kontext,https://www.uni-potsdam.de/de/wiso/fakultaet/professuren-personen,"campus=Golm (Karl-Liebknecht-Str. 24-25, 14476 Potsdam OT Golm); evidence=WAT institute page address; the individual chair page shows only the generic UP address, confidence=medium [collected in the University of Potsdam faculty slice: wiso_phil]"
Peter Nejjar,Professuren am Institut für Mathematik - Wahrscheinlichkeitstheorie | Jun. Prof.,"Wahrscheinlichkeitstheorie, Institut für Mathematik",,https://www.math.uni-potsdam.de/professuren/wahrscheinlichkeitstheorie,https://www.math.uni-potsdam.de/professuren,"campus=Golm. Evidence: institute contact block 'Institut für Mathematik, Campus Golm, Haus 9, Karl-Liebknecht-Str. 24-25, D-14476 Potsdam OT Golm'. [collected in the University of Potsdam faculty slice: mathnat]"
Peter Fratzl,Honorarprofessuren - Max-Planck-Institut für Kolloid- und Grenzflächenforschung,Institut für Physik und Astronomie,Max-Planck-Institut für Kolloid- und Grenzflächenforschung - primary employer (Honorarprofessur at UP),,https://www.uni-potsdam.de/de/physik/institut/professuren,"campus=Golm. Evidence: institute contact block 'Campus Golm, Haus 28, Karl-Liebknecht-Straße 24/25, 14476 Potsdam OT Golm'. confidence=low / FLAGGED: Honorarprofessur. The task spec says to EXCLUDE honorary professors; row kept so the omission is visible downstream. Primary institution is Max-Planck-Institut für Kolloid- und Grenzflächenforschung, not UP. [collected in the University of Potsdam faculty slice: mathnat]"
Hans-Peter Grossart,Gemeinsam berufene Professuren - Aquatische mikrobielle Ökologie und funktionelle Biodiversität,"Aquatische mikrobielle Ökologie und funktionelle Biodiversität, Institut für Biochemie und Biologie","Leibniz-Institut für Gewässerökologie und Binnenfischerei, Berlin (IGB) - gemeinsame Berufung",,https://www.uni-potsdam.de/de/ibb/arbeitsgruppen/professuren-ags,"campus=Golm. Evidence: IBB 'Standorte' page names 'Standort Golm ... Karl-Liebknecht-Straße 24-25, 14476 Potsdam' as Hauptstandort der Arbeitsgruppen; second IBB site 'Maulbeerallee' (Botanischer Garten, near Neues Palais) exists for the Botanical Garden. Joint appointment: primary site is the partner institute (IGB is in Berlin-Friedrichshagen with a field station at Stechlin - off-campus), UP home institute is at Golm. [collected in the University of Potsdam faculty slice: mathnat]"
Peter Greve,Externe HochschullehrerInnen - Uncertain Water Resources under Global Change ( HEREON ) | Dr.,"Uncertain Water Resources under Global Change ( HEREON ), Institut für Umweltwissenschaften und Geographie",Helmholtz-Zentrum Hereon - primary employer,,https://www.uni-potsdam.de/de/umwelt/institut/alle-mitarbeiterinnen,"campus=Golm. Evidence: 'Kontakt und Lageplan' page: 'Universität Potsdam, OT Golm, Karl-Liebknecht-Str. 24-25, 14476 Potsdam'; offices in Haus 32 and Haus 12 (Geoökologie) and Haus 24 (Geographie). confidence=low: listed under 'Externe HochschullehrerInnen' (teaching from an external institute), so probably not a UP position holder. Off-campus. [collected in the University of Potsdam faculty slice: mathnat]"
Jens Petersen,"Lehrstuhl für Bürgerliches Recht, Deutsches und Internationales Wirtschaftsrecht","Fachbereich Bürgerliches Recht, Juristische Fakultät",,https://www.uni-potsdam.de/de/ls-petersen/uebersicht,https://www.uni-potsdam.de/de/jura/ful/lehrstuehle-und-professuren/buergerliches-recht,"campus=Griebnitzsee (August-Bebel-Str. 89, 14482 Potsdam); evidence=chair page postal address [collected in the University of Potsdam faculty slice: wiso_phil]"
Jonathan Pfaff,Professuren am Institut für Informatik und Computational Science - Maschinelles Lernen und Datenkompression,"Maschinelles Lernen und Datenkompression, Institut für Informatik und Computational Science","Fraunhofer Heinrich-Hertz-Institut Berlin (HHI) - gemeinsame Berufung (page: 'gemeinsame Berufung mit dem Fraunhofer Heinrich-Hertz-Institut Berlin, HHI')",https://www.hhi.fraunhofer.de/abteilungen/vca/forschungsgruppen/videokodierungstechnologien/team.html,https://www.uni-potsdam.de/de/cs/research/index,"campus=Golm (Wissenschaftspark). Evidence: institute footer on the IfI page gives 'Universität Potsdam, Institut für Informatik und Computational Science, An der Bahn 2, 14476 Potsdam' (Golm CS building). Joint appointment stated on the institute page. [collected in the University of Potsdam faculty slice: mathnat]"
Max Pfeffer,Leitung der Professur Bioanalytik und Data Science,"Fakultät für Gesundheitswissenschaften Brandenburg (joint faculty of UP, BTU Cottbus-Senftenberg and MHB Theodor Fontane)","Universität Potsdam: filed under 'Universität Potsdam (UP)' on the FGW overview; Fraunhofer IZI-BB, Am Mühlenberg 13, 14476 Potsdam-Golm: second site of the professorship",https://www.fgw-brandenburg.de/person/prof-max-pfeffer/,https://www.fgw-brandenburg.de/mitglieder/professuren/uebersicht/,"UP-site professorship. campus=Golm / Potsdam Science Park (14476 Potsdam - Golm); evidence=professorship page address on fgw-brandenburg.de; second site Fraunhofer IZI-BB, Golm [collected in the University of Potsdam faculty slice: wiso_phil]"
Harald Pfeiffer,Gemeinsam berufene Professuren - Max-Planck-Institut für Gravitationsphysik,Institut für Physik und Astronomie,Max-Planck-Institut für Gravitationsphysik - gemeinsame Berufung (listed by UP under 'Gemeinsam berufene Professuren'),,https://www.uni-potsdam.de/de/physik/institut/professuren,"campus=Golm. Evidence: institute contact block 'Campus Golm, Haus 28, Karl-Liebknecht-Straße 24/25, 14476 Potsdam OT Golm'. Nominal UP institute is at Golm, but the person's day-to-day site is the partner institute: AEI is on the Golm science park (Am Mühlenberg 1, 14476 Potsdam-Golm) - adjacent to the Golm campus. Joint appointment. [collected in the University of Potsdam faculty slice: mathnat]"
Martin Pfeiffer,Professur für Germanistische Linguistik/Sprachgebrauch,"Institut für Germanistik, Philosophische Fakultät",,https://www.uni-potsdam.de/de/sprachgebrauch/index,https://www.uni-potsdam.de/de/philfak/fakultaet/personalia/professorium,"campus=Neues Palais (Am Neuen Palais 10, 14469 Potsdam); evidence=institute website postal address [collected in the University of Potsdam faculty slice: wiso_phil]"
Christoph Pfrommer,Gemeinsam berufene Professuren - Leibniz-Institut für Astrophysik,Institut für Physik und Astronomie,Leibniz-Institut für Astrophysik - gemeinsame Berufung (listed by UP under 'Gemeinsam berufene Professuren'),,https://www.uni-potsdam.de/de/physik/institut/professuren,"campus=Golm. Evidence: institute contact block 'Campus Golm, Haus 28, Karl-Liebknecht-Straße 24/25, 14476 Potsdam OT Golm'. Nominal UP institute is at Golm, but the person's day-to-day site is the partner institute: AIP is at An der Sternwarte 16, 14482 Potsdam-Babelsberg - off the Golm campus, near Griebnitzsee. Joint appointment. [collected in the University of Potsdam faculty slice: mathnat]"
Philip Peter,Prof. Philip Peter | Professur für Schulpraktisches Musizieren und Musiktheorie,"Department Musik und Kunst, Humanwissenschaftliche Fakultät (Strukturbereich Bildungswissenschaften)",,https://www.uni-potsdam.de/de/musik/professuren-abteilungen/professur-fuer-musiktheorie-und-schulpraktisches-musizieren,https://www.uni-potsdam.de/de/bildungswissenschaften/studienbereiche/musik-und-kunst,"campus=Golm; evidence: Musik unit contact block ""Universitaet Potsdam (Standort Golm), Karl-Liebknecht-Str. 24-25, Haus 6, 14476 Potsdam"" [collected in the University of Potsdam faculty slice: human_de]"
Philip Bubeck,HochschullehrerInnen - Geographie und Naturrisikenforschung | PD Dr.,"Geographie und Naturrisikenforschung, Institut für Umweltwissenschaften und Geographie",,,https://www.uni-potsdam.de/de/umwelt/institut/alle-mitarbeiterinnen,"campus=Golm. Evidence: 'Kontakt und Lageplan' page: 'Universität Potsdam, OT Golm, Karl-Liebknecht-Str. 24-25, 14476 Potsdam'; offices in Haus 32 and Haus 12 (Geoökologie) and Haus 24 (Geographie). confidence=low: Privatdozent, not a professor, but the institute lists him in its 'HochschullehrerInnen' table. Missing: whether he heads an independent group. [collected in the University of Potsdam faculty slice: mathnat]"
Katharina Philipowski,Professur für Germanistische Mediävistik,"Institut für Germanistik, Philosophische Fakultät",,http://www.uni-potsdam.de/u/germanistik/mediaevistik/1_anfang.htm,https://www.uni-potsdam.de/de/philfak/fakultaet/personalia/professorium,"campus=Neues Palais (Am Neuen Palais 10, 14469 Potsdam); evidence=institute website postal address; faculty page prints 'Katharin Philipowski', institute page prints 'Katharina Philipowski' [collected in the University of Potsdam faculty slice: wiso_phil]"
Dawid Pieper,Leitung der Professur Versorgungs- und Gesundheitssystemforschung,"Fakultät für Gesundheitswissenschaften Brandenburg (joint faculty of UP, BTU Cottbus-Senftenberg and MHB Theodor Fontane)","Medizinische Hochschule Brandenburg Theodor Fontane (MHB): the FGW overview files this professorship under MHB, not UP; IVGF - Institut für Versorgungs- und Gesundheitssystemforschung",https://www.fgw-brandenburg.de/person/prof-dr-dawid-pieper/,https://www.fgw-brandenburg.de/mitglieder/professuren/uebersicht/,NOT a University of Potsdam professorship - attributed to MHB by the FGW page. Town=Rüdersdorf bei Berlin (phone +49 33638). Listed only for completeness of the joint faculty [collected in the University of Potsdam faculty slice: wiso_phil]
Kathleen Plötner,"Professur für Didaktik der romanischen Sprachen, Literaturen und Kulturen","Institut für Romanistik, Philosophische Fakultät",,https://www.uni-potsdam.de/de/romanistik-ploetner,https://www.uni-potsdam.de/de/philfak/fakultaet/personalia/professorium,"campus=Neues Palais (Am Neuen Palais 10, 14469 Potsdam); evidence=institute website postal address [collected in the University of Potsdam faculty slice: wiso_phil]"
Nadine Polz,"Dr. | Lehrstuhlvertretung Inklusionspädagogik, Schwerpunkt Forschungsmethoden und Diagnostik","Department Inklusionspädagogik, Humanwissenschaftliche Fakultät (Strukturbereich Bildungswissenschaften)",,,https://www.uni-potsdam.de/de/humfak/aktuelles/lehrstuhlvertretungen,"campus=Golm (Wissenschaftspark); evidence: unit ""Kontakt"" block gives Karl-Liebknecht-Str. 24-25, 14476 Potsdam OT Golm; confidence=low - named as the SoSe-2026 Lehrstuhlvertretung on the faculty page, while the department page still names Dr. Annika Rademacher [collected in the University of Potsdam faculty slice: human_de]"
Andreas Polze,Prof. Dr. | Fachgebiet Betriebssysteme und Middleware,Digital Engineering Fakultät - Fachgebiet Betriebssysteme und Middleware; Digital Engineering Fakultät (gemeinsame Fakultät der Universität Potsdam und des Hasso-Plattner-Instituts),"Hasso-Plattner-Institut: the UP Digital-Engineering faculty page lists this person under 'Fachgebiete' with the link pointing to the HPI chair page (hpi.de/forschung/fachgebiete/...), and hpi.de lists the same person under 'HPI-Fachgebiete' - i.e. shown as HPI Fachgebietsleiter/in (chair holder at HPI) while being a professor of the joint UP Digital Engineering Fakultät",https://hpi.de/forschung/fachgebiete/betriebssysteme-und-middleware.html,https://www.uni-potsdam.de/de/digital-engineering/forschung/fachgebiete,"campus=Griebnitzsee; evidence: DE-Fakultaet/HPI ""Kontakt"" block gives Prof.-Dr.-Helmert-Str. 2-3, 14482 Potsdam [collected in the University of Potsdam faculty slice: human_de]"
Katja Poppenhäger,Gemeinsam berufene Professuren - Leibniz-Institut für Astrophysik,Institut für Physik und Astronomie,Leibniz-Institut für Astrophysik - gemeinsame Berufung (listed by UP under 'Gemeinsam berufene Professuren'),,https://www.uni-potsdam.de/de/physik/institut/professuren,"campus=Golm. Evidence: institute contact block 'Campus Golm, Haus 28, Karl-Liebknecht-Straße 24/25, 14476 Potsdam OT Golm'. Nominal UP institute is at Golm, but the person's day-to-day site is the partner institute: AIP is at An der Sternwarte 16, 14482 Potsdam-Babelsberg - off the Golm campus, near Griebnitzsee. Joint appointment. [collected in the University of Potsdam faculty slice: mathnat]"
Helmut Prechtl,Ordentliche Professuren - Didaktik der Biologie,"AG Didaktik der Biologie, Institut für Biochemie und Biologie",,,https://www.uni-potsdam.de/de/ibb/arbeitsgruppen/professuren-ags,"campus=Golm. Evidence: IBB 'Standorte' page names 'Standort Golm ... Karl-Liebknecht-Straße 24-25, 14476 Potsdam' as Hauptstandort der Arbeitsgruppen; second IBB site 'Maulbeerallee' (Botanischer Garten, near Neues Palais) exists for the Botanical Garden. [collected in the University of Potsdam faculty slice: mathnat]"
Isabella Proeller,Professur für Public und Non-Profit Management,"Fachgruppe Betriebswirtschaftslehre, Wirtschafts- und Sozialwissenschaftliche Fakultät",,https://www.uni-potsdam.de/de/ls-puma/index,https://www.uni-potsdam.de/de/wiso/fakultaet/professuren-personen,"campus=Griebnitzsee (August-Bebel-Str. 89, 14482 Potsdam); evidence=chair/faculty page postal address [collected in the University of Potsdam faculty slice: wiso_phil]"
Esther Pürgstaller,Jun.-Prof. Dr. | Professur für Fachdidaktik Sport unter Berücksichtigung der Primarstufe,"Department Sport- und Gesundheitswissenschaften, Humanwissenschaftliche Fakultät",,https://www.uni-potsdam.de/de/fachdidaktiksport-primarstufe/prof-dr-esther-puergstaller,https://www.uni-potsdam.de/de/kognitionswissenschaften/zusammensetzung-des-strukturbereichs/professuren-im-department-sport-und-gesundheitswissenschaften,"campus=Golm (exception inside a Neues-Palais department); evidence: chair page Kontakt ""Karl-Liebknecht-Str. 24-25, 14476 Potsdam""; assigned to Strukturbereich Bildungswissenschaften [collected in the University of Potsdam faculty slice: human_de]"
Milena Rabovsky,Professur Kognitive Neurowissenschaften (Lehrstuhlinhaberin; DFG-Emmy-Noether-Geförderte),"Department Psychologie, Humanwissenschaftliche Fakultät (Strukturbereich Kognitionswissenschaften)",DFG Emmy Noether group; SFB 1287 'Limits of Variability in Language' projects B08/B09 (chair page),https://www.uni-potsdam.de/de/cogneuro/index,https://www.uni-potsdam.de/de/cogneuro/index,"campus=Golm (Wissenschaftspark); evidence: unit ""Kontakt"" block gives Karl-Liebknecht-Str. 24-25, 14476 Potsdam OT Golm; confidence=low on exact title string: the faculty list at https://www.uni-potsdam.de/de/kognitionswissenschaften/zusammensetzung-des-strukturbereichs/professuren-im-department-psychologie shows the chair with 'Elternzeitvertretung: Dr. Alex Miklashevsky' and does not print her name; name taken from the chair's own page ('Rabovsky Lab', Emmy Noether funding) [collected in the University of Potsdam faculty slice: human_de]"
Annika Rademacher,"Dr. | Lehrstuhlinhaber/Vertretung Inklusionspädagogik, Schwerpunkt Forschungsmethoden und Diagnostik","Department Inklusionspädagogik, Humanwissenschaftliche Fakultät (Strukturbereich Bildungswissenschaften)",,https://www.uni-potsdam.de/de/inklusion/forschungsmethodenunddiagnostik.html,https://www.uni-potsdam.de/de/bildungswissenschaften/studienbereiche/inklusionspaedagogik,"campus=Golm (Wissenschaftspark); evidence: unit ""Kontakt"" block gives Karl-Liebknecht-Str. 24-25, 14476 Potsdam OT Golm; confidence=low - Lehrstuhlvertretung of a vacant W2 chair ('Inklusionspaedagogische Diagnostik und Forschungsmethoden', appointment in preparation) [collected in the University of Potsdam faculty slice: human_de]"
Oliver Rader,Außerplanmäßige Professuren - Spin und Topologie in Quantenmaterialien,"Spin und Topologie in Quantenmaterialien, Institut für Physik und Astronomie",,,https://www.uni-potsdam.de/de/physik/institut/professuren,"campus=Golm. Evidence: institute contact block 'Campus Golm, Haus 28, Karl-Liebknecht-Straße 24/25, 14476 Potsdam OT Golm'. confidence=low: außerplanmäßige Professur; included because the page assigns each apl. professor a named group. page names no other institution explicitly (group name only) [collected in the University of Potsdam faculty slice: mathnat]"
Jens Raila,Professuren und Forschungsgruppen - Apl. Prof. Dr. J. Raila,"Zelluläre Physiologie der Ernährung (ZPE), Institut für Ernährungswissenschaft",,https://www.uni-potsdam.de/de/zpe/team,https://www.uni-potsdam.de/de/iew/,"campus=Golm. Evidence: IEW contact block 'Standort Golm ... Golm, Haus 29, Raum 0.12, Karl-Liebknecht-Str. 24-25, 14476 Potsdam'. confidence=low: außerplanmäßige Professur; the ZPE team page lists him as 'apl. Prof.' in room H29/0.11 within the ZPE group, i.e. probably not heading his own group. Missing: whether he heads a group. [collected in the University of Potsdam faculty slice: mathnat]"
Rainald Borck,"Professur für Öffentlicher Sektor, Finanz- und Sozialpolitik","Fachgruppe Volkswirtschaftslehre, Wirtschafts- und Sozialwissenschaftliche Fakultät",,http://www.uni-potsdam.de/lsfiwi/,https://www.uni-potsdam.de/de/wiso/fakultaet/professuren-personen,"campus=Griebnitzsee (August-Bebel-Str. 89, 14482 Potsdam); evidence=chair/faculty page postal address [collected in the University of Potsdam faculty slice: wiso_phil]"
Ralf Engbert,Prof. Dr. | Professur Allgemeine und Biologische Psychologie,"Department Psychologie, Humanwissenschaftliche Fakultät (Strukturbereich Kognitionswissenschaften)",,https://www.uni-potsdam.de/de/expbiopsy/index,https://www.uni-potsdam.de/de/kognitionswissenschaften/zusammensetzung-des-strukturbereichs/professuren-im-department-psychologie,"campus=Golm (Wissenschaftspark); evidence: unit ""Kontakt"" block gives Karl-Liebknecht-Str. 24-25, 14476 Potsdam OT Golm; also Departmentsprecher Psychologie (Organigramm HWF 04/2026) and 'Abteilungsleiter' on chair page [collected in the University of Potsdam faculty slice: human_de]"
Ralf Brand,Prof. Dr. | Professur Sportpsychologie,"Department Sport- und Gesundheitswissenschaften, Humanwissenschaftliche Fakultät",,https://www.uni-potsdam.de/de/sportpsychologie/index,https://www.uni-potsdam.de/de/bildungswissenschaften/studienbereiche/sport-1,"campus=Neues Palais; evidence: chair page Kontakt ""Am Neuen Palais 10, 14469 Potsdam"" [collected in the University of Potsdam faculty slice: human_de]"
Ralf Herbrich,Prof. Dr. | Fachgebiet Artificial Intelligence and Sustainability,Digital Engineering Fakultät - Fachgebiet Artificial Intelligence and Sustainability; Digital Engineering Fakultät (gemeinsame Fakultät der Universität Potsdam und des Hasso-Plattner-Instituts),"Hasso-Plattner-Institut: the UP Digital-Engineering faculty page lists this person under 'Fachgebiete' with the link pointing to the HPI chair page (hpi.de/forschung/fachgebiete/...), and hpi.de lists the same person under 'HPI-Fachgebiete' - i.e. shown as HPI Fachgebietsleiter/in (chair holder at HPI) while being a professor of the joint UP Digital Engineering Fakultät",https://hpi.de/forschung/fachgebiete/artificial-intelligence-and-sustainability.html,https://www.uni-potsdam.de/de/digital-engineering/forschung/fachgebiete,"campus=Griebnitzsee; evidence: DE-Fakultaet/HPI ""Kontakt"" block gives Prof.-Dr.-Helmert-Str. 2-3, 14482 Potsdam [collected in the University of Potsdam faculty slice: human_de]"
Ralf Metzler,Ordentliche Professuren - Theoretische Physik,"Theoretische Physik, Institut für Physik und Astronomie",,,https://www.uni-potsdam.de/de/physik/institut/professuren,"campus=Golm. Evidence: institute contact block 'Campus Golm, Haus 28, Karl-Liebknecht-Straße 24/25, 14476 Potsdam OT Golm'. [collected in the University of Potsdam faculty slice: mathnat]"
Ralf Pröve,Apl. Prof. Dr. Ralf Pröve (Bereich Sozialgeschichte),"Historisches Institut, Philosophische Fakultät",,https://www.uni-potsdam.de/de/hi-sozialgeschichte/index,https://www.uni-potsdam.de/de/philfak/fakultaet/personalia/professorium,"apl. Professor, heads the 'Bereich Sozialgeschichte' of the Historisches Institut (listed by the institute under 'Bereiche (außerplanmäßige Professuren)'). campus=Neues Palais (Am Neuen Palais 10, 14469 Potsdam); evidence=institute website postal address. confidence=low [collected in the University of Potsdam faculty slice: wiso_phil]"
Ralph Gräf,Ordentliche Professuren - Zellbiologie,"AG Zellbiologie, Institut für Biochemie und Biologie",,,https://www.uni-potsdam.de/de/ibb/arbeitsgruppen/professuren-ags,"campus=Golm. Evidence: IBB 'Standorte' page names 'Standort Golm ... Karl-Liebknecht-Straße 24-25, 14476 Potsdam' as Hauptstandort der Arbeitsgruppen; second IBB site 'Maulbeerallee' (Botanischer Garten, near Neues Palais) exists for the Botanical Garden. [collected in the University of Potsdam faculty slice: mathnat]"
Ralph Bock,"Honorarprofessuren - Organellenbiologie, Biotechnologie und molekulare Ökophysiologie","Organellenbiologie, Biotechnologie und molekulare Ökophysiologie, Institut für Biochemie und Biologie",Max-Planck-Institut für Molekulare Pflanzenphysiologie - printed after the name; primary employer,,https://www.uni-potsdam.de/de/ibb/arbeitsgruppen/professuren-ags,"campus=Golm. Evidence: IBB 'Standorte' page names 'Standort Golm ... Karl-Liebknecht-Straße 24-25, 14476 Potsdam' as Hauptstandort der Arbeitsgruppen; second IBB site 'Maulbeerallee' (Botanischer Garten, near Neues Palais) exists for the Botanical Garden. confidence=low / FLAGGED: Honorarprofessur; spec says EXCLUDE honorary. Row kept for visibility. MPI-MP is on the Golm science park (Am Mühlenberg 1, 14476 Potsdam-Golm), adjacent to but not part of the UP Golm campus. [collected in the University of Potsdam faculty slice: mathnat]"
Michael Rapp,Prof. Dr. Dr. | Professur Sozial- und Präventivmedizin,"Department Sport- und Gesundheitswissenschaften, Humanwissenschaftliche Fakultät",,https://www.uni-potsdam.de/de/soz-praev-med/index,https://www.uni-potsdam.de/de/bildungswissenschaften/studienbereiche/sport-1,"campus=Golm/Wissenschaftspark; evidence: chair page Kontakt ""Am Muehlenberg 9, 14476 Potsdam"" (Golm science park, not Am Neuen Palais like the rest of the department); also stellv. Sprecher Strukturbereich Kognitionswissenschaften (Organigramm HWF 04/2026) [collected in the University of Potsdam faculty slice: human_de]"
Christoph Rasche,Prof. Dr. | Professur Sportmanagement/Sportoekonomie,"Department Sport- und Gesundheitswissenschaften, Humanwissenschaftliche Fakultät",,https://www.uni-potsdam.de/de/professional-services/,https://www.uni-potsdam.de/de/bildungswissenschaften/studienbereiche/sport-1,"campus=Neues Palais; evidence: chair page Kontakt ""Am Neuen Palais 12, 14469 Potsdam"" [collected in the University of Potsdam faculty slice: human_de]"
Marie-Luise Raters,Apl. Prof. Dr. Marie-Luise Raters,"Institut für Philosophie, Philosophische Fakultät",Institut für Lebensgestaltung-Ethik-Religion (LER),https://www.uni-potsdam.de/de/phi/professuren-und-forschung/professur-fuer-angewandte-ethik/apl-prof-dr-marie-luise-raters.html,https://www.uni-potsdam.de/de/philfak/fakultaet/personalia/professorium,"apl. Professorin - titular rather than budgeted chair; INCLUDED per instruction. campus=Neues Palais (Am Neuen Palais 10, 14469 Potsdam); evidence=institute website postal address. confidence=low [collected in the University of Potsdam faculty slice: wiso_phil]"
Christian Rauh,Professur für Politik im Mehrebenensystem (gemeinsame Berufung mit dem WZB),"Fachgruppe Politik- und Verwaltungswissenschaft, Wirtschafts- und Sozialwissenschaftliche Fakultät",WZB Wissenschaftszentrum Berlin für Sozialforschung: joint appointment (gemeinsame Berufung); personal page hosted at wzb.eu,https://www.wzb.eu/de/personen/christian-rauh,https://www.uni-potsdam.de/de/wiso/fakultaet/professuren-personen,"JOINT APPOINTMENT UP + WZB Berlin. campus=unclear for the UP part, day-to-day seat is WZB Berlin (Reichpietschufer 50). confidence=low [collected in the University of Potsdam faculty slice: wiso_phil]"
Rebecca Lazarides,Prof. Dr. | Professur für Schulpaedagogik/Empirische Unterrichtsforschung,"Department Erziehungswissenschaft, Humanwissenschaftliche Fakultät (Strukturbereich Bildungswissenschaften)",,https://www.uni-potsdam.de/de/schulpaedagogik/index,https://www.uni-potsdam.de/de/bildungswissenschaften/studienbereiche/erziehungswissenschaft,"campus=Golm (Wissenschaftspark); evidence: unit ""Kontakt"" block gives Karl-Liebknecht-Str. 24-25, 14476 Potsdam OT Golm; Departmentsprecherin Erziehungswissenschaft (Organigramm HWF 04/2026) [collected in the University of Potsdam faculty slice: human_de]"
Reinhard Lipowsky,Professuren mit Zweitmitgliedschaft am Institut für Biochemie und Biologie - Theorie und Bio-Systeme,"Theorie und Bio-Systeme, Institut für Biochemie und Biologie",MPI für Kolloid- und Grenzflächenforschung - printed after the name,,https://www.uni-potsdam.de/de/ibb/arbeitsgruppen/professuren-ags,"campus=Golm. Evidence: IBB 'Standorte' page names 'Standort Golm ... Karl-Liebknecht-Straße 24-25, 14476 Potsdam' as Hauptstandort der Arbeitsgruppen; second IBB site 'Maulbeerallee' (Botanischer Garten, near Neues Palais) exists for the Botanical Garden. confidence=low / CONFLICT: the IBB page still lists him with a Zweitmitgliedschaft, but the Institut für Physik und Astronomie page lists 'Prof. Dr. Reinhard Lipowsky' under 'ProfessorInnen im Ruhestand' (retired). Likely EXCLUDE downstream; kept so the conflict is visible. Missing: current status. [collected in the University of Potsdam faculty slice: mathnat]"
Reinhold Kliegl,"Prof. Dr. | Seniorprofessur, Professur Trainings- und Bewegungswissenschaften","Department Sport- und Gesundheitswissenschaften, Humanwissenschaftliche Fakultät",,https://www.uni-potsdam.de/de/cognitive-psychology/mitarbeiter/kliegl-reinhold.html,https://www.uni-potsdam.de/de/humfak/fakultaet/struktur-und-professuren-der-fakultaet/seniorprofessuren,"campus=Golm/Neues Palais unclear - listed only on the faculty Seniorprofessuren page without an address; confidence=low - a Seniorprofessur is a post-retirement distinction, so this person is probably covered by the emeritus exclusion; included so the decision can be made downstream [collected in the University of Potsdam faculty slice: human_de]"
Bianca Reinisch,Ordentliche Professuren - Didaktik der Biologie,"AG Didaktik der Biologie, Institut für Biochemie und Biologie",,,https://www.uni-potsdam.de/de/ibb/arbeitsgruppen/professuren-ags,"campus=Golm. Evidence: IBB 'Standorte' page names 'Standort Golm ... Karl-Liebknecht-Straße 24-25, 14476 Potsdam' as Hauptstandort der Arbeitsgruppen; second IBB site 'Maulbeerallee' (Botanischer Garten, near Neues Palais) exists for the Botanical Garden. [collected in the University of Potsdam faculty slice: mathnat]"
Bernhard Renard,Prof. Dr. | Fachgebiet Data Analytics and Computational Statistics,Digital Engineering Fakultät - Fachgebiet Data Analytics and Computational Statistics; Digital Engineering Fakultät (gemeinsame Fakultät der Universität Potsdam und des Hasso-Plattner-Instituts),"Hasso-Plattner-Institut: the UP Digital-Engineering faculty page lists this person under 'Fachgebiete' with the link pointing to the HPI chair page (hpi.de/forschung/fachgebiete/...), and hpi.de lists the same person under 'HPI-Fachgebiete' - i.e. shown as HPI Fachgebietsleiter/in (chair holder at HPI) while being a professor of the joint UP Digital Engineering Fakultät",https://hpi.de/forschung/fachgebiete/data-analytics-and-computational-statistics.html,https://www.uni-potsdam.de/de/digital-engineering/forschung/fachgebiete,"campus=Griebnitzsee; evidence: DE-Fakultaet/HPI ""Kontakt"" block gives Prof.-Dr.-Helmert-Str. 2-3, 14482 Potsdam; Prodekan fuer Lehre und Studium und Inhaber des Lehrstuhls fuer Data Analytics and Computational Statistics (Dekanat page) [collected in the University of Potsdam faculty slice: human_de]"
Markus Rex,Gemeinsam berufene Professuren - Alfred-Wegener-Institut,Institut für Physik und Astronomie,Alfred-Wegener-Institut - gemeinsame Berufung (listed by UP under 'Gemeinsam berufene Professuren'),,https://www.uni-potsdam.de/de/physik/institut/professuren,"campus=Golm. Evidence: institute contact block 'Campus Golm, Haus 28, Karl-Liebknecht-Straße 24/25, 14476 Potsdam OT Golm'. Nominal UP institute is at Golm, but the person's day-to-day site is the partner institute: AWI Potsdam is at Telegrafenberg A45, 14473 Potsdam - off-campus. Joint appointment. [collected in the University of Potsdam faculty slice: mathnat]"
Ria Baumgrass,Außerplanmäßige Professuren - AG Signaltransduktion,"AG Signaltransduktion, Institut für Biochemie und Biologie",Deutsches Rheuma-Forschungszentrum Berlin - printed in brackets after the name,,https://www.uni-potsdam.de/de/ibb/arbeitsgruppen/professuren-ags,"campus=Golm. Evidence: IBB 'Standorte' page names 'Standort Golm ... Karl-Liebknecht-Straße 24-25, 14476 Potsdam' as Hauptstandort der Arbeitsgruppen; second IBB site 'Maulbeerallee' (Botanischer Garten, near Neues Palais) exists for the Botanical Garden. confidence=low: außerplanmäßige Professur; included because the institute lists each with a named AG (spec: apl. only if they head a group). Day-to-day site is the partner institute, not the Golm campus. [collected in the University of Potsdam faculty slice: mathnat]"
Richard Göllner,Prof. Dr. | Professur für Prozessbezogene Unterrichtsforschung,"Department Erziehungswissenschaft, Humanwissenschaftliche Fakultät (Strukturbereich Bildungswissenschaften)",,https://www.uni-potsdam.de/de/prozessbezogene-unterrichtsforschung/index,https://www.uni-potsdam.de/de/bildungswissenschaften/studienbereiche/erziehungswissenschaft,"campus=Golm (Wissenschaftspark); evidence: unit ""Kontakt"" block gives Karl-Liebknecht-Str. 24-25, 14476 Potsdam OT Golm [collected in the University of Potsdam faculty slice: human_de]"
Dirk Richter,Prof. Dr. | Erziehungswissenschaftliche Bildungsforschung,"Department Erziehungswissenschaft, Humanwissenschaftliche Fakultät (Strukturbereich Bildungswissenschaften)",,https://www.uni-potsdam.de/de/erziehungswissenschaftliche-bildungsforschung/index,https://www.uni-potsdam.de/de/bildungswissenschaften/studienbereiche/erziehungswissenschaft,"campus=Golm (Wissenschaftspark); evidence: unit ""Kontakt"" block gives Karl-Liebknecht-Str. 24-25, 14476 Potsdam OT Golm; Departmentsprecher Erziehungswissenschaft and Sprecher des Strukturbereichs Bildungswissenschaften (Organigramm HWF 04/2026) [collected in the University of Potsdam faculty slice: human_de]"
Philipp Richter,Ordentliche Professuren - Astrophysik,"Astrophysik, Institut für Physik und Astronomie",,,https://www.uni-potsdam.de/de/physik/institut/professuren,"campus=Golm. Evidence: institute contact block 'Campus Golm, Haus 28, Karl-Liebknecht-Straße 24/25, 14476 Potsdam OT Golm'. [collected in the University of Potsdam faculty slice: mathnat]"
Camilla Rjosk,Prof. Dr. | Professur für Schulentwicklung,"Department Erziehungswissenschaft, Humanwissenschaftliche Fakultät (Strukturbereich Bildungswissenschaften)",,https://www.uni-potsdam.de/de/schulentwicklung/index,https://www.uni-potsdam.de/de/bildungswissenschaften/studienbereiche/erziehungswissenschaft,"campus=Golm (Wissenschaftspark); evidence: unit ""Kontakt"" block gives Karl-Liebknecht-Str. 24-25, 14476 Potsdam OT Golm [collected in the University of Potsdam faculty slice: human_de]"
Bernd Müller-Röber,Ordentliche Professuren - Molekularbiologie,"AG Molekularbiologie, Institut für Biochemie und Biologie",,,https://www.uni-potsdam.de/de/ibb/arbeitsgruppen/professuren-ags,"campus=Golm. Evidence: IBB 'Standorte' page names 'Standort Golm ... Karl-Liebknecht-Straße 24-25, 14476 Potsdam' as Hauptstandort der Arbeitsgruppen; second IBB site 'Maulbeerallee' (Botanischer Garten, near Neues Palais) exists for the Botanical Garden. [collected in the University of Potsdam faculty slice: mathnat]"
Robert Hirschfeld,Prof. Dr. | Fachgebiet Software-Architekturen,Digital Engineering Fakultät - Fachgebiet Software-Architekturen; Digital Engineering Fakultät (gemeinsame Fakultät der Universität Potsdam und des Hasso-Plattner-Instituts),"Hasso-Plattner-Institut: the UP Digital-Engineering faculty page lists this person under 'Fachgebiete' with the link pointing to the HPI chair page (hpi.de/forschung/fachgebiete/...), and hpi.de lists the same person under 'HPI-Fachgebiete' - i.e. shown as HPI Fachgebietsleiter/in (chair holder at HPI) while being a professor of the joint UP Digital Engineering Fakultät",https://hpi.de/forschung/fachgebiete/software-architekturen.html,https://www.uni-potsdam.de/de/digital-engineering/forschung/fachgebiete,"campus=Griebnitzsee; evidence: DE-Fakultaet/HPI ""Kontakt"" block gives Prof.-Dr.-Helmert-Str. 2-3, 14482 Potsdam [collected in the University of Potsdam faculty slice: human_de]"
Robert Ranisch,Leitung der Professur Medizinische Ethik,"Fakultät für Gesundheitswissenschaften Brandenburg (joint faculty of UP, BTU Cottbus-Senftenberg and MHB Theodor Fontane)",Universität Potsdam: filed under 'Universität Potsdam (UP)' on the FGW overview,https://www.fgw-brandenburg.de/person/prof-dr-robert-ranisch/,https://www.fgw-brandenburg.de/mitglieder/professuren/uebersicht/,"UP-site professorship. campus=Golm, Haus 62 (H-Lab), Raum 202, 14476 Potsdam - Golm; evidence=professorship page [collected in the University of Potsdam faculty slice: wiso_phil]"
Johan Rockström,"Gemeinsam berufene HochschullehrerInnen an außeruniversitären Forschungsinstitutionen und außerplanmäßige Professuren - Earth System Science [ PIK ] | Prof., PhD","Earth System Science [ PIK ], Institut für Umweltwissenschaften und Geographie",PIK (Director) - gemeinsam berufen mit PIK,,https://www.uni-potsdam.de/de/umwelt/institut/alle-mitarbeiterinnen,"campus=Golm. Evidence: 'Kontakt und Lageplan' page: 'Universität Potsdam, OT Golm, Karl-Liebknecht-Str. 24-25, 14476 Potsdam'; offices in Haus 32 and Haus 12 (Geoökologie) and Haus 24 (Geographie). Joint appointment; primary site PIK Telegrafenberg - off-campus. [collected in the University of Potsdam faculty slice: mathnat]"
Michael Rode,Gemeinsam berufene HochschullehrerInnen an außeruniversitären Forschungsinstitutionen und außerplanmäßige Professuren - Hydrologie von Agrarlandschaften [ UFZ ] | Prof. Dr.,"Hydrologie von Agrarlandschaften [ UFZ ], Institut für Umweltwissenschaften und Geographie",UFZ - gemeinsam berufen mit UFZ,,https://www.uni-potsdam.de/de/umwelt/institut/alle-mitarbeiterinnen,"campus=Golm. Evidence: 'Kontakt und Lageplan' page: 'Universität Potsdam, OT Golm, Karl-Liebknecht-Str. 24-25, 14476 Potsdam'; offices in Haus 32 and Haus 12 (Geoökologie) and Haus 24 (Geographie). Joint appointment; primary site UFZ Magdeburg - off-campus. [collected in the University of Potsdam faculty slice: mathnat]"
Roland Ismer,Lehrstuhl für Öffentliches Recht und Steuerrecht,"Fachbereich Öffentliches Recht, Juristische Fakultät","Zweitmitglied (second member) of the Wirtschafts- und Sozialwissenschaftliche Fakultät, as listed on the WiSo faculty page",https://www.uni-potsdam.de/de/oeffentliches-recht-und-steuerrecht/index,https://www.uni-potsdam.de/de/jura/ful/lehrstuehle-und-professuren/oeffentliches-recht,"campus=Griebnitzsee (August-Bebel-Str. 89, 14482 Potsdam); evidence=chair page postal address; also listed as Zweitmitglied of the WiSo faculty - counted once, here, under his home faculty (Jura) [collected in the University of Potsdam faculty slice: wiso_phil]"
Manfred Rolfes,HochschullehrerInnen - Angewandte Humangeographie / Regionalwissenschaften | Prof. Dr.,"AG Angewandte Humangeographie und Regionalwissenschaften, Institut für Umweltwissenschaften und Geographie",,,https://www.uni-potsdam.de/de/umwelt/institut/alle-mitarbeiterinnen,"campus=Golm. Evidence: 'Kontakt und Lageplan' page: 'Universität Potsdam, OT Golm, Karl-Liebknecht-Str. 24-25, 14476 Potsdam'; offices in Haus 32 and Haus 12 (Geoökologie) and Haus 24 (Geographie). [collected in the University of Potsdam faculty slice: mathnat]"
Rolf Romer,Gemeinsam berufene und außerplanmäßige ProfessorInnen und PrivatdozentInnen an außeruniversitären Forschungseinrichtungen - Isotopengeologie [ GFZ ] | Prof. Dr.,"Isotopengeologie [ GFZ ], Institut für Geowissenschaften",GFZ,,https://www.uni-potsdam.de/de/geo/institut/mitarbeiter,"campus=Golm. Evidence: institute contact block 'Campus Golm / Haus 27, Karl-Liebknecht-Str. 24-25, 14476 Potsdam'. Joint/apl. appointment: primary site is GFZ Telegrafenberg - off-campus; the UP institute itself is at Golm Haus 27. [collected in the University of Potsdam faculty slice: mathnat]"
Rona K. Reibis,Außerplanmäßige FGW-Professorin,"Fakultät für Gesundheitswissenschaften Brandenburg (joint faculty of UP, BTU Cottbus-Senftenberg and MHB Theodor Fontane)",Kardiologische Gemeinschaftspraxis Potsdam (kardiologie-potsdam.de); uni-potsdam.de e-mail address,https://www.fgw-brandenburg.de/person/prof-dr-med-rona-k-reibis/,https://www.fgw-brandenburg.de/mitglieder/professuren/uebersicht/,"apl. Professorin, listed by the FGW under 'Zur FGW gehören zusätzlich folgende Professuren und Wissenschaftler*innen'; UP e-mail suggests the UP side. campus=unclear (practice in Potsdam city). confidence=low [collected in the University of Potsdam faculty slice: wiso_phil]"
Ronen Pinkas,Professur für Talmud und Rabbinische Literatur (Lehrstuhlvertretung),"Institut für Jüdische Theologie (School of Jewish Theology), Philosophische Fakultät",,http://www.juedischetheologie-unipotsdam.de/lehrstuehle/talmudundrabbinischeliteratur.html,https://www.uni-potsdam.de/de/philfak/fakultaet/personalia/professorium,"Lehrstuhlvertretung (interim), printed as 'Lehrstuhlvertretung: Dr. Ronen Pinkas'; the W3 professorship for Rabbinic Literature and Halacha is under appointment. campus=Neues Palais (Am Neuen Palais 10 / Haus 15, 14469 Potsdam); evidence=School of Jewish Theology website. confidence=low [collected in the University of Potsdam faculty slice: wiso_phil]"
Jana Roos,Professur für Didaktik des Englischen (Primarstufe),"Institut für Anglistik und Amerikanistik, Philosophische Fakultät",,https://www.uni-potsdam.de/en/tefl/academic-staff/staff/roos,https://www.uni-potsdam.de/de/philfak/fakultaet/personalia/professorium,"campus=Neues Palais (Am Neuen Palais 10, 14469 Potsdam); evidence=institute website postal address [collected in the University of Potsdam faculty slice: wiso_phil]"
Marla-Rosa Cioni,Gemeinsam berufene Professuren - Leibniz-Institut für Astrophysik,Institut für Physik und Astronomie,Leibniz-Institut für Astrophysik - gemeinsame Berufung (listed by UP under 'Gemeinsam berufene Professuren'),,https://www.uni-potsdam.de/de/physik/institut/professuren,"campus=Golm. Evidence: institute contact block 'Campus Golm, Haus 28, Karl-Liebknecht-Straße 24/25, 14476 Potsdam OT Golm'. Nominal UP institute is at Golm, but the person's day-to-day site is the partner institute: AIP is at An der Sternwarte 16, 14482 Potsdam-Babelsberg - off the Golm campus, near Griebnitzsee. Joint appointment. [collected in the University of Potsdam faculty slice: mathnat]"
Manuela Rossol,Leitung der Professur für Molekulare Immunologie,"Fakultät für Gesundheitswissenschaften Brandenburg (joint faculty of UP, BTU Cottbus-Senftenberg and MHB Theodor Fontane)","Brandenburgische Technische Universität Cottbus-Senftenberg (BTU): the FGW overview files this professorship under BTU, not UP",https://www.fgw-brandenburg.de/person/prof-dr-manuela-rossol/,https://www.fgw-brandenburg.de/mitglieder/professuren/uebersicht/,NOT a University of Potsdam professorship - attributed to BTU. Town=Senftenberg (phone +49 3573). Listed only for completeness [collected in the University of Potsdam faculty slice: wiso_phil]
Rumiana Dimova,Außerplanmäßige Professuren - Max-Planck-Institut für Kolloid- und Grenzflächenforschung,"Max-Planck-Institut für Kolloid- und Grenzflächenforschung, Institut für Physik und Astronomie",Max-Planck-Institut für Kolloid- und Grenzflächenforschung,,https://www.uni-potsdam.de/de/physik/institut/professuren,"campus=Golm. Evidence: institute contact block 'Campus Golm, Haus 28, Karl-Liebknecht-Straße 24/25, 14476 Potsdam OT Golm'. confidence=low: außerplanmäßige Professur; included because the page assigns each apl. professor a named group. MPIKG is on the Golm science park, ~1 km from the UP Golm campus [collected in the University of Potsdam faculty slice: mathnat]"
Jakob Runge,Professuren am Institut für Informatik und Computational Science - Künstliche Intelligenz in den Wissenschaften,"Künstliche Intelligenz in den Wissenschaften, Institut für Informatik und Computational Science",,,https://www.uni-potsdam.de/de/cs/research/index,"campus=Golm (Wissenschaftspark). Evidence: institute footer on the IfI page gives 'Universität Potsdam, Institut für Informatik und Computational Science, An der Bahn 2, 14476 Potsdam' (Golm CS building). page names no second institution [collected in the University of Potsdam faculty slice: mathnat]"
Miriam Rürup,Professur für Europäisch-Jüdische Studien (Gemeinsame Berufung),"Institut für Jüdische Studien und Religionswissenschaft, Philosophische Fakultät","Moses Mendelssohn Zentrum für europäisch-jüdische Studien (MMZ), Potsdam: director; joint appointment (faculty lists the chair under 'Gemeinsame Berufung')",https://www.mmz-potsdam.de/team/miriam-ruerup,https://www.uni-potsdam.de/de/philfak/fakultaet/personalia/professorium,"JOINT APPOINTMENT UP + Moses Mendelssohn Zentrum. MMZ sits at Am Neuen Palais 10, Haus 2 (Neues Palais campus area) - not verified from a fetched address, so campus=Neues Palais with confidence=medium [collected in the University of Potsdam faculty slice: wiso_phil]"
Peter Saalfrank,Professuren (Institut für Chemie) - Theoretische Chemie,"Theoretische Chemie, Institut für Chemie","Institut für Physik und Astronomie, Universität Potsdam - Zweitmitgliedschaft (physics 'Professuren mit Zweitmitgliedschaft' table)",https://www.uni-potsdam.de/theochem/index.html,https://www.chem.uni-potsdam.de/index.php?lang=de&action=profs,"campus=Golm. Evidence: chem.uni-potsdam.de homepage text 'Sie finden uns im Wissenschaftspark Golm'; address 'Karl-Liebknecht-Str. 24-25, 14476 Potsdam'; Institutsleitung room 'Haus 26 / 2.61'; other rooms Haus 25 / Haus 29. Counted once here (home institute = Chemie). [collected in the University of Potsdam faculty slice: mathnat]"
Sabine Attinger,Gemeinsam berufene HochschullehrerInnen an außeruniversitären Forschungsinstitutionen und außerplanmäßige Professuren - Mathematische Hydrologie [ UFZ ] | Prof. Dr. habil.,"Mathematische Hydrologie [ UFZ ], Institut für Umweltwissenschaften und Geographie",Helmholtz-Zentrum für Umweltforschung UFZ - gemeinsam berufen mit UFZ,,https://www.uni-potsdam.de/de/umwelt/institut/alle-mitarbeiterinnen,"campus=Golm. Evidence: 'Kontakt und Lageplan' page: 'Universität Potsdam, OT Golm, Karl-Liebknecht-Str. 24-25, 14476 Potsdam'; offices in Haus 32 and Haus 12 (Geoökologie) and Haus 24 (Geographie). Joint appointment; primary site UFZ Leipzig/Magdeburg - off-campus. [collected in the University of Potsdam faculty slice: mathnat]"
Sabine Kuhlmann,"Professur für Politikwissenschaft, Verwaltung und Organisation","Fachgruppe Politik- und Verwaltungswissenschaft, Wirtschafts- und Sozialwissenschaftliche Fakultät",,http://www.uni-potsdam.de/ls-kuhlmann/,https://www.uni-potsdam.de/de/wiso/fakultaet/professuren-personen,"campus=Griebnitzsee (August-Bebel-Str. 89, 14482 Potsdam); evidence=chair/faculty page postal address [collected in the University of Potsdam faculty slice: wiso_phil]"
Sabrina Metzger,Gemeinsam berufene und außerplanmäßige ProfessorInnen und PrivatdozentInnen an außeruniversitären Forschungseinrichtungen - Geologie [ GFZ ] | PD Dr.,"Geologie [ GFZ ], Institut für Geowissenschaften",GFZ - primary employer,,https://www.uni-potsdam.de/de/geo/institut/mitarbeiter,"campus=Golm. Evidence: institute contact block 'Campus Golm / Haus 27, Karl-Liebknecht-Str. 24-25, 14476 Potsdam'. confidence=low: Privatdozent/in, not a professorship; included because the institute lists them in the same table as its joint appointees. Primary site is GFZ, off the Golm campus. Missing: whether they lead an independent group. [collected in the University of Potsdam faculty slice: mathnat]"
Salvatore Chiantia,Ordentliche Professuren - Physikalische Biochemie,"AG Physikalische Biochemie, Institut für Biochemie und Biologie",,,https://www.uni-potsdam.de/de/ibb/arbeitsgruppen/professuren-ags,"campus=Golm. Evidence: IBB 'Standorte' page names 'Standort Golm ... Karl-Liebknecht-Straße 24-25, 14476 Potsdam' as Hauptstandort der Arbeitsgruppen; second IBB site 'Maulbeerallee' (Botanischer Garten, near Neues Palais) exists for the Botanical Garden. [collected in the University of Potsdam faculty slice: mathnat]"
Martin Salzmann,Prof. Dr. | Professur Grammatiktheorie mit dem Schwerpunkt Syntax,"Department Linguistik, Humanwissenschaftliche Fakultät (Strukturbereich Kognitionswissenschaften)",,https://www.uni-potsdam.de/de/ling/professuren/professur-fuer-grammatiktheorie-syntax-morphologie,https://www.uni-potsdam.de/de/kognitionswissenschaften/zusammensetzung-des-strukturbereichs/professuren-im-department-linguistik,"campus=Golm; evidence: Department Linguistik contact block ""Campus Golm, Karl-Liebknecht-Str. 24/25, Haus 14""; Departmentsprecher Linguistik (Organigramm HWF 04/2026) [collected in the University of Potsdam faculty slice: human_de]"
Luis Samaniego,Gemeinsam berufene HochschullehrerInnen an außeruniversitären Forschungsinstitutionen und außerplanmäßige Professuren - Data Science and Hydrology [ UFZ ] | Prof. Dr. habil.,"Data Science and Hydrology [ UFZ ], Institut für Umweltwissenschaften und Geographie",UFZ - gemeinsam berufen mit UFZ,,https://www.uni-potsdam.de/de/umwelt/institut/alle-mitarbeiterinnen,"campus=Golm. Evidence: 'Kontakt und Lageplan' page: 'Universität Potsdam, OT Golm, Karl-Liebknecht-Str. 24-25, 14476 Potsdam'; offices in Haus 32 and Haus 12 (Geoökologie) and Haus 24 (Geographie). Joint appointment; primary site UFZ Leipzig - off-campus. [collected in the University of Potsdam faculty slice: mathnat]"
Samaya Nissanke,Gemeinsam berufene Professuren - DESY Zeuthen,Institut für Physik und Astronomie,DESY Zeuthen - gemeinsame Berufung (listed by UP under 'Gemeinsam berufene Professuren'),,https://www.uni-potsdam.de/de/physik/institut/professuren,"campus=Golm. Evidence: institute contact block 'Campus Golm, Haus 28, Karl-Liebknecht-Straße 24/25, 14476 Potsdam OT Golm'. Nominal UP institute is at Golm, but the person's day-to-day site is the partner institute: DESY Zeuthen is in Zeuthen, Brandenburg - off-campus. Joint appointment. [collected in the University of Potsdam faculty slice: mathnat]"
Sascha Brune,Gemeinsam berufene und außerplanmäßige ProfessorInnen und PrivatdozentInnen an außeruniversitären Forschungseinrichtungen - Geodynamische Modellierung ( GFZ ) | Prof. Dr.,"Geodynamische Modellierung ( GFZ ), Institut für Geowissenschaften",GFZ - printed '( GFZ )',,https://www.uni-potsdam.de/de/geo/institut/mitarbeiter,"campus=Golm. Evidence: institute contact block 'Campus Golm / Haus 27, Karl-Liebknecht-Str. 24-25, 14476 Potsdam'. Joint/apl. appointment: primary site is GFZ Telegrafenberg - off-campus; the UP institute itself is at Golm Haus 27. [collected in the University of Potsdam faculty slice: mathnat]"
Sascha Oswald,HochschullehrerInnen - Wasser- und Stofftransport in Landschaften | Prof. Dr.,"AG Wasser- und Stofftransport in Landschaften, Institut für Umweltwissenschaften und Geographie","Institut für Physik und Astronomie, Universität Potsdam - Zweitmitgliedschaft (physics 'Professuren mit Zweitmitgliedschaft' table)",,https://www.uni-potsdam.de/de/umwelt/institut/alle-mitarbeiterinnen,"campus=Golm. Evidence: 'Kontakt und Lageplan' page: 'Universität Potsdam, OT Golm, Karl-Liebknecht-Str. 24-25, 14476 Potsdam'; offices in Haus 32 and Haus 12 (Geoökologie) and Haus 24 (Geographie). Also 'Leitung' of the DFG-Forschungsgruppe Cosmic Sense. Counted once here (home institute = Umweltwissenschaften und Geographie). [collected in the University of Potsdam faculty slice: mathnat]"
Christiane Scheffler,Außerplanmäßige Professuren - Humanbiologie,"Humanbiologie, Institut für Biochemie und Biologie",,,https://www.uni-potsdam.de/de/ibb/arbeitsgruppen/professuren-ags,"campus=Golm. Evidence: IBB 'Standorte' page names 'Standort Golm ... Karl-Liebknecht-Straße 24-25, 14476 Potsdam' as Hauptstandort der Arbeitsgruppen; second IBB site 'Maulbeerallee' (Botanischer Garten, near Neues Palais) exists for the Botanical Garden. confidence=low: außerplanmäßige Professur; included because the institute lists each with a named AG (spec: apl. only if they head a group). [collected in the University of Potsdam faculty slice: mathnat]"
Katharina Scheiter,Prof. Dr. | Professur für Digitale Bildung,"Department Erziehungswissenschaft, Humanwissenschaftliche Fakultät (Strukturbereich Bildungswissenschaften)",,https://www.uni-potsdam.de/de/prof-digitale-bildung/index,https://www.uni-potsdam.de/de/bildungswissenschaften/studienbereiche/erziehungswissenschaft,"campus=Golm (Wissenschaftspark); evidence: unit ""Kontakt"" block gives Karl-Liebknecht-Str. 24-25, 14476 Potsdam OT Golm [collected in the University of Potsdam faculty slice: human_de]"
Marcia C. Schenck,Professur für Globalgeschichte,"Historisches Institut, Philosophische Fakultät",,https://www.uni-potsdam.de/de/hi-globalgeschichte/index,https://www.uni-potsdam.de/de/philfak/fakultaet/personalia/professorium,"campus=Neues Palais (Am Neuen Palais 10, 14469 Potsdam); evidence=institute website postal address [collected in the University of Potsdam faculty slice: wiso_phil]"
Frank Scherbaum,Wissenschaftliches Personal - Allgemeine Geophysik | Prof. Dr.,"Allgemeine Geophysik, Institut für Geowissenschaften",,,https://www.uni-potsdam.de/de/geo/institut/mitarbeiter,"campus=Golm. Evidence: institute contact block 'Campus Golm / Haus 27, Karl-Liebknecht-Str. 24-25, 14476 Potsdam'. confidence=low: carries the title Prof. Dr. and a UP phone/office but is listed under 'Wissenschaftliches Personal', not under 'ProfessorInnen' - most likely a senior/retired professor still active. Missing: current status. [collected in the University of Potsdam faculty slice: mathnat]"
Judith Schicks,Professuren (Institut für Chemie) - Mehrphasensysteme,"Mehrphasensysteme, Institut für Chemie","GFZ Helmholtz-Zentrum Potsdam - the professorship link on the chemistry page points to gfz-potsdam.de/staff/judith-schicks, i.e. joint appointment with GFZ",https://www.gfz-potsdam.de/staff/judith-schicks,https://www.chem.uni-potsdam.de/index.php?lang=de&action=profs,"campus=Golm. Evidence: chem.uni-potsdam.de homepage text 'Sie finden uns im Wissenschaftspark Golm'; address 'Karl-Liebknecht-Str. 24-25, 14476 Potsdam'; Institutsleitung room 'Haus 26 / 2.61'; other rooms Haus 25 / Haus 29. Joint appointment inferred from the GFZ staff URL the institute itself uses; the page does not spell out 'gemeinsam berufen'. confidence=low on the exact relationship. [collected in the University of Potsdam faculty slice: mathnat]"
Helmut Schlaad,Professuren (Institut für Chemie) - Polymerchemie,"Polymerchemie, Institut für Chemie",,https://www.chem.uni-potsdam.de/groups/polymer/,https://www.chem.uni-potsdam.de/index.php?lang=de&action=profs,"campus=Golm. Evidence: chem.uni-potsdam.de homepage text 'Sie finden uns im Wissenschaftspark Golm'; address 'Karl-Liebknecht-Str. 24-25, 14476 Potsdam'; Institutsleitung room 'Haus 26 / 2.61'; other rooms Haus 25 / Haus 29. [collected in the University of Potsdam faculty slice: mathnat]"
Marcus Schladebach,"Forschungsstelle für Öffentliches Recht, Medienrecht und Luft- und Weltraumrecht","Fachbereich Öffentliches Recht, Juristische Fakultät",,http://www.uni-potsdam.de/didaktik-rw/index.html,https://www.uni-potsdam.de/de/jura/ful/lehrstuehle-und-professuren/oeffentliches-recht,"campus=Griebnitzsee (August-Bebel-Str. 89, 14482 Potsdam); evidence=chair page postal address; faculty lists him under 'Universitätsprofessorinnen und Universitätsprofessoren' but names a Forschungsstelle rather than a Lehrstuhl as his unit [collected in the University of Potsdam faculty slice: wiso_phil]"
David Schlangen,Prof. Dr. | Professur Grundlagen der Computerlinguistik,"Department Linguistik, Humanwissenschaftliche Fakultät (Strukturbereich Kognitionswissenschaften)",,https://www.uni-potsdam.de/de/ling/professuren/professur-fuer-grundlagen-der-computerlinguistik,https://www.uni-potsdam.de/de/kognitionswissenschaften/zusammensetzung-des-strukturbereichs/professuren-im-department-linguistik,"campus=Golm; evidence: Department Linguistik contact block ""Campus Golm, Karl-Liebknecht-Str. 24/25, Haus 14"" [collected in the University of Potsdam faculty slice: human_de]"
Alexander Schliep,Leitung der Professur für Medizinische Bioinformatik mit Schwerpunkt auf Patientennahe Datenerfassung,"Fakultät für Gesundheitswissenschaften Brandenburg (joint faculty of UP, BTU Cottbus-Senftenberg and MHB Theodor Fontane)","Brandenburgische Technische Universität Cottbus-Senftenberg (BTU): the FGW overview files this professorship under BTU, not UP",https://www.fgw-brandenburg.de/person/prof-dr-alexander-schliep/,https://www.fgw-brandenburg.de/mitglieder/professuren/uebersicht/,NOT a University of Potsdam professorship - attributed to BTU. Town=Cottbus (phone +49 355). Listed only for completeness [collected in the University of Potsdam faculty slice: wiso_phil]
Bernd Schmidt,Professuren (Institut für Chemie) - Organische Synthesechemie,"Organische Synthesechemie, Institut für Chemie",,https://www.uni-potsdam.de/en/organischesynthesechemie/index,https://www.chem.uni-potsdam.de/index.php?lang=de&action=profs,"campus=Golm. Evidence: chem.uni-potsdam.de homepage text 'Sie finden uns im Wissenschaftspark Golm'; address 'Karl-Liebknecht-Str. 24-25, 14476 Potsdam'; Institutsleitung room 'Haus 26 / 2.61'; other rooms Haus 25 / Haus 29. Also 'Stv. Geschäftsführender Leiter' of the institute; room Haus 25 / D 1.13-1.14. [collected in the University of Potsdam faculty slice: mathnat]"
René Schneider,Nachwuchsgruppen - Zellbiologie des pflanzlichen Wassertransports | Emmy Noether Nachwuchsgruppe - Pflanzenphysiologie,"Zellbiologie des pflanzlichen Wassertransports, Institut für Biochemie und Biologie",,,https://www.uni-potsdam.de/de/ibb/arbeitsgruppen/professuren-ags,"campus=Golm. Evidence: IBB 'Standorte' page names 'Standort Golm ... Karl-Liebknecht-Straße 24-25, 14476 Potsdam' as Hauptstandort der Arbeitsgruppen; second IBB site 'Maulbeerallee' (Botanischer Garten, near Neues Palais) exists for the Botanical Garden. Independent junior research group leader (Nachwuchsgruppenleitung) per the institute's 'Nachwuchsgruppen' section. [collected in the University of Potsdam faculty slice: mathnat]"
Birgit Schneider,Professur für Wissenskulturen und mediale Umgebungen,"Institut für Künste und Medien, Philosophische Fakultät",,https://www.uni-potsdam.de/de/wissenskulturen-und-mediale-umgebungen/index/mitarbeiterinnen/prof-dr-birgit-schneider,https://www.uni-potsdam.de/de/philfak/fakultaet/personalia/professorium,"campus=Neues Palais (Am Neuen Palais 10, 14469 Potsdam); evidence=institute website postal address [collected in the University of Potsdam faculty slice: wiso_phil]"
Bettina Schnor,Professuren am Institut für Informatik und Computational Science - Betriebssysteme und Verteilte Systeme,"Betriebssysteme und Verteilte Systeme, Institut für Informatik und Computational Science",,https://www.uni-potsdam.de/de/cs/professuren/bs,https://www.uni-potsdam.de/de/cs/research/index,"campus=Golm (Wissenschaftspark). Evidence: institute footer on the IfI page gives 'Universität Potsdam, Institut für Informatik und Computational Science, An der Bahn 2, 14476 Potsdam' (Golm CS building). [collected in the University of Potsdam faculty slice: mathnat]"
Insa Feinkohl-Schoberth,Leitung der Professur für Epidemiologie,"Fakultät für Gesundheitswissenschaften Brandenburg (joint faculty of UP, BTU Cottbus-Senftenberg and MHB Theodor Fontane)",Universität Potsdam: filed under 'Universität Potsdam (UP)' on the FGW overview,https://www.fgw-brandenburg.de/person/prof-insa-feinkohl-phd/,https://www.fgw-brandenburg.de/mitglieder/professuren/uebersicht/,UP-site professorship. campus=Golm / Potsdam Science Park (14476 Potsdam - Golm); evidence=professorship page address on fgw-brandenburg.de [collected in the University of Potsdam faculty slice: wiso_phil]
Jonathan Schorsch,Professur für Jüdische Religions- und Geistesgeschichte,"Institut für Jüdische Theologie (School of Jewish Theology), Philosophische Fakultät",,http://www.juedischetheologie-unipotsdam.de/lehrstuehle/juedischereligionsundgeistesgeschichte.html,https://www.uni-potsdam.de/de/philfak/fakultaet/personalia/professorium,"campus=Neues Palais (Am Neuen Palais 10 / Haus 15, 14469 Potsdam); evidence=School of Jewish Theology website [collected in the University of Potsdam faculty slice: wiso_phil]"
Satyam Antonio Schramm,Prof. Dr. | Förderschwerpunkt emotionale und soziale Entwicklung,"Department Inklusionspädagogik, Humanwissenschaftliche Fakultät (Strukturbereich Bildungswissenschaften)",,https://www.uni-potsdam.de/de/inklusion/ese/schramm,https://www.uni-potsdam.de/de/bildungswissenschaften/studienbereiche/inklusionspaedagogik,"campus=Golm (Wissenschaftspark); evidence: unit ""Kontakt"" block gives Karl-Liebknecht-Str. 24-25, 14476 Potsdam OT Golm [collected in the University of Potsdam faculty slice: human_de]"
Michela Schröder-Abe,Prof. Dr. | Professur Differentielle Psychologie und Diagnostik,"Department Psychologie, Humanwissenschaftliche Fakultät (Strukturbereich Kognitionswissenschaften)",,https://www.uni-potsdam.de/de/personality-psychology/team/michela-schroeder-abe,https://www.uni-potsdam.de/de/kognitionswissenschaften/zusammensetzung-des-strukturbereichs/professuren-im-department-psychologie,"campus=Golm (Wissenschaftspark); evidence: unit ""Kontakt"" block gives Karl-Liebknecht-Str. 24-25, 14476 Potsdam OT Golm; also Sprecherin des Strukturbereichs Kognitionswissenschaften (kognitionswissenschaften/zusammensetzung-des-strukturbereichs) [collected in the University of Potsdam faculty slice: human_de]"
Christoph Schröder,Professur für Deutsch als Fremd- und Zweitsprache,"Institut für Germanistik, Philosophische Fakultät",,http://www.uni-potsdam.de/daf/,https://www.uni-potsdam.de/de/philfak/fakultaet/personalia/professorium,"campus=Neues Palais (Am Neuen Palais 10, 14469 Potsdam); evidence=institute website postal address [collected in the University of Potsdam faculty slice: wiso_phil]"
Marie Schröer,Juniorprofessur für Kultursemiotik und Kulturen romanischer Länder,"Institut für Romanistik, Philosophische Fakultät",,https://www.uni-potsdam.de/de/romanistik-schroeer/,https://www.uni-potsdam.de/de/philfak/fakultaet/personalia/professorium,"campus=Neues Palais (Am Neuen Palais 10, 14469 Potsdam); evidence=institute website postal address [collected in the University of Potsdam faculty slice: wiso_phil]"
Sandra Schulz,Professuren am Institut für Informatik und Computational Science - Didaktik der Informatik,"Didaktik der Informatik, Institut für Informatik und Computational Science",,,https://www.uni-potsdam.de/de/cs/research/index,"campus=Golm (Wissenschaftspark). Evidence: institute footer on the IfI page gives 'Universität Potsdam, Institut für Informatik und Computational Science, An der Bahn 2, 14476 Potsdam' (Golm CS building). [collected in the University of Potsdam faculty slice: mathnat]"
Matthias Schulze,Gemeinsame Berufungen mit DIfE - MEP (Prof. Dr. M. Schulze),Abteilung Molekulare Epidemiologie (MEP) / Institut für Ernährungswissenschaft,"Deutsches Institut für Ernährungsforschung Potsdam-Rehbrücke (DIfE), Leibniz-Institut - gemeinsame Berufung (UP nav section 'Gemeinsame Berufungen mit DIfE'); full first name taken from the linked DIfE department page",https://www.dife.de/forschung/abteilungen-und-forschungsgruppen/molekulare-epidemiologie/,https://www.uni-potsdam.de/de/iew/,"campus=off-campus Rehbrücke/Nuthetal (NOT one of the three Potsdam campuses). Evidence: IEW contact block 'Standort Rehbrücke ... Arthur-Scheunert-Allee 155, 14558 Nuthetal'; institute banner 'Standort Rehbrücke: Arthur-Scheunert-Allee 114-116, 14558 Nuthetal'. Joint appointment; DIfE is at Arthur-Scheunert-Allee 114-116, 14558 Nuthetal (Potsdam-Rehbrücke) - ~7 km from the Golm campus, off-campus. [collected in the University of Potsdam faculty slice: mathnat]"
Fabian Schuppert,Professur für Politische Theorie,"Fachgruppe Politik- und Verwaltungswissenschaft, Wirtschafts- und Sozialwissenschaftliche Fakultät",,https://www.uni-potsdam.de/de/ls-poltheorie/start,https://www.uni-potsdam.de/de/wiso/fakultaet/professuren-personen,"campus=Griebnitzsee (August-Bebel-Str. 89, 14482 Potsdam); evidence=chair/faculty page postal address [collected in the University of Potsdam faculty slice: wiso_phil]"
Annette Schürmann,Gemeinsame Berufungen mit DIfE - DIAB (Prof. Dr. A. Schürmann),Abteilung Experimentelle Diabetologie (DIAB) / Institut für Ernährungswissenschaft,"Deutsches Institut für Ernährungsforschung Potsdam-Rehbrücke (DIfE), Leibniz-Institut - gemeinsame Berufung (UP nav section 'Gemeinsame Berufungen mit DIfE'); full first name taken from the linked DIfE department page",https://www.dife.de/forschung/abteilungen-und-forschungsgruppen/experimentelle-diabetologie/,https://www.uni-potsdam.de/de/iew/,"campus=off-campus Rehbrücke/Nuthetal (NOT one of the three Potsdam campuses). Evidence: IEW contact block 'Standort Rehbrücke ... Arthur-Scheunert-Allee 155, 14558 Nuthetal'; institute banner 'Standort Rehbrücke: Arthur-Scheunert-Allee 114-116, 14558 Nuthetal'. Joint appointment; DIfE is at Arthur-Scheunert-Allee 114-116, 14558 Nuthetal (Potsdam-Rehbrücke) - ~7 km from the Golm campus, off-campus. [collected in the University of Potsdam faculty slice: mathnat]"
Anja Schwarz,Professur für Cultural Studies mit dem Schwerpunkt Urban Britain,"Institut für Anglistik und Amerikanistik, Philosophische Fakultät",,https://www.uni-potsdam.de/en/iaa-cult/index,https://www.uni-potsdam.de/de/philfak/fakultaet/personalia/professorium,"campus=Neues Palais (Am Neuen Palais 10, 14469 Potsdam); evidence=institute website postal address [collected in the University of Potsdam faculty slice: wiso_phil]"
Sebastian Kempert,Prof. Dr. | Grundschulpädagogik und Lehr-Lernforschung,"Department Grundschulpädagogik, Humanwissenschaftliche Fakultät (Strukturbereich Bildungswissenschaften)",,https://www.uni-potsdam.de/de/allgemeine-grundschulpaedagogik/empirische-grundschulpaedagogik-und-didaktik,https://www.uni-potsdam.de/de/bildungswissenschaften/studienbereiche/grundschulpaedagogik,"campus=Golm (Wissenschaftspark); evidence: unit ""Kontakt"" block gives Karl-Liebknecht-Str. 24-25, 14476 Potsdam OT Golm (Haus 16); Departmentsprecher Grundschulpaedagogik [collected in the University of Potsdam faculty slice: human_de]"
Sebastian Geisler,Professuren am Institut für Mathematik - Didaktik der Mathematik | Prof. Dr.,"Didaktik der Mathematik, Institut für Mathematik",,,https://www.math.uni-potsdam.de/professuren,"campus=Golm. Evidence: institute contact block 'Institut für Mathematik, Campus Golm, Haus 9, Karl-Liebknecht-Str. 24-25, D-14476 Potsdam OT Golm'. [collected in the University of Potsdam faculty slice: mathnat]"
Sebastian Reich,Professuren am Institut für Mathematik - Numerische Mathematik | Prof. Dr.,"Numerische Mathematik, Institut für Mathematik",,https://www.math.uni-potsdam.de/professuren/numerische-mathematik,https://www.math.uni-potsdam.de/professuren,"campus=Golm. Evidence: institute contact block 'Institut für Mathematik, Campus Golm, Haus 9, Karl-Liebknecht-Str. 24-25, D-14476 Potsdam OT Golm'. [collected in the University of Potsdam faculty slice: mathnat]"
Sebastian Hainzl,Gemeinsam berufene und außerplanmäßige ProfessorInnen und PrivatdozentInnen an außeruniversitären Forschungseinrichtungen - GFZ Potsdam | PD Dr.,"GFZ Potsdam, Institut für Geowissenschaften",GFZ - primary employer,,https://www.uni-potsdam.de/de/geo/institut/mitarbeiter,"campus=Golm. Evidence: institute contact block 'Campus Golm / Haus 27, Karl-Liebknecht-Str. 24-25, 14476 Potsdam'. confidence=low: Privatdozent/in, not a professorship; included because the institute lists them in the same table as its joint appointees. Primary site is GFZ, off the Golm campus. Missing: whether they lead an independent group. [collected in the University of Potsdam faculty slice: mathnat]"
Sebastian Lovens-Cronemeyer,Arbeitsbereich Wirtschaftsprivatrecht / Koordination Examensvorbereitung,"Fachbereich Bürgerliches Recht, Juristische Fakultät",,https://www.uni-potsdam.de/de/wirtschaftsprivatrecht,https://www.uni-potsdam.de/de/jura/ful/lehrstuehle-und-professuren/buergerliches-recht,"Heads an 'Arbeitsbereich' but holds no professor title (Dr., LL.M.); borderline case, INCLUDED per instruction to prefer a low-confidence row. campus=Griebnitzsee (August-Bebel-Str. 89, 14482 Potsdam); evidence=Juristische Fakultät contact block (chair page gave no own address). confidence=low [collected in the University of Potsdam faculty slice: wiso_phil]"
Peter Seeberger,Honorarprofessuren - MPIKG,Institut für Chemie,Max-Planck-Institut für Kolloid- und Grenzflächenforschung (MPIKG) - primary employer,,https://www.chem.uni-potsdam.de/index.php?lang=de&action=honor,"campus=Golm. Evidence: chem.uni-potsdam.de homepage text 'Sie finden uns im Wissenschaftspark Golm'; address 'Karl-Liebknecht-Str. 24-25, 14476 Potsdam'; Institutsleitung room 'Haus 26 / 2.61'; other rooms Haus 25 / Haus 29. confidence=low / FLAGGED: Honorarprofessur; spec says EXCLUDE honorary titles. Row kept for visibility. MPIKG sits on the Golm science park (Am Mühlenberg 1, 14476 Potsdam-Golm). [collected in the University of Potsdam faculty slice: mathnat]"
Barbara Seliger,Leitung der Professur für Translationale Immunologie,"Fakultät für Gesundheitswissenschaften Brandenburg (joint faculty of UP, BTU Cottbus-Senftenberg and MHB Theodor Fontane)","Medizinische Hochschule Brandenburg Theodor Fontane (MHB): the FGW overview files this professorship under MHB, not UP; Institut für Translationale Immunologie",https://www.fgw-brandenburg.de/person/prof-dr-barbara-seliger/,https://www.fgw-brandenburg.de/mitglieder/professuren/uebersicht/,NOT a University of Potsdam professorship - attributed to MHB. Town=Brandenburg an der Havel (phone +49 3381). Listed only for completeness [collected in the University of Potsdam faculty slice: wiso_phil]
Ilja A. Seržant,Professur für Slavistische Linguistik,"Institut für Slavistik, Philosophische Fakultät",,https://www.uni-potsdam.de/de/slavische-linguistik/team/serzant,https://www.uni-potsdam.de/de/philfak/fakultaet/personalia/professorium,"campus=Neues Palais (Am Neuen Palais 10, 14469 Potsdam); evidence=institute website postal address [collected in the University of Potsdam faculty slice: wiso_phil]"
Salim Seyfried,Ordentliche Professuren - Zoophysiologie,"AG Zoophysiologie, Institut für Biochemie und Biologie",,,https://www.uni-potsdam.de/de/ibb/arbeitsgruppen/professuren-ags,"campus=Golm. Evidence: IBB 'Standorte' page names 'Standort Golm ... Karl-Liebknecht-Straße 24-25, 14476 Potsdam' as Hauptstandort der Arbeitsgruppen; second IBB site 'Maulbeerallee' (Botanischer Garten, near Neues Palais) exists for the Botanical Garden. [collected in the University of Potsdam faculty slice: mathnat]"
Safa Shoaee,Gemeinsam berufene Professuren - Paul-Drude-Institut für Festkörperelektronik,Institut für Physik und Astronomie,Paul-Drude-Institut für Festkörperelektronik - gemeinsame Berufung (listed by UP under 'Gemeinsam berufene Professuren'),,https://www.uni-potsdam.de/de/physik/institut/professuren,"campus=Golm. Evidence: institute contact block 'Campus Golm, Haus 28, Karl-Liebknecht-Straße 24/25, 14476 Potsdam OT Golm'. Nominal UP institute is at Golm, but the person's day-to-day site is the partner institute: PDI is in Berlin-Mitte - off-campus. Joint appointment. [collected in the University of Potsdam faculty slice: mathnat]"
Christin Siegfried,Professur für Wirtschaftspädagogik für das berufliche Lehramt,"Fachgruppe Ökonomische und Technische Bildung, Wirtschafts- und Sozialwissenschaftliche Fakultät",,https://www.uni-potsdam.de/de/wipaed,https://www.uni-potsdam.de/de/wiso/fakultaet/professuren-personen,campus=Griebnitzsee (14482 Potsdam); evidence=chair page postal code [collected in the University of Potsdam faculty slice: wiso_phil]
Silke Leimkühler,Ordentliche Professuren - Molekulare Enzymologie,"AG Molekulare Enzymologie, Institut für Biochemie und Biologie",,,https://www.uni-potsdam.de/de/ibb/arbeitsgruppen/professuren-ags,"campus=Golm. Evidence: IBB 'Standorte' page names 'Standort Golm ... Karl-Liebknecht-Straße 24-25, 14476 Potsdam' as Hauptstandort der Arbeitsgruppen; second IBB site 'Maulbeerallee' (Botanischer Garten, near Neues Palais) exists for the Botanical Garden. [collected in the University of Potsdam faculty slice: mathnat]"
Silvia Makowski,Maschinelles Lernen - N.N. Vertretung: Dr. Silvia Makowski,"Maschinelles Lernen, Institut für Informatik und Computational Science",,,https://www.uni-potsdam.de/de/cs/research/index,"campus=Golm (Wissenschaftspark). Evidence: institute footer on the IfI page gives 'Universität Potsdam, Institut für Informatik und Computational Science, An der Bahn 2, 14476 Potsdam' (Golm CS building). confidence=low: chair is vacant (N.N.); she is listed only as 'Vertretung' (acting chair holder), not as an appointed professor. Missing: whether she has an independent position. [collected in the University of Potsdam faculty slice: mathnat]"
Sina Rauschenbach,Professur für Religionswissenschaft mit dem Schwerpunkt Jüdisches Denken,"Institut für Jüdische Studien und Religionswissenschaft, Philosophische Fakultät",,https://www.uni-potsdam.de/de/js-rw/das-institut/profjuddenk/rauschenbach,https://www.uni-potsdam.de/de/philfak/fakultaet/personalia/professorium,"campus=Neues Palais (Am Neuen Palais 10, 14469 Potsdam); evidence=institute website postal address [collected in the University of Potsdam faculty slice: wiso_phil]"
Ed Sobel,"ProfessorInnen - Thermochronologie | Prof., PhD","Thermochronologie, Institut für Geowissenschaften",,,https://www.uni-potsdam.de/de/geo/institut/mitarbeiter,"campus=Golm. Evidence: institute contact block 'Campus Golm / Haus 27, Karl-Liebknecht-Str. 24-25, 14476 Potsdam'. [collected in the University of Potsdam faculty slice: mathnat]"
Michael Sommer,Gemeinsam berufene HochschullehrerInnen an außeruniversitären Forschungsinstitutionen und außerplanmäßige Professuren - Bodenlandschaftsforschung [ ZALF ] | Prof. Dr. habil.,"Bodenlandschaftsforschung [ ZALF ], Institut für Umweltwissenschaften und Geographie",ZALF - gemeinsam berufen mit ZALF,,https://www.uni-potsdam.de/de/umwelt/institut/alle-mitarbeiterinnen,"campus=Golm. Evidence: 'Kontakt und Lageplan' page: 'Universität Potsdam, OT Golm, Karl-Liebknecht-Str. 24-25, 14476 Potsdam'; offices in Haus 32 and Haus 12 (Geoökologie) and Haus 24 (Geographie). Joint appointment; primary site ZALF Müncheberg - off-campus. [collected in the University of Potsdam faculty slice: mathnat]"
Sönke Neitzel,Professur für Militärgeschichte/Kulturgeschichte der Gewalt,"Historisches Institut, Philosophische Fakultät",,https://www.uni-potsdam.de/hi-militaergeschichte/index.html,https://www.uni-potsdam.de/de/philfak/fakultaet/personalia/professorium,"campus=Neues Palais (Am Neuen Palais 10, 14469 Potsdam); evidence=institute website postal address [collected in the University of Potsdam faculty slice: wiso_phil]"
Michael Sonnentag,Lehrstuhl für Bürgerliches Recht und Internationales Privatrecht,"Fachbereich Bürgerliches Recht, Juristische Fakultät",,https://www.uni-potsdam.de/de/ls-sonnentag/index,https://www.uni-potsdam.de/de/jura/ful/lehrstuehle-und-professuren/buergerliches-recht,"campus=Griebnitzsee (August-Bebel-Str. 89, 14482 Potsdam); evidence=chair page postal address [collected in the University of Potsdam faculty slice: wiso_phil]"
Nadine Spörer,Prof. Dr. | Psychologische Grundschulpädagogik,"Department Grundschulpädagogik, Humanwissenschaftliche Fakultät (Strukturbereich Bildungswissenschaften)",,https://www.uni-potsdam.de/de/allgemeine-grundschulpaedagogik/prof-dr-nadine-spoerer,https://www.uni-potsdam.de/de/bildungswissenschaften/studienbereiche/grundschulpaedagogik,"campus=Golm (Wissenschaftspark); evidence: unit ""Kontakt"" block gives Karl-Liebknecht-Str. 24-25, 14476 Potsdam OT Golm; Dekanin der Humanwissenschaftlichen Fakultaet [collected in the University of Potsdam faculty slice: human_de]"
Benno Stabernack,Professuren am Institut für Informatik und Computational Science - Architekturen eingebetteter Systeme für die Signalverarbeitung,"Architekturen eingebetteter Systeme für die Signalverarbeitung, Institut für Informatik und Computational Science",Fraunhofer Heinrich-Hertz-Institut Berlin (HHI) - gemeinsame Berufung,,https://www.uni-potsdam.de/de/cs/research/index,"campus=Golm (Wissenschaftspark). Evidence: institute footer on the IfI page gives 'Universität Potsdam, Institut für Informatik und Computational Science, An der Bahn 2, 14476 Potsdam' (Golm CS building). printed as 'Prof. Dr.-Ing. Benno Stabernack' Joint appointment stated on the institute page. [collected in the University of Potsdam faculty slice: mathnat]"
Manfred Stede,Prof. Dr. | Professur Angewandte Computerlinguistik,"Department Linguistik, Humanwissenschaftliche Fakultät (Strukturbereich Kognitionswissenschaften)",,https://www.uni-potsdam.de/de/ling/professuren/professur-fuer-angewandte-computerlinguistik,https://www.uni-potsdam.de/de/kognitionswissenschaften/zusammensetzung-des-strukturbereichs/professuren-im-department-linguistik,"campus=Golm; evidence: Department Linguistik contact block ""Campus Golm, Karl-Liebknecht-Str. 24/25, Haus 14"" [collected in the University of Potsdam faculty slice: human_de]"
Stefan Rahmstorf,Gemeinsam berufene Professuren - Potsdam-Institut für Klimafolgenforschung,Institut für Physik und Astronomie,Potsdam-Institut für Klimafolgenforschung - gemeinsame Berufung (listed by UP under 'Gemeinsam berufene Professuren'),,https://www.uni-potsdam.de/de/physik/institut/professuren,"campus=Golm. Evidence: institute contact block 'Campus Golm, Haus 28, Karl-Liebknecht-Straße 24/25, 14476 Potsdam OT Golm'. Nominal UP institute is at Golm, but the person's day-to-day site is the partner institute: PIK is on the Telegrafenberg, 14473 Potsdam - off-campus. Joint appointment. [collected in the University of Potsdam faculty slice: mathnat]"
Stefan Norra,HochschullehrerInnen - Bodenkunde und Geoökologie | Prof. Dr.,"AG Bodenkunde und Geoökologie, Institut für Umweltwissenschaften und Geographie",,,https://www.uni-potsdam.de/de/umwelt/institut/alle-mitarbeiterinnen,"campus=Golm. Evidence: 'Kontakt und Lageplan' page: 'Universität Potsdam, OT Golm, Karl-Liebknecht-Str. 24-25, 14476 Potsdam'; offices in Haus 32 and Haus 12 (Geoökologie) and Haus 24 (Geographie). [collected in the University of Potsdam faculty slice: mathnat]"
Steffen Ganghof,Professur für Vergleichende Politikwissenschaft,"Fachgruppe Politik- und Verwaltungswissenschaft, Wirtschafts- und Sozialwissenschaftliche Fakultät",,http://www.uni-potsdam.de/vergleichende-politikwissenschaft,https://www.uni-potsdam.de/de/wiso/fakultaet/professuren-personen,"campus=Griebnitzsee (August-Bebel-Str. 89, 14482 Potsdam); evidence=chair/faculty page postal address [collected in the University of Potsdam faculty slice: wiso_phil]"
Christian Stegmann,Gemeinsam berufene Professuren - DESY Zeuthen,Institut für Physik und Astronomie,DESY Zeuthen - gemeinsame Berufung (listed by UP under 'Gemeinsam berufene Professuren'),,https://www.uni-potsdam.de/de/physik/institut/professuren,"campus=Golm. Evidence: institute contact block 'Campus Golm, Haus 28, Karl-Liebknecht-Straße 24/25, 14476 Potsdam OT Golm'. Nominal UP institute is at Golm, but the person's day-to-day site is the partner institute: DESY Zeuthen is in Zeuthen, Brandenburg - off-campus. Joint appointment. [collected in the University of Potsdam faculty slice: mathnat]"
Georg Steinberg,Lehrstuhl für Strafrecht und Strafprozessrecht,"Fachbereich Strafrecht, Juristische Fakultät",,https://www.uni-potsdam.de/de/ls-steinberg/index,https://www.uni-potsdam.de/de/jura/ful/lehrstuehle-und-professuren/strafrecht,"campus=Griebnitzsee (August-Bebel-Str. 89, 14482 Potsdam); evidence=chair page postal address [collected in the University of Potsdam faculty slice: wiso_phil]"
Matthias Steinmetz,Gemeinsam berufene Professuren - Leibniz-Institut für Astrophysik,Institut für Physik und Astronomie,Leibniz-Institut für Astrophysik - gemeinsame Berufung (listed by UP under 'Gemeinsam berufene Professuren'),,https://www.uni-potsdam.de/de/physik/institut/professuren,"campus=Golm. Evidence: institute contact block 'Campus Golm, Haus 28, Karl-Liebknecht-Straße 24/25, 14476 Potsdam OT Golm'. Nominal UP institute is at Golm, but the person's day-to-day site is the partner institute: AIP is at An der Sternwarte 16, 14482 Potsdam-Babelsberg - off the Golm campus, near Griebnitzsee. Joint appointment. [collected in the University of Potsdam faculty slice: mathnat]"
Björn Steinrötter,"Lehrstuhl für Bürgerliches Recht, IT-Recht und Medienrecht","Fachbereich Bürgerliches Recht, Juristische Fakultät",Sprecher des Fachbereichs Bürgerliches Recht,https://www.uni-potsdam.de/de/ls-steinroetter/index,https://www.uni-potsdam.de/de/jura/ful/lehrstuehle-und-professuren/buergerliches-recht,"campus=Griebnitzsee (August-Bebel-Str. 89, 14482 Potsdam); evidence=chair page postal address [collected in the University of Potsdam faculty slice: wiso_phil]"
Stephan Geier,Ordentliche Professuren - Stellare Astrophysik,"Stellare Astrophysik, Institut für Physik und Astronomie",,,https://www.uni-potsdam.de/de/physik/institut/professuren,"campus=Golm. Evidence: institute contact block 'Campus Golm, Haus 28, Karl-Liebknecht-Straße 24/25, 14476 Potsdam OT Golm'. [collected in the University of Potsdam faculty slice: mathnat]"
Stephanie Natho,AG Landschaftsmanagement - Leitung: Dr. Stephanie Natho,"AG Landschaftsmanagement, Institut für Umweltwissenschaften und Geographie",,,https://www.uni-potsdam.de/de/umwelt/forschung/uebersicht,"campus=Golm. Evidence: 'Kontakt und Lageplan' page: 'Universität Potsdam, OT Golm, Karl-Liebknecht-Str. 24-25, 14476 Potsdam'; offices in Haus 32 and Haus 12 (Geoökologie) and Haus 24 (Geographie). confidence=low: named as 'Leitung' of AG Landschaftsmanagement on the research overview but holds no professor title and does not appear in the institute's HochschullehrerInnen table. [collected in the University of Potsdam faculty slice: mathnat]"
Ariel Dora Stern,"Prof. Dr. | Fachgebiet Digital Health, Economics & Policy","Digital Engineering Fakultät - Fachgebiet Digital Health, Economics & Policy; Digital Engineering Fakultät (gemeinsame Fakultät der Universität Potsdam und des Hasso-Plattner-Instituts)","Hasso-Plattner-Institut: the UP Digital-Engineering faculty page lists this person under 'Fachgebiete' with the link pointing to the HPI chair page (hpi.de/forschung/fachgebiete/...), and hpi.de lists the same person under 'HPI-Fachgebiete' - i.e. shown as HPI Fachgebietsleiter/in (chair holder at HPI) while being a professor of the joint UP Digital Engineering Fakultät",https://hpi.de/forschung/fachgebiete/digital-health-economics-policy.html,https://www.uni-potsdam.de/de/digital-engineering/forschung/fachgebiete,"campus=Griebnitzsee; evidence: DE-Fakultaet/HPI ""Kontakt"" block gives Prof.-Dr.-Helmert-Str. 2-3, 14482 Potsdam [collected in the University of Potsdam faculty slice: human_de]"
Steve Nebel,Prof. Dr. | Professur für Schulbezogene Medienbildung,"Department Erziehungswissenschaft, Humanwissenschaftliche Fakultät (Strukturbereich Bildungswissenschaften)",,https://www.uni-potsdam.de/de/medienbildung/index,https://www.uni-potsdam.de/de/bildungswissenschaften/studienbereiche/erziehungswissenschaft,"campus=Golm (Wissenschaftspark); evidence: unit ""Kontakt"" block gives Karl-Liebknecht-Str. 24-25, 14476 Potsdam OT Golm (Haus 24) [collected in the University of Potsdam faculty slice: human_de]"
Stefan Stieglitz,Professur für Wirtschaftsinformatik und Digitale Transformation,"Fachgruppe Betriebswirtschaftslehre, Wirtschafts- und Sozialwissenschaftliche Fakultät",,https://www.uni-potsdam.de/de/digicat/,https://www.uni-potsdam.de/de/wiso/fakultaet/professuren-personen,"campus=Griebnitzsee (August-Bebel-Str. 89, 14482 Potsdam); evidence=chair/faculty page postal address [collected in the University of Potsdam faculty slice: wiso_phil]"
Stefanie Stockhorst,Professur für Neuere deutsche Literatur (m.d. Schwerpunkt Frühe Neuzeit),"Institut für Germanistik, Philosophische Fakultät",,http://www.uni-potsdam.de/ndl-frueheneuzeit/index.html,https://www.uni-potsdam.de/de/philfak/fakultaet/personalia/professorium,"campus=Neues Palais (Am Neuen Palais 10, 14469 Potsdam); evidence=institute website postal address [collected in the University of Potsdam faculty slice: wiso_phil]"
Bernd Stöver,Apl. Prof. Dr. Bernd Stöver (Bereich Internationale Geschichte),"Historisches Institut, Philosophische Fakultät",,https://www.uni-potsdam.de/hi/bernd-stoever.html,https://www.uni-potsdam.de/de/philfak/fakultaet/personalia/professorium,"apl. Professor, heads the 'Bereich Internationale Geschichte' of the Historisches Institut (listed by the institute under 'Bereiche (außerplanmäßige Professuren)'). campus=Neues Palais (Am Neuen Palais 10, 14469 Potsdam); evidence=institute website postal address. confidence=low [collected in the University of Potsdam faculty slice: wiso_phil]"
Klaus Strassmeier,Gemeinsam berufene Professuren - Leibniz-Institut für Astrophysik,Institut für Physik und Astronomie,Leibniz-Institut für Astrophysik - gemeinsame Berufung (listed by UP under 'Gemeinsam berufene Professuren'),,https://www.uni-potsdam.de/de/physik/institut/professuren,"campus=Golm. Evidence: institute contact block 'Campus Golm, Haus 28, Karl-Liebknecht-Straße 24/25, 14476 Potsdam OT Golm'. Nominal UP institute is at Golm, but the person's day-to-day site is the partner institute: AIP is at An der Sternwarte 16, 14482 Potsdam-Babelsberg - off the Golm campus, near Griebnitzsee. Joint appointment. [collected in the University of Potsdam faculty slice: mathnat]"
Manfred Strecker,"ProfessorInnen - Allgemeine Geologie | Prof., PhD","Allgemeine Geologie, Institut für Geowissenschaften",,,https://www.uni-potsdam.de/de/geo/institut/mitarbeiter,"campus=Golm. Evidence: institute contact block 'Campus Golm / Haus 27, Karl-Liebknecht-Str. 24-25, 14476 Potsdam'. [collected in the University of Potsdam faculty slice: mathnat]"
Sukanya Bhowmik,"Professuren am Institut für Informatik und Computational Science - Middleware, Operating Systems, and Computer Networks","Middleware, Operating Systems, and Computer Networks, Institut für Informatik und Computational Science",,,https://www.uni-potsdam.de/de/cs/research/index,"campus=Golm (Wissenschaftspark). Evidence: institute footer on the IfI page gives 'Universität Potsdam, Institut für Informatik und Computational Science, An der Bahn 2, 14476 Potsdam' (Golm CS building). [collected in the University of Potsdam faculty slice: mathnat]"
Jan Sürmeli,Professuren am Institut für Informatik und Computational Science - Sichere digitale Identitäten,"Sichere digitale Identitäten, Institut für Informatik und Computational Science","FZI Forschungszentrum Informatik, Karlsruhe - gemeinsame Berufung (page: 'gemeinsame Berufung mit dem FZI Forschungszentrum Informatik, Karlsruhe')",https://www.fzi.de/team/jan-suermeli/,https://www.uni-potsdam.de/de/cs/research/index,"campus=Golm (Wissenschaftspark). Evidence: institute footer on the IfI page gives 'Universität Potsdam, Institut für Informatik und Computational Science, An der Bahn 2, 14476 Potsdam' (Golm CS building). Joint appointment stated on the institute page. [collected in the University of Potsdam faculty slice: mathnat]"
Susanne Liebner,Gemeinsam berufene Professuren - Molekulare Umweltmikrobiologie | JunProf. Dr.,"Molekulare Umweltmikrobiologie, Institut für Biochemie und Biologie","GFZ GeoForschungsZentrum, Potsdam - gemeinsame Berufung",,https://www.uni-potsdam.de/de/ibb/arbeitsgruppen/professuren-ags,"campus=Golm. Evidence: IBB 'Standorte' page names 'Standort Golm ... Karl-Liebknecht-Straße 24-25, 14476 Potsdam' as Hauptstandort der Arbeitsgruppen; second IBB site 'Maulbeerallee' (Botanischer Garten, near Neues Palais) exists for the Botanical Garden. Joint appointment; GFZ is on the Telegrafenberg, 14473 Potsdam - off-campus. [collected in the University of Potsdam faculty slice: mathnat]"
Susanne Hähnchen,Lehrstuhl für Bürgerliches Recht und Rechtsgeschichte,"Fachbereich Bürgerliches Recht, Juristische Fakultät",,https://www.uni-potsdam.de/de/ls-rechtsgeschichte/index,https://www.uni-potsdam.de/de/jura/ful/lehrstuehle-und-professuren/buergerliches-recht,"campus=Griebnitzsee (August-Bebel-Str. 89, 14482 Potsdam); evidence=chair page postal address [collected in the University of Potsdam faculty slice: wiso_phil]"
Sven Raum,Professuren am Institut für Mathematik - Algebra | Prof. Dr.,"Algebra, Institut für Mathematik",,https://www.math.uni-potsdam.de/professuren/algebra,https://www.math.uni-potsdam.de/professuren,"campus=Golm. Evidence: institute contact block 'Institut für Mathematik, Campus Golm, Haus 9, Karl-Liebknecht-Str. 24-25, D-14476 Potsdam OT Golm'. [collected in the University of Potsdam faculty slice: mathnat]"
Sven T. Stripp,Forschungsgruppen und Habilitierende - Spektroskopie & Biokatalyse,"Spektroskopie & Biokatalyse, Institut für Chemie",,https://www.uni-potsdam.de/de/specbiocat,https://www.chem.uni-potsdam.de/index.php?lang=de&action=foha,"campus=Golm. Evidence: chem.uni-potsdam.de homepage text 'Sie finden uns im Wissenschaftspark Golm'; address 'Karl-Liebknecht-Str. 24-25, 14476 Potsdam'; Institutsleitung room 'Haus 26 / 2.61'; other rooms Haus 25 / Haus 29. confidence=low: listed by the institute under 'Forschungsgruppen und Habilitierende' with an own group page, i.e. an independent/junior research group leader, but the page does not state a funding line (Emmy Noether etc.) or whether they sit inside another chair. Jolanda Hermanns is printed as 'PD Dr.'. [collected in the University of Potsdam faculty slice: mathnat]"
Svetlana Santer,Ordentliche Professuren - Intelligente weiche Materie,"Intelligente weiche Materie, Institut für Physik und Astronomie",,,https://www.uni-potsdam.de/de/physik/institut/professuren,"campus=Golm. Evidence: institute contact block 'Campus Golm, Haus 28, Karl-Liebknecht-Straße 24/25, 14476 Potsdam OT Golm'. [collected in the University of Potsdam faculty slice: mathnat]"
Sylvie Paycha,Professuren am Institut für Mathematik - Analysis | Prof. Dr.,"Analysis, Institut für Mathematik",,https://www.math.uni-potsdam.de/professuren/analysis,https://www.math.uni-potsdam.de/professuren,"campus=Golm. Evidence: institute contact block 'Institut für Mathematik, Campus Golm, Haus 9, Karl-Liebknecht-Str. 24-25, D-14476 Potsdam OT Golm'. [collected in the University of Potsdam faculty slice: mathnat]"
Tanja Schwerdtle,Prof. Dr. Tanja Schwerdtle (Honorarprofessorin für Lebensmitteltoxikologie),Institut für Ernährungswissenschaft,"Bundesinstitut für Risikobewertung (BfR), Berlin - the institute text says one apl. professorship is held at the BfR; Schwerdtle is BfR Vice-President",https://www.uni-potsdam.de/de/iew/professuren-und-lehrstuehle/prof-dr-tanja-schwerdtle-honorarprofessorin-für-lebensmitteltoxikologie,https://www.uni-potsdam.de/de/iew/,"campus=Golm. Evidence: IEW contact block 'Standort Golm ... Golm, Haus 29, Raum 0.12, Karl-Liebknecht-Str. 24-25, 14476 Potsdam'. confidence=low / FLAGGED: Honorarprofessur; spec says EXCLUDE honorary. Row kept for visibility. Primary employer BfR Berlin - off-campus. [collected in the University of Potsdam faculty slice: mathnat]"
Andreas Taubert,Professuren (Institut für Chemie) - Supramolekulare Chemie,"Supramolekulare Chemie, Institut für Chemie",,https://www.uni-potsdam.de/de/ag-taubert/index,https://www.chem.uni-potsdam.de/index.php?lang=de&action=profs,"campus=Golm. Evidence: chem.uni-potsdam.de homepage text 'Sie finden uns im Wissenschaftspark Golm'; address 'Karl-Liebknecht-Str. 24-25, 14476 Potsdam'; Institutsleitung room 'Haus 26 / 2.61'; other rooms Haus 25 / Haus 29. [collected in the University of Potsdam faculty slice: mathnat]"
Taylor Schildgen,"Gemeinsam berufene und außerplanmäßige ProfessorInnen und PrivatdozentInnen an außeruniversitären Forschungseinrichtungen - Landschaftsevolution und Klimainteraktion [ GFZ ] | Prof., PhD","Landschaftsevolution und Klimainteraktion [ GFZ ], Institut für Geowissenschaften",GFZ,,https://www.uni-potsdam.de/de/geo/institut/mitarbeiter,"campus=Golm. Evidence: institute contact block 'Campus Golm / Haus 27, Karl-Liebknecht-Str. 24-25, 14476 Potsdam'. Joint/apl. appointment: primary site is GFZ Telegrafenberg - off-campus; the UP institute itself is at Golm Haus 27. [collected in the University of Potsdam faculty slice: mathnat]"
Annegret Thieken,HochschullehrerInnen - Geographie und Naturrisikenforschung | Prof. Dr.,"AG Geographie und Naturrisikenforschung, Institut für Umweltwissenschaften und Geographie",,,https://www.uni-potsdam.de/de/umwelt/institut/alle-mitarbeiterinnen,"campus=Golm. Evidence: 'Kontakt und Lageplan' page: 'Universität Potsdam, OT Golm, Karl-Liebknecht-Str. 24-25, 14476 Potsdam'; offices in Haus 32 and Haus 12 (Geoökologie) and Haus 24 (Geographie). [collected in the University of Potsdam faculty slice: mathnat]"
Thomas Schmitt,Gemeinsam berufene Professuren - Entomologie und Biogeographie,"Entomologie und Biogeographie, Institut für Biochemie und Biologie",Senckenberg-Gesellschaft für Naturforschung - gemeinsame Berufung,,https://www.uni-potsdam.de/de/ibb/arbeitsgruppen/professuren-ags,"campus=Golm. Evidence: IBB 'Standorte' page names 'Standort Golm ... Karl-Liebknecht-Straße 24-25, 14476 Potsdam' as Hauptstandort der Arbeitsgruppen; second IBB site 'Maulbeerallee' (Botanischer Garten, near Neues Palais) exists for the Botanical Garden. Joint appointment: primary site is the partner institute (Senckenberg Deutsches Entomologisches Institut, Müncheberg - off-campus), UP home institute is at Golm. [collected in the University of Potsdam faculty slice: mathnat]"
Thomas Siedler,"Professur für Volkswirtschaftslehre, insbesondere Wirtschaftspolitik","Fachgruppe Volkswirtschaftslehre, Wirtschafts- und Sozialwissenschaftliche Fakultät",,https://www.uni-potsdam.de/de/vwl-wipo/index,https://www.uni-potsdam.de/de/wiso/fakultaet/professuren-personen,"campus=Griebnitzsee (August-Bebel-Str. 89, 14482 Potsdam); evidence=chair/faculty page postal address [collected in the University of Potsdam faculty slice: wiso_phil]"
Thomas Sommerer,"Professur für Politikwissenschaft, insbesondere Internationale Organisationen","Fachgruppe Politik- und Verwaltungswissenschaft, Wirtschafts- und Sozialwissenschaftliche Fakultät",,https://www.uni-potsdam.de/de/pol-intorg/index,https://www.uni-potsdam.de/de/wiso/fakultaet/professuren-personen,"campus=Griebnitzsee (August-Bebel-Str. 89, 14482 Potsdam); evidence=chair/faculty page postal address [collected in the University of Potsdam faculty slice: wiso_phil]"
Thomas Brechenmacher,Professur für Neuere Geschichte II (deutsch-jüdische Geschichte),"Historisches Institut, Philosophische Fakultät",Member of the Institut für Jüdische Studien und Religionswissenschaft (Mitgliedschaft im Institut),https://www.uni-potsdam.de/hi-neuere-deutsch-juedische-geschichte/index.html,https://www.uni-potsdam.de/de/philfak/fakultaet/personalia/professorium,"campus=Neues Palais (Am Neuen Palais 10, 14469 Potsdam); evidence=institute website postal address [collected in the University of Potsdam faculty slice: wiso_phil]"
Thomas Khurana,Professur für Politische Philosophie und Philosophische Anthropologie,"Institut für Philosophie, Philosophische Fakultät",Institut für Lebensgestaltung-Ethik-Religion (LER): teaching member,http://www.uni-potsdam.de/de/phi/professuren-und-forschung/professur-fuer-politische-philosophiephilosophische-anthropologie.html,https://www.uni-potsdam.de/de/philfak/fakultaet/personalia/professorium,"campus=Neues Palais (Am Neuen Palais 10, 14469 Potsdam); evidence=institute website postal address; the Institut für Philosophie sits in Haus 11, Am Neuen Palais 10 [collected in the University of Potsdam faculty slice: wiso_phil]"
Meik Thöne,Lehrstuhl für Bürgerliches Recht und Zivilprozessrecht einschließlich der europäischen Bezuege,"Fachbereich Bürgerliches Recht, Juristische Fakultät",,https://www.uni-potsdam.de/de/ls-thoene/index,https://www.uni-potsdam.de/de/jura/ful/lehrstuehle-und-professuren/buergerliches-recht,"campus=Griebnitzsee (August-Bebel-Str. 89, 14482 Potsdam); evidence=chair page postal address [collected in the University of Potsdam faculty slice: wiso_phil]"
Christian Thorau,Prof. Dr. | Professur für Musikwissenschaft,"Department Musik und Kunst, Humanwissenschaftliche Fakultät (Strukturbereich Bildungswissenschaften)",,https://www.uni-potsdam.de/de/musik/professuren-abteilungen/professur-fuer-musikwissenschaft,https://www.uni-potsdam.de/de/bildungswissenschaften/studienbereiche/musik-und-kunst,"campus=Golm; evidence: Musik unit contact block ""Universitaet Potsdam (Standort Golm), Karl-Liebknecht-Str. 24-25, Haus 6, 14476 Potsdam"" [collected in the University of Potsdam faculty slice: human_de]"
Thorsten Ingo Schmidt,"Lehrstuhl für Öffentliches Recht, insbesondere Staatsrecht, Verwaltungs-, Kommunal- und Finanzrecht","Fachbereich Öffentliches Recht, Juristische Fakultät",,http://www.uni-potsdam.de/ls-staatverwkom/,https://www.uni-potsdam.de/de/jura/ful/lehrstuehle-und-professuren/oeffentliches-recht,"campus=Griebnitzsee (August-Bebel-Str. 89, 14482 Potsdam); evidence=chair page postal address [collected in the University of Potsdam faculty slice: wiso_phil]"
Ralph Tiedemann,Ordentliche Professuren - Evolutionsbiologie / Spezielle Zoologie,"AG Evolutionsbiologie / Spezielle Zoologie, Institut für Biochemie und Biologie",,,https://www.uni-potsdam.de/de/ibb/arbeitsgruppen/professuren-ags,"campus=Golm. Evidence: IBB 'Standorte' page names 'Standort Golm ... Karl-Liebknecht-Straße 24-25, 14476 Potsdam' as Hauptstandort der Arbeitsgruppen; second IBB site 'Maulbeerallee' (Botanischer Garten, near Neues Palais) exists for the Botanical Garden. [collected in the University of Potsdam faculty slice: mathnat]"
Tillmann Klamroth,Professuren (Institut für Chemie) - Computerchemie,"Computerchemie, Institut für Chemie",,https://www.uni-potsdam.de/en/theochem/members/homepage-prof-tillmann-klamroth,https://www.chem.uni-potsdam.de/index.php?lang=de&action=profs,"campus=Golm. Evidence: chem.uni-potsdam.de homepage text 'Sie finden uns im Wissenschaftspark Golm'; address 'Karl-Liebknecht-Str. 24-25, 14476 Potsdam'; Institutsleitung room 'Haus 26 / 2.61'; other rooms Haus 25 / Haus 29. [collected in the University of Potsdam faculty slice: mathnat]"
Tilman Grune,Gemeinsame Berufungen mit DIfE - MTOX (Prof. Dr. T. Grune),Abteilung Molekulare Toxikologie (MTOX) / Institut für Ernährungswissenschaft,"Deutsches Institut für Ernährungsforschung Potsdam-Rehbrücke (DIfE), Leibniz-Institut - gemeinsame Berufung (UP nav section 'Gemeinsame Berufungen mit DIfE'); full first name taken from the linked DIfE department page",https://www.dife.de/forschung/abteilungen-und-forschungsgruppen/molekulare-toxikologie/,https://www.uni-potsdam.de/de/iew/,"campus=off-campus Rehbrücke/Nuthetal (NOT one of the three Potsdam campuses). Evidence: IEW contact block 'Standort Rehbrücke ... Arthur-Scheunert-Allee 155, 14558 Nuthetal'; institute banner 'Standort Rehbrücke: Arthur-Scheunert-Allee 114-116, 14558 Nuthetal'. Joint appointment; DIfE is at Arthur-Scheunert-Allee 114-116, 14558 Nuthetal (Potsdam-Rehbrücke) - ~7 km from the Golm campus, off-campus. [collected in the University of Potsdam faculty slice: mathnat]"
Tilmann Rabl,Prof. Dr. | Fachgebiet Data Engineering Systems,Digital Engineering Fakultät - Fachgebiet Data Engineering Systems; Digital Engineering Fakultät (gemeinsame Fakultät der Universität Potsdam und des Hasso-Plattner-Instituts),"Hasso-Plattner-Institut: the UP Digital-Engineering faculty page lists this person under 'Fachgebiete' with the link pointing to the HPI chair page (hpi.de/forschung/fachgebiete/...), and hpi.de lists the same person under 'HPI-Fachgebiete' - i.e. shown as HPI Fachgebietsleiter/in (chair holder at HPI) while being a professor of the joint UP Digital Engineering Fakultät",https://hpi.de/en/database-group/home/,https://www.uni-potsdam.de/de/digital-engineering/forschung/fachgebiete,"campus=Griebnitzsee; evidence: DE-Fakultaet/HPI ""Kontakt"" block gives Prof.-Dr.-Helmert-Str. 2-3, 14482 Potsdam [collected in the University of Potsdam faculty slice: human_de]"
Tim Dietrich,Ordentliche Professuren - Theoretische Astrophysik,"Theoretische Astrophysik, Institut für Physik und Astronomie",,,https://www.uni-potsdam.de/de/physik/institut/professuren,"campus=Golm. Evidence: institute contact block 'Campus Golm, Haus 28, Karl-Liebknecht-Straße 24/25, 14476 Potsdam OT Golm'. [collected in the University of Potsdam faculty slice: mathnat]"
Tim J. Schulz,Gemeinsame Berufungen mit DIfE - ADE (Prof. Dr. T. J. Schulz),Abteilung Fettzell-Entwicklung und Ernährung (ADE) / Institut für Ernährungswissenschaft,"Deutsches Institut für Ernährungsforschung Potsdam-Rehbrücke (DIfE), Leibniz-Institut - gemeinsame Berufung (UP nav section 'Gemeinsame Berufungen mit DIfE'); full first name taken from the linked DIfE department page",https://www.dife.de/forschung/abteilungen-und-forschungsgruppen/fettzell-entwicklung-und-ernährung/,https://www.uni-potsdam.de/de/iew/,"campus=off-campus Rehbrücke/Nuthetal (NOT one of the three Potsdam campuses). Evidence: IEW contact block 'Standort Rehbrücke ... Arthur-Scheunert-Allee 155, 14558 Nuthetal'; institute banner 'Standort Rehbrücke: Arthur-Scheunert-Allee 114-116, 14558 Nuthetal'. Joint appointment; DIfE is at Arthur-Scheunert-Allee 114-116, 14558 Nuthetal (Potsdam-Rehbrücke) - ~7 km from the Golm campus, off-campus. [collected in the University of Potsdam faculty slice: mathnat]"
Timo Hennig,Prof. Dr. | Inklusionspädagogische Psychologie,"Department Inklusionspädagogik, Humanwissenschaftliche Fakultät (Strukturbereich Bildungswissenschaften)",,https://www.uni-potsdam.de/de/inklusion/inkpsy,https://www.uni-potsdam.de/de/bildungswissenschaften/studienbereiche/inklusionspaedagogik,"campus=Golm (Wissenschaftspark); evidence: unit ""Kontakt"" block gives Karl-Liebknecht-Str. 24-25, 14476 Potsdam OT Golm [collected in the University of Potsdam faculty slice: human_de]"
Evgenii Titov,Forschungsgruppen und Habilitierende - Computer-Photochemie,"Computer-Photochemie, Institut für Chemie",,https://www.uni-potsdam.de/en/theochem/members/homepage-dr-evgenii-titov,https://www.chem.uni-potsdam.de/index.php?lang=de&action=foha,"campus=Golm. Evidence: chem.uni-potsdam.de homepage text 'Sie finden uns im Wissenschaftspark Golm'; address 'Karl-Liebknecht-Str. 24-25, 14476 Potsdam'; Institutsleitung room 'Haus 26 / 2.61'; other rooms Haus 25 / Haus 29. confidence=low: listed by the institute under 'Forschungsgruppen und Habilitierende' with an own group page, i.e. an independent/junior research group leader, but the page does not state a funding line (Emmy Noether etc.) or whether they sit inside another chair. Jolanda Hermanns is printed as 'PD Dr.'. [collected in the University of Potsdam faculty slice: mathnat]"
Jasper Dag Tjaden,Professur für angewandte Sozialforschung und Public Policy,"Fachgruppe Soziologie, Wirtschafts- und Sozialwissenschaftliche Fakultät",,https://www.uni-potsdam.de/de/socrespolicy/index,https://www.uni-potsdam.de/de/wiso/fakultaet/professuren-personen,"campus=Griebnitzsee (August-Bebel-Str. 89, 14482 Potsdam); evidence=chair/faculty page postal address [collected in the University of Potsdam faculty slice: wiso_phil]"
Tobias Friedrich,Prof. Dr. | Fachgebiet Algorithm Engineering,Digital Engineering Fakultät - Fachgebiet Algorithm Engineering; Digital Engineering Fakultät (gemeinsame Fakultät der Universität Potsdam und des Hasso-Plattner-Instituts),"Hasso-Plattner-Institut: the UP Digital-Engineering faculty page lists this person under 'Fachgebiete' with the link pointing to the HPI chair page (hpi.de/forschung/fachgebiete/...), and hpi.de lists the same person under 'HPI-Fachgebiete' - i.e. shown as HPI Fachgebietsleiter/in (chair holder at HPI) while being a professor of the joint UP Digital Engineering Fakultät",https://hpi.de/forschung/fachgebiete/algorithm-engineering.html,https://www.uni-potsdam.de/de/digital-engineering/forschung/fachgebiete,"campus=Griebnitzsee; evidence: DE-Fakultaet/HPI ""Kontakt"" block gives Prof.-Dr.-Helmert-Str. 2-3, 14482 Potsdam; Dekan der Digital Engineering Fakultaet und Inhaber des Lehrstuhls fuer Algorithm Engineering (Dekanat page); HPI-Geschaeftsfuehrer per HPI news [collected in the University of Potsdam faculty slice: human_de]"
Tobias Lettl,"Lehrstuhl für Bürgerliches Recht, Handels- und Wirtschaftsrecht","Fachbereich Bürgerliches Recht, Juristische Fakultät",,http://www.uni-potsdam.de/ls-lettl/,https://www.uni-potsdam.de/de/jura/ful/lehrstuehle-und-professuren/buergerliches-recht,"campus=Griebnitzsee (August-Bebel-Str. 89, 14482 Potsdam); evidence=chair page postal address [collected in the University of Potsdam faculty slice: wiso_phil]"
Torsten Schaub,Professuren am Institut für Informatik und Computational Science - Wissensverarbeitung und Informationssysteme,"Wissensverarbeitung und Informationssysteme, Institut für Informatik und Computational Science",,,https://www.uni-potsdam.de/de/cs/research/index,"campus=Golm (Wissenschaftspark). Evidence: institute footer on the IfI page gives 'Universität Potsdam, Institut für Informatik und Computational Science, An der Bahn 2, 14476 Potsdam' (Golm CS building). [collected in the University of Potsdam faculty slice: mathnat]"
Torsten Linker,Professuren (Institut für Chemie) - Organische Chemie,"Organische Chemie, Institut für Chemie",,https://www.uni-potsdam.de/de/oc/index.html,https://www.chem.uni-potsdam.de/index.php?lang=de&action=profs,"campus=Golm. Evidence: chem.uni-potsdam.de homepage text 'Sie finden uns im Wissenschaftspark Golm'; address 'Karl-Liebknecht-Str. 24-25, 14476 Potsdam'; Institutsleitung room 'Haus 26 / 2.61'; other rooms Haus 25 / Haus 29. [collected in the University of Potsdam faculty slice: mathnat]"
Torsten Dahm,Gemeinsam berufene und außerplanmäßige ProfessorInnen und PrivatdozentInnen an außeruniversitären Forschungseinrichtungen - Erdbebenrisiko und Frühwarnung [ GFZ ] | Prof. Dr.,"Erdbebenrisiko und Frühwarnung [ GFZ ], Institut für Geowissenschaften",GFZ,,https://www.uni-potsdam.de/de/geo/institut/mitarbeiter,"campus=Golm. Evidence: institute contact block 'Campus Golm / Haus 27, Karl-Liebknecht-Str. 24-25, 14476 Potsdam'. Joint/apl. appointment: primary site is GFZ Telegrafenberg - off-campus; the UP institute itself is at Golm Haus 27. [collected in the University of Potsdam faculty slice: mathnat]"
Frank Tosch,apl. Prof. Dr. phil. habil. | apl. Professur für Historische Bildungsforschung,"Department Erziehungswissenschaft, Humanwissenschaftliche Fakultät (Strukturbereich Bildungswissenschaften)",,https://www.uni-potsdam.de/de/hisbildung/index,https://www.uni-potsdam.de/de/bildungswissenschaften/studienbereiche/erziehungswissenschaft,"campus=Golm (Wissenschaftspark); evidence: unit ""Kontakt"" block gives Karl-Liebknecht-Str. 24-25, 14476 Potsdam OT Golm; confidence=low - ausserplanmaessige Professur; the faculty states an apl. Professur 'begruendet kein Dienstverhaeltnis', but the department names him Lehrstuhlinhaber of this chair [collected in the University of Potsdam faculty slice: human_de]"
Martin Trauth,ProfessorInnen - Paläoklimadynamik | Prof. Dr.,"Paläoklimadynamik, Institut für Geowissenschaften",,,https://www.uni-potsdam.de/de/geo/institut/mitarbeiter,"campus=Golm. Evidence: institute contact block 'Campus Golm / Haus 27, Karl-Liebknecht-Str. 24-25, 14476 Potsdam'. [collected in the University of Potsdam faculty slice: mathnat]"
Peer Trilcke,Professur für deutsche Literatur des 19. Jahrhunderts mit dem Schwerpunkt Theodor Fontane,"Institut für Germanistik, Philosophische Fakultät",Theodor-Fontane-Archiv (wissenschaftliche Einrichtung der UP): director,http://www.uni-potsdam.de/lit-19-jhd/welcome.html,https://www.uni-potsdam.de/de/philfak/fakultaet/personalia/professorium,"campus=Neues Palais (Am Neuen Palais 10, 14469 Potsdam); evidence=institute website postal address; the Theodor-Fontane-Archiv he directs sits off-campus in the Villa Quandt, Große Weinmeisterstr. 46/47, Potsdam - not verified on the pages fetched, confidence=medium for the archive affiliation [collected in the University of Potsdam faculty slice: wiso_phil]"
Jens Tronicke,ProfessorInnen - Angewandte Geophysik | Prof. Dr.,"Angewandte Geophysik, Institut für Geowissenschaften",,,https://www.uni-potsdam.de/de/geo/institut/mitarbeiter,"campus=Golm. Evidence: institute contact block 'Campus Golm / Haus 27, Karl-Liebknecht-Str. 24-25, 14476 Potsdam'. [collected in the University of Potsdam faculty slice: mathnat]"
Outi Tuomainen,Prof. Dr. | Professur Entwicklungsbedingte Sprachstörungen (Dept.-Seite: 'Klinische Linguistik'),"Department Linguistik, Humanwissenschaftliche Fakultät (Strukturbereich Kognitionswissenschaften)",,https://www.uni-potsdam.de/de/ling/professuren/professur-fuer-entwicklungsbedingte-sprachstoerungen,https://www.uni-potsdam.de/de/kognitionswissenschaften/zusammensetzung-des-strukturbereichs/professuren-im-department-linguistik,"campus=Golm; evidence: Department Linguistik contact block ""Campus Golm, Karl-Liebknecht-Str. 24/25, Haus 14""; stellv. Departmentsprecherin Linguistik [collected in the University of Potsdam faculty slice: human_de]"
Filippo Carlà-Uhink,Professur für Geschichte des Altertums,"Historisches Institut, Philosophische Fakultät",,https://www.uni-potsdam.de/hi-altertum/index.html,https://www.uni-potsdam.de/de/philfak/fakultaet/personalia/professorium,"campus=Neues Palais (Am Neuen Palais 10, 14469 Potsdam); evidence=institute website postal address [collected in the University of Potsdam faculty slice: wiso_phil]"
Ulfert Gronewold,Professur für Rechnungswesen und Wirtschaftsprüfung im privaten und öffentlichen Sektor,"Fachgruppe Betriebswirtschaftslehre, Wirtschafts- und Sozialwissenschaftliche Fakultät",,https://www.uni-potsdam.de/de/rewe/,https://www.uni-potsdam.de/de/wiso/fakultaet/professuren-personen,"campus=Griebnitzsee (August-Bebel-Str. 89, 14482 Potsdam); evidence=chair/faculty page postal address [collected in the University of Potsdam faculty slice: wiso_phil]"
Ulrich Sauerland,Apl. Prof. Dr. | Außerplanmäßige Professur,"Department Linguistik, Humanwissenschaftliche Fakultät",,,https://www.uni-potsdam.de/de/humfak/fakultaet/struktur-und-professuren-der-fakultaet/ausserplanmaessige-professuren,"campus=unclear - the apl.-Professuren page lists names only, no addresses; confidence=low - the faculty states 'Die ausserplanmaessige Professur allein begruendet kein Dienstverhaeltnis', i.e. a title without a post, which the collection rules would normally exclude; included so it can be decided downstream [collected in the University of Potsdam faculty slice: human_de]"
Ulrich Kortenkamp,Professuren am Institut für Mathematik - Didaktik der Mathematik | Prof. Dr.,"Didaktik der Mathematik, Institut für Mathematik",,,https://www.math.uni-potsdam.de/professuren,"campus=Golm. Evidence: institute contact block 'Institut für Mathematik, Campus Golm, Haus 9, Karl-Liebknecht-Str. 24-25, D-14476 Potsdam OT Golm'. [collected in the University of Potsdam faculty slice: mathnat]"
Ulrich Glebe,Forschungsgruppen und Habilitierende - Biohybride Materialien,"Biohybride Materialien, Institut für Chemie",,https://www.uni-potsdam.de/de/biohyb/index,https://www.chem.uni-potsdam.de/index.php?lang=de&action=foha,"campus=Golm. Evidence: chem.uni-potsdam.de homepage text 'Sie finden uns im Wissenschaftspark Golm'; address 'Karl-Liebknecht-Str. 24-25, 14476 Potsdam'; Institutsleitung room 'Haus 26 / 2.61'; other rooms Haus 25 / Haus 29. confidence=low: listed by the institute under 'Forschungsgruppen und Habilitierende' with an own group page, i.e. an independent/junior research group leader, but the page does not state a funding line (Emmy Noether etc.) or whether they sit inside another chair. Jolanda Hermanns is printed as 'PD Dr.'. [collected in the University of Potsdam faculty slice: mathnat]"
Ulrich Kohler,Professur für Methoden der empirischen Sozialforschung,"Fachgruppe Soziologie, Wirtschafts- und Sozialwissenschaftliche Fakultät",,https://www.uni-potsdam.de/de/soziologie-methoden/index,https://www.uni-potsdam.de/de/wiso/fakultaet/professuren-personen,"campus=Griebnitzsee (August-Bebel-Str. 89, 14482 Potsdam); evidence=chair/faculty page postal address [collected in the University of Potsdam faculty slice: wiso_phil]"
Ulrike Becker,Apl. Prof. Dr. phil. | Außerplanmäßige Professur,"Department Erziehungswissenschaft, Humanwissenschaftliche Fakultät",,,https://www.uni-potsdam.de/de/humfak/fakultaet/struktur-und-professuren-der-fakultaet/ausserplanmaessige-professuren,"campus=unclear - the apl.-Professuren page lists names only, no addresses; confidence=low - the faculty states 'Die ausserplanmaessige Professur allein begruendet kein Dienstverhaeltnis', i.e. a title without a post, which the collection rules would normally exclude; included so it can be decided downstream [collected in the University of Potsdam faculty slice: human_de]"
Ulrike Lucke,Professuren am Institut für Informatik und Computational Science - Komplexe Multimediale Anwendungsarchitekturen,"Komplexe Multimediale Anwendungsarchitekturen, Institut für Informatik und Computational Science",,,https://www.uni-potsdam.de/de/cs/research/index,"campus=Golm (Wissenschaftspark). Evidence: institute footer on the IfI page gives 'Universität Potsdam, Institut für Informatik und Computational Science, An der Bahn 2, 14476 Potsdam' (Golm CS building). printed as 'Prof. Dr.-Ing. habil. Ulrike Lucke' [collected in the University of Potsdam faculty slice: mathnat]"
Ulrike Herzschuh,Gemeinsam berufene HochschullehrerInnen an außeruniversitären Forschungsinstitutionen und außerplanmäßige Professuren - Statistische und Dynamische Integration von Paläoumweltdaten [ AWI ] | Prof. Dr.,"Statistische und Dynamische Integration von Paläoumweltdaten [ AWI ], Institut für Umweltwissenschaften und Geographie",Alfred-Wegener-Institut - gemeinsam berufen mit AWI,,https://www.uni-potsdam.de/de/umwelt/institut/alle-mitarbeiterinnen,"campus=Golm. Evidence: 'Kontakt und Lageplan' page: 'Universität Potsdam, OT Golm, Karl-Liebknecht-Str. 24-25, 14476 Potsdam'; offices in Haus 32 and Haus 12 (Geoökologie) and Haus 24 (Geographie). Joint appointment; primary site AWI Potsdam, Telegrafenberg - off-campus. [collected in the University of Potsdam faculty slice: mathnat]"
Ulrike Demske,Professur für Geschichte und Variation der deutschen Sprache,"Institut für Germanistik, Philosophische Fakultät",,http://www.uni-potsdam.de/guvdds,https://www.uni-potsdam.de/de/philfak/fakultaet/personalia/professorium,"campus=Neues Palais (Am Neuen Palais 10, 14469 Potsdam); evidence=institute website postal address [collected in the University of Potsdam faculty slice: wiso_phil]"
Johannes Ungelenk,Professur für Allgemeine und Vergleichende Literaturwissenschaft,"Institut für Künste und Medien, Philosophische Fakultät",,http://www.uni-potsdam.de/de/avl/personal/prof-dr-johannes-ungelenk.html,https://www.uni-potsdam.de/de/philfak/fakultaet/personalia/professorium,"campus=Neues Palais (Am Neuen Palais 10, 14469 Potsdam); evidence=institute website postal address [collected in the University of Potsdam faculty slice: wiso_phil]"
Urška Grum,Professur für Didaktik der englischen Sprache,"Institut für Anglistik und Amerikanistik, Philosophische Fakultät",,https://www.uni-potsdam.de/en/tefl/academic-staff/academicstaff-1/prof-dr-urska-grum,https://www.uni-potsdam.de/de/philfak/fakultaet/personalia/professorium,"campus=Neues Palais (Am Neuen Palais 10, 14469 Potsdam); evidence=institute website postal address [collected in the University of Potsdam faculty slice: wiso_phil]"
Ursula Gaedke,Ordentliche Professuren - Ökologie und Ökosystemmodellierung,"AG Ökologie und Ökosystemmodellierung, Institut für Biochemie und Biologie",,,https://www.uni-potsdam.de/de/ibb/arbeitsgruppen/professuren-ags,"campus=Golm. Evidence: IBB 'Standorte' page names 'Standort Golm ... Karl-Liebknecht-Straße 24-25, 14476 Potsdam' as Hauptstandort der Arbeitsgruppen; second IBB site 'Maulbeerallee' (Botanischer Garten, near Neues Palais) exists for the Botanical Garden. [collected in the University of Potsdam faculty slice: mathnat]"
Uta Herbst,Professur für Betriebswirtschaftslehre mit dem Schwerpunkt Marketing,"Fachgruppe Betriebswirtschaftslehre, Wirtschafts- und Sozialwissenschaftliche Fakultät",,https://www.uni-potsdam.de/marketing/,https://www.uni-potsdam.de/de/wiso/fakultaet/professuren-personen,"campus=Griebnitzsee (August-Bebel-Str. 89, 14482 Potsdam); evidence=chair/faculty page postal address [collected in the University of Potsdam faculty slice: wiso_phil]"
Melanie Uth,Professur für Romanische Sprachwissenschaft (Französisch und Spanisch),"Institut für Romanistik, Philosophische Fakultät",,https://www.uni-potsdam.de/de/romanistik-uth/index,https://www.uni-potsdam.de/de/philfak/fakultaet/personalia/professorium,"campus=Neues Palais (Am Neuen Palais 10, 14469 Potsdam); evidence=institute website postal address [collected in the University of Potsdam faculty slice: wiso_phil]"
Vaibhav Bajpai,Prof. Dr. | Fachgebiet Data-Intensive Internet Computing,Digital Engineering Fakultät - Fachgebiet Data-Intensive Internet Computing; Digital Engineering Fakultät (gemeinsame Fakultät der Universität Potsdam und des Hasso-Plattner-Instituts),"Hasso-Plattner-Institut: the UP Digital-Engineering faculty page lists this person under 'Fachgebiete' with the link pointing to the HPI chair page (hpi.de/forschung/fachgebiete/...), and hpi.de lists the same person under 'HPI-Fachgebiete' - i.e. shown as HPI Fachgebietsleiter/in (chair holder at HPI) while being a professor of the joint UP Digital Engineering Fakultät",https://hpi.de/forschung/fachgebiete/data-intensive-internet-computing.html,https://www.uni-potsdam.de/de/digital-engineering/forschung/fachgebiete,"campus=Griebnitzsee; evidence: DE-Fakultaet/HPI ""Kontakt"" block gives Prof.-Dr.-Helmert-Str. 2-3, 14482 Potsdam [collected in the University of Potsdam faculty slice: human_de]"
Peter van der Beek,ProfessorInnen - Allgemeine Geologie | Prof. Dr.,"Allgemeine Geologie, Institut für Geowissenschaften",,,https://www.uni-potsdam.de/de/geo/institut/mitarbeiter,"campus=Golm. Evidence: institute contact block 'Campus Golm / Haus 27, Karl-Liebknecht-Str. 24-25, 14476 Potsdam'. [collected in the University of Potsdam faculty slice: mathnat]"
Shravan Vasishth,Prof. Dr. | Professur Psycho-/Neurolinguistik mit dem Schwerpunkt Sprachverarbeitung,"Department Linguistik, Humanwissenschaftliche Fakultät (Strukturbereich Kognitionswissenschaften)",,https://www.uni-potsdam.de/de/ling/professuren/professur-fuer-psycho-/neurolinguistik-mit-dem-schwerpunkt-sprachverarbeitung,https://www.uni-potsdam.de/de/kognitionswissenschaften/zusammensetzung-des-strukturbereichs/professuren-im-department-linguistik,"campus=Golm; evidence: Department Linguistik contact block ""Campus Golm, Karl-Liebknecht-Str. 24/25, Haus 14"" [collected in the University of Potsdam faculty slice: human_de]"
Vera Kirchner,Professur für Ökonomische Bildung,"Fachgruppe Ökonomische und Technische Bildung, Wirtschafts- und Sozialwissenschaftliche Fakultät",,https://www.uni-potsdam.de/de/wat/index/professur-fuer-oekonomisch-technische-bildung-und-ihre-didaktik,https://www.uni-potsdam.de/de/wiso/fakultaet/professuren-personen,"campus=Golm (Karl-Liebknecht-Str. 24-25, 14476 Potsdam OT Golm); evidence=WAT institute page address; the individual chair page shows only the generic UP address, confidence=medium [collected in the University of Potsdam faculty slice: wiso_phil]"
Roland Verwiebe,Professur für Sozialstruktur und soziale Ungleichheit,"Fachgruppe Soziologie, Wirtschafts- und Sozialwissenschaftliche Fakultät",,https://www.uni-potsdam.de/de/sozialstrukturanalyse/startseite-professur-verwiebe,https://www.uni-potsdam.de/de/wiso/fakultaet/professuren-personen,"campus=Griebnitzsee (August-Bebel-Str. 89, 14482 Potsdam); evidence=chair/faculty page postal address [collected in the University of Potsdam faculty slice: wiso_phil]"
Pablo Villavicencio Lorini,"Leitung der Professur Klinische Genetik, Vorsitzender des Fakultätsrats","Fakultät für Gesundheitswissenschaften Brandenburg (joint faculty of UP, BTU Cottbus-Senftenberg and MHB Theodor Fontane)","Medizinische Hochschule Brandenburg Theodor Fontane (MHB): the FGW overview files this professorship under MHB, not UP; Institut für Klinische Genetik",https://www.fgw-brandenburg.de/person/prof-dr-pablo-lorini/,https://www.fgw-brandenburg.de/mitglieder/professuren/uebersicht/,NOT a University of Potsdam professorship - attributed to MHB. Town=Brandenburg an der Havel (phone +49 3381). Listed only for completeness [collected in the University of Potsdam faculty slice: wiso_phil]
Miriam Vock,Prof. Dr. | Professur für Empirische Unterrichts- und Interventionsforschung,"Department Erziehungswissenschaft, Humanwissenschaftliche Fakultät (Strukturbereich Bildungswissenschaften)",,https://www.uni-potsdam.de/de/unterrichtsinterventionsforsch,https://www.uni-potsdam.de/de/bildungswissenschaften/studienbereiche/erziehungswissenschaft,"campus=Golm (Wissenschaftspark); evidence: unit ""Kontakt"" block gives Karl-Liebknecht-Str. 24-25, 14476 Potsdam OT Golm [collected in the University of Potsdam faculty slice: human_de]"
Regina Hoffmann-Vogel,Ordentliche Professuren - Experimentelle Physik kondensierter Materie,"Experimentelle Physik kondensierter Materie, Institut für Physik und Astronomie",,,https://www.uni-potsdam.de/de/physik/institut/professuren,"campus=Golm. Evidence: institute contact block 'Campus Golm, Haus 28, Karl-Liebknecht-Straße 24/25, 14476 Potsdam OT Golm'. [collected in the University of Potsdam faculty slice: mathnat]"
Volker Grimm,Gemeinsam berufene Professuren - Theoretische Ökologie,"Theoretische Ökologie, Institut für Biochemie und Biologie","Helmholtz Zentrum für Umweltforschung UFZ, Leipzig - gemeinsame Berufung",,https://www.uni-potsdam.de/de/ibb/arbeitsgruppen/professuren-ags,"campus=Golm. Evidence: IBB 'Standorte' page names 'Standort Golm ... Karl-Liebknecht-Straße 24-25, 14476 Potsdam' as Hauptstandort der Arbeitsgruppen; second IBB site 'Maulbeerallee' (Botanischer Garten, near Neues Palais) exists for the Botanical Garden. Joint appointment: primary site is the partner institute (UFZ Leipzig - off-campus), UP home institute is at Golm. [collected in the University of Potsdam faculty slice: mathnat]"
Heinz Völler,Leitung der Professur Rehabilitationsmedizin,"Fakultät für Gesundheitswissenschaften Brandenburg (joint faculty of UP, BTU Cottbus-Senftenberg and MHB Theodor Fontane)","Universität Potsdam: filed under 'Universität Potsdam (UP)' on the FGW overview; Klinik am See, Rüdersdorf: named cooperation partner",https://www.fgw-brandenburg.de/person/prof-dr-med-heinz-voeller/,https://www.fgw-brandenburg.de/mitglieder/professuren/uebersicht/,UP-site professorship. campus=Golm / Potsdam Science Park (14476 Potsdam - Golm); evidence=professorship page address on fgw-brandenburg.de. FGW notes the chair is being re-advertised as W1 TT because of his age-related retirement - still listed as holder [collected in the University of Potsdam faculty slice: wiso_phil]
Hans-Hennig von Grünberg,Professur für Wissens- und Technologietransfer,"Fachgruppe Betriebswirtschaftslehre, Wirtschafts- und Sozialwissenschaftliche Fakultät",,https://www.uni-potsdam.de/de/wtt-mnfakul,https://www.uni-potsdam.de/de/wiso/fakultaet/professuren-personen,campus=Golm (14476 Potsdam); evidence=chair page (wtt-mnfakul) postal code 14476; chair page is hosted under the Mathematisch-Naturwissenschaftliche Fakultät but the person is listed in the WiSo Fachgruppe BWL [collected in the University of Potsdam faculty slice: wiso_phil]
Julia von Maltzahn,Forschungsdekanin / Leitung der Professur für Stammzellbiologie des Alters,"Fakultät für Gesundheitswissenschaften Brandenburg (joint faculty of UP, BTU Cottbus-Senftenberg and MHB Theodor Fontane)","Brandenburgische Technische Universität Cottbus-Senftenberg (BTU): the FGW overview files this professorship under BTU, not UP",https://www.fgw-brandenburg.de/person/prof-dr-julia-von-maltzahn/,https://www.fgw-brandenburg.de/mitglieder/professuren/uebersicht/,NOT a University of Potsdam professorship - attributed to BTU. Town=Senftenberg (phone +49 3573). Listed only for completeness [collected in the University of Potsdam faculty slice: wiso_phil]
Sandra Wachter,Prof. Dr. | Fachgebiet Technology and Regulation,Digital Engineering Fakultät - Fachgebiet Technology and Regulation; Digital Engineering Fakultät (gemeinsame Fakultät der Universität Potsdam und des Hasso-Plattner-Instituts),"Hasso-Plattner-Institut: the UP Digital-Engineering faculty page lists this person under 'Fachgebiete' with the link pointing to the HPI chair page (hpi.de/forschung/fachgebiete/...), and hpi.de lists the same person under 'HPI-Fachgebiete' - i.e. shown as HPI Fachgebietsleiter/in (chair holder at HPI) while being a professor of the joint UP Digital Engineering Fakultät",https://hpi.de/forschung/fachgebiete/technology-and-regulation/,https://www.uni-potsdam.de/de/digital-engineering/forschung/fachgebiete,"campus=Griebnitzsee; evidence: DE-Fakultaet/HPI ""Kontakt"" block gives Prof.-Dr.-Helmert-Str. 2-3, 14482 Potsdam [collected in the University of Potsdam faculty slice: human_de]"
Thorsten Wagener,"HochschullehrerInnen - Analyse hydrologischer Systeme | Prof., PhD","AG Analyse hydrologischer Systeme, Institut für Umweltwissenschaften und Geographie",,,https://www.uni-potsdam.de/de/umwelt/institut/alle-mitarbeiterinnen,"campus=Golm. Evidence: 'Kontakt und Lageplan' page: 'Universität Potsdam, OT Golm, Karl-Liebknecht-Str. 24-25, 14476 Potsdam'; offices in Haus 32 and Haus 12 (Geoökologie) and Haus 24 (Geographie). [collected in the University of Potsdam faculty slice: mathnat]"
Dirk Wagner,Gemeinsam berufene Professuren - Geomikrobiologie,"Geomikrobiologie, Institut für Biochemie und Biologie",GFZ Helmholtz Zentrum Potsdam - gemeinsame Berufung; ALSO listed by the Institut für Geowissenschaften under 'Gemeinsam berufene ... ProfessorInnen' (Geomikrobiologie [GFZ]),,https://www.uni-potsdam.de/de/ibb/arbeitsgruppen/professuren-ags,"campus=Golm. Evidence: IBB 'Standorte' page names 'Standort Golm ... Karl-Liebknecht-Straße 24-25, 14476 Potsdam' as Hauptstandort der Arbeitsgruppen; second IBB site 'Maulbeerallee' (Botanischer Garten, near Neues Palais) exists for the Botanical Garden. Joint appointment: primary site is the partner institute (GFZ Telegrafenberg, 14473 Potsdam - off-campus), UP home institute is at Golm. [collected in the University of Potsdam faculty slice: mathnat]"
Walid Maalej,Prof. Dr. | Fachgebiet Software Engineering and AI,Digital Engineering Fakultät - Fachgebiet Software Engineering and AI; Digital Engineering Fakultät (gemeinsame Fakultät der Universität Potsdam und des Hasso-Plattner-Instituts),"Hasso-Plattner-Institut: the UP Digital-Engineering faculty page lists this person under 'Fachgebiete' with the link pointing to the HPI chair page (hpi.de/forschung/fachgebiete/...), and hpi.de lists the same person under 'HPI-Fachgebiete' - i.e. shown as HPI Fachgebietsleiter/in (chair holder at HPI) while being a professor of the joint UP Digital Engineering Fakultät",https://hpi.de/forschung/fachgebiete/software-engineering-and-ai/,https://www.uni-potsdam.de/de/digital-engineering/forschung/fachgebiete,"campus=Griebnitzsee; evidence: DE-Fakultaet/HPI ""Kontakt"" block gives Prof.-Dr.-Helmert-Str. 2-3, 14482 Potsdam [collected in the University of Potsdam faculty slice: human_de]"
Nicole Waller,Professur für Amerikanische Literatur und Kultur,"Institut für Anglistik und Amerikanistik, Philosophische Fakultät",,https://www.uni-potsdam.de/en/iaa-amlc/index,https://www.uni-potsdam.de/de/philfak/fakultaet/personalia/professorium,"campus=Neues Palais (Am Neuen Palais 10, 14469 Potsdam); evidence=institute website postal address; faculty page spells the first name 'Nicolle' [collected in the University of Potsdam faculty slice: wiso_phil]"
Thomas Walter,Gemeinsam berufene und außerplanmäßige ProfessorInnen und PrivatdozentInnen an außeruniversitären Forschungseinrichtungen - GFZ | Prof. Dr.,"GFZ, Institut für Geowissenschaften",GFZ,,https://www.uni-potsdam.de/de/geo/institut/mitarbeiter,"campus=Golm. Evidence: institute contact block 'Campus Golm / Haus 27, Karl-Liebknecht-Str. 24-25, 14476 Potsdam'. Joint/apl. appointment: primary site is GFZ Telegrafenberg - off-campus; the UP institute itself is at Golm Haus 27. [collected in the University of Potsdam faculty slice: mathnat]"
Walter Homolka,Professur für Jüdische Religionsphilosophie,"Institut für Jüdische Theologie (School of Jewish Theology), Philosophische Fakultät",,https://www.juedischetheologie-unipotsdam.de/de/lehrstuehlefachbereiche/juedischereligionsphilosophieneuzeit,https://www.uni-potsdam.de/de/philfak/fakultaet/personalia/professorium,"campus=Neues Palais (Am Neuen Palais 10 / Haus 15, 14469 Potsdam); evidence=School of Jewish Theology website. Recorded as printed on the faculty professorium page (last updated 30.03.2026) [collected in the University of Potsdam faculty slice: wiso_phil]"
Dirk Walther,Außerplanmäßige Professuren - Bioinformatik (MPI-MP),"Bioinformatik (MPI-MP), Institut für Biochemie und Biologie",Max-Planck-Institut für Molekulare Pflanzenphysiologie (MPI-MP) - printed in the group name '(MPI-MP)',,https://www.uni-potsdam.de/de/ibb/arbeitsgruppen/professuren-ags,"campus=Golm. Evidence: IBB 'Standorte' page names 'Standort Golm ... Karl-Liebknecht-Straße 24-25, 14476 Potsdam' as Hauptstandort der Arbeitsgruppen; second IBB site 'Maulbeerallee' (Botanischer Garten, near Neues Palais) exists for the Botanical Garden. confidence=low: außerplanmäßige Professur; included because the institute lists each with a named AG (spec: apl. only if they head a group). Day-to-day site is the partner institute, not the Golm campus. [collected in the University of Potsdam faculty slice: mathnat]"
Ariane Walz,Externe HochschullehrerInnen - Landschaftsmanagement | PD Dr.,"Landschaftsmanagement, Institut für Umweltwissenschaften und Geographie",,,https://www.uni-potsdam.de/de/umwelt/institut/alle-mitarbeiterinnen,"campus=Golm. Evidence: 'Kontakt und Lageplan' page: 'Universität Potsdam, OT Golm, Karl-Liebknecht-Str. 24-25, 14476 Potsdam'; offices in Haus 32 and Haus 12 (Geoökologie) and Haus 24 (Geographie). confidence=low: listed under 'Externe HochschullehrerInnen' with a UP email; PD, not professor. [collected in the University of Potsdam faculty slice: mathnat]"
Petra Warschburger,Prof. Dr. | Professur Beratungspsychologie,"Department Psychologie, Humanwissenschaftliche Fakultät (Strukturbereich Kognitionswissenschaften)",,https://www.uni-potsdam.de/de/beratungspsychologie/index,https://www.uni-potsdam.de/de/kognitionswissenschaften/zusammensetzung-des-strukturbereichs/professuren-im-department-psychologie,"campus=Golm (Wissenschaftspark); evidence: unit ""Kontakt"" block gives Karl-Liebknecht-Str. 24-25, 14476 Potsdam OT Golm [collected in the University of Potsdam faculty slice: human_de]"
Isabell Wartenburger,Prof. Dr. | Professur Patholinguistik/ Neurokognition der Sprache,"Department Linguistik, Humanwissenschaftliche Fakultät (Strukturbereich Kognitionswissenschaften)",,https://www.uni-potsdam.de/de/ling/professuren/professur-fuer-patholinguistik/-neurokognition-der-sprache,https://www.uni-potsdam.de/de/kognitionswissenschaften/zusammensetzung-des-strukturbereichs/professuren-im-department-linguistik,"campus=Golm; evidence: Department Linguistik contact block ""Campus Golm, Karl-Liebknecht-Str. 24/25, Haus 14""; also Prodekanin der Humanwissenschaftlichen Fakultaet [collected in the University of Potsdam faculty slice: human_de]"
Florian Weck,Prof. Dr. | Professur Klinische Psychologie / Psychotherapie,"Department Psychologie, Humanwissenschaftliche Fakultät (Strukturbereich Kognitionswissenschaften)",,https://www.uni-potsdam.de/de/clinical-psychology-psychotherapy/index,https://www.uni-potsdam.de/de/kognitionswissenschaften/zusammensetzung-des-strukturbereichs/professuren-im-department-psychologie,"campus=Golm (Wissenschaftspark); evidence: unit ""Kontakt"" block gives Karl-Liebknecht-Str. 24-25, 14476 Potsdam OT Golm [collected in the University of Potsdam faculty slice: human_de]"
Ute Weckmann,Gemeinsam berufene und außerplanmäßige ProfessorInnen und PrivatdozentInnen an außeruniversitären Forschungseinrichtungen - GFZ | PD Dr.,"GFZ, Institut für Geowissenschaften",GFZ - primary employer,,https://www.uni-potsdam.de/de/geo/institut/mitarbeiter,"campus=Golm. Evidence: institute contact block 'Campus Golm / Haus 27, Karl-Liebknecht-Str. 24-25, 14476 Potsdam'. confidence=low: Privatdozent/in, not a professorship; included because the institute lists them in the same table as its joint appointees. Primary site is GFZ, off the Golm campus. Missing: whether they lead an independent group. [collected in the University of Potsdam faculty slice: mathnat]"
Matthias Weidlich,Prof. Dr. | Fachgebiet Data Systems,Digital Engineering Fakultät - Fachgebiet Data Systems; Digital Engineering Fakultät (gemeinsame Fakultät der Universität Potsdam und des Hasso-Plattner-Instituts),"Hasso-Plattner-Institut: the UP Digital-Engineering faculty page lists this person under 'Fachgebiete' with the link pointing to the HPI chair page (hpi.de/forschung/fachgebiete/...), and hpi.de lists the same person under 'HPI-Fachgebiete' - i.e. shown as HPI Fachgebietsleiter/in (chair holder at HPI) while being a professor of the joint UP Digital Engineering Fakultät",https://hpi.de/en/database-group/people/prof-dr-matthias-weidlich/,https://www.uni-potsdam.de/de/digital-engineering/forschung/fachgebiete,"campus=Griebnitzsee; evidence: DE-Fakultaet/HPI ""Kontakt"" block gives Prof.-Dr.-Helmert-Str. 2-3, 14482 Potsdam [collected in the University of Potsdam faculty slice: human_de]"
Philipp Weis,Gemeinsam berufene und außerplanmäßige ProfessorInnen und PrivatdozentInnen an außeruniversitären Forschungseinrichtungen - GFZ | Prof. Dr.,"GFZ, Institut für Geowissenschaften",GFZ,,https://www.uni-potsdam.de/de/geo/institut/mitarbeiter,"campus=Golm. Evidence: institute contact block 'Campus Golm / Haus 27, Karl-Liebknecht-Str. 24-25, 14476 Potsdam'. Joint/apl. appointment: primary site is GFZ Telegrafenberg - off-campus; the UP institute itself is at Golm Haus 27. [collected in the University of Potsdam faculty slice: mathnat]"
Norman Weiss,"Lehrbefugnis Öffentliches Recht, Völkerrecht und Europarecht","Fachbereich Öffentliches Recht, Juristische Fakultät",MenschenRechtsZentrum der Universität Potsdam (associated),https://www.uni-potsdam.de/de/apl-weiss.html,https://www.uni-potsdam.de/de/jura/ful/lehrstuehle-und-professuren/oeffentliches-recht,"apl. Prof.; titular rather than budgeted chair; INCLUDED per instruction. campus=Griebnitzsee (August-Bebel-Str. 89, 14482 Potsdam); evidence=Juristische Fakultät contact block (chair page gave no own address). confidence=low [collected in the University of Potsdam faculty slice: wiso_phil]"
Thomas Weith,Gemeinsam berufene HochschullehrerInnen an außeruniversitären Forschungsinstitutionen und außerplanmäßige Professuren - ILS in Dortmund [ ILS ] | Prof. Dr.-Ing.,"ILS in Dortmund [ ILS ], Institut für Umweltwissenschaften und Geographie",ILS Dortmund (Institut für Landes- und Stadtentwicklungsforschung),,https://www.uni-potsdam.de/de/umwelt/institut/alle-mitarbeiterinnen,"campus=Golm. Evidence: 'Kontakt und Lageplan' page: 'Universität Potsdam, OT Golm, Karl-Liebknecht-Str. 24-25, 14476 Potsdam'; offices in Haus 32 and Haus 12 (Geoökologie) and Haus 24 (Geographie). Joint appointment; primary site ILS Dortmund - off-campus. [collected in the University of Potsdam faculty slice: mathnat]"
Guntram Weithoff,Außerplanmäßige Professuren - AG Aquatic Ecology,"AG Aquatic Ecology, Institut für Biochemie und Biologie",,,https://www.uni-potsdam.de/de/ibb/arbeitsgruppen/professuren-ags,"campus=Golm. Evidence: IBB 'Standorte' page names 'Standort Golm ... Karl-Liebknecht-Straße 24-25, 14476 Potsdam' as Hauptstandort der Arbeitsgruppen; second IBB site 'Maulbeerallee' (Botanischer Garten, near Neues Palais) exists for the Botanical Garden. confidence=low: außerplanmäßige Professur; included because the institute lists each with a named AG (spec: apl. only if they head a group). [collected in the University of Potsdam faculty slice: mathnat]"
Petra Wendler,Ordentliche Professuren - Biochemie,"AG Biochemie, Institut für Biochemie und Biologie",,,https://www.uni-potsdam.de/de/ibb/arbeitsgruppen/professuren-ags,"campus=Golm. Evidence: IBB 'Standorte' page names 'Standort Golm ... Karl-Liebknecht-Straße 24-25, 14476 Potsdam' as Hauptstandort der Arbeitsgruppen; second IBB site 'Maulbeerallee' (Botanischer Garten, near Neues Palais) exists for the Botanical Garden. [collected in the University of Potsdam faculty slice: mathnat]"
Oliver Wendt,Prof. Dr. | Inklusionspädagogik - Förderschwerpunkt Geistige Entwicklung,"Department Inklusionspädagogik, Humanwissenschaftliche Fakultät (Strukturbereich Bildungswissenschaften)",,https://www.uni-potsdam.de/de/inklusion/kognitive-entwicklung,https://www.uni-potsdam.de/de/bildungswissenschaften/studienbereiche/inklusionspaedagogik,"campus=Golm (Wissenschaftspark); evidence: unit ""Kontakt"" block gives Karl-Liebknecht-Str. 24-25, 14476 Potsdam OT Golm [collected in the University of Potsdam faculty slice: human_de]"
Henrike Müller-Werkmeister,Professuren (Institut für Chemie) - Physikalische Chemie,"Physikalische Chemie, Institut für Chemie",,https://www.uni-potsdam.de/en/usd/index,https://www.chem.uni-potsdam.de/index.php?lang=de&action=profs,"campus=Golm. Evidence: chem.uni-potsdam.de homepage text 'Sie finden uns im Wissenschaftspark Golm'; address 'Karl-Liebknecht-Str. 24-25, 14476 Potsdam'; Institutsleitung room 'Haus 26 / 2.61'; other rooms Haus 25 / Haus 29. Printed as 'JProf. Henrike Müller-Werkmeister' (Juniorprofessur). [collected in the University of Potsdam faculty slice: mathnat]"
Werner Beidinger,Prof. Werner Beidinger | Professur für Elementare Musikpädagogik,"Department Musik und Kunst, Humanwissenschaftliche Fakultät (Strukturbereich Bildungswissenschaften)",,https://www.uni-potsdam.de/de/musik/professuren-abteilungen/professur-fuer-elementare-musikpaedagogik,https://www.uni-potsdam.de/de/bildungswissenschaften/studienbereiche/musik-und-kunst,"campus=Golm; evidence: Musik unit contact block ""Universitaet Potsdam (Standort Golm), Karl-Liebknecht-Str. 24-25, Haus 6, 14476 Potsdam""; stellv. Departmentsprecher Musik und Kunst [collected in the University of Potsdam faculty slice: human_de]"
Mathias Weske,Prof. Dr. | Fachgebiet Business Process Technology,Digital Engineering Fakultät - Fachgebiet Business Process Technology; Digital Engineering Fakultät (gemeinsame Fakultät der Universität Potsdam und des Hasso-Plattner-Instituts),"Hasso-Plattner-Institut: the UP Digital-Engineering faculty page lists this person under 'Fachgebiete' with the link pointing to the HPI chair page (hpi.de/forschung/fachgebiete/...), and hpi.de lists the same person under 'HPI-Fachgebiete' - i.e. shown as HPI Fachgebietsleiter/in (chair holder at HPI) while being a professor of the joint UP Digital Engineering Fakultät",https://hpi.de/forschung/fachgebiete/business-process-technology.html,https://www.uni-potsdam.de/de/digital-engineering/forschung/fachgebiete,"campus=Griebnitzsee; evidence: DE-Fakultaet/HPI ""Kontakt"" block gives Prof.-Dr.-Helmert-Str. 2-3, 14482 Potsdam; Vorsitz des Fakultaetsrats der Digital Engineering Fakultaet [collected in the University of Potsdam faculty slice: human_de]"
Katharina Wesselmann,Professur für Klassische Philologie,"Klassische Philologie, Philosophische Fakultät",,http://www.uni-potsdam.de/klassphil/index.html,https://www.uni-potsdam.de/de/philfak/fakultaet/personalia/professorium,"campus=Neues Palais (Am Neuen Palais 10, Haus 08, 14469 Potsdam); evidence=institute website postal address [collected in the University of Potsdam faculty slice: wiso_phil]"
Pablo Wessig,Professuren (Institut für Chemie) - Bioorganische Chemie,"Bioorganische Chemie, Institut für Chemie",,https://ag-wessig.chem.uni-potsdam.de,https://www.chem.uni-potsdam.de/index.php?lang=de&action=profs,"campus=Golm. Evidence: chem.uni-potsdam.de homepage text 'Sie finden uns im Wissenschaftspark Golm'; address 'Karl-Liebknecht-Str. 24-25, 14476 Potsdam'; Institutsleitung room 'Haus 26 / 2.61'; other rooms Haus 25 / Haus 29. Room Haus 25 / D 0.06. [collected in the University of Potsdam faculty slice: mathnat]"
Mathias Weymar,Prof. Dr. | Professur Emotions- und Biopsychologie,"Department Psychologie, Humanwissenschaftliche Fakultät (Strukturbereich Kognitionswissenschaften)",,https://www.uni-potsdam.de/de/emobio/index,https://www.uni-potsdam.de/de/kognitionswissenschaften/zusammensetzung-des-strukturbereichs/professuren-im-department-psychologie,"campus=Golm (Wissenschaftspark); evidence: unit ""Kontakt"" block gives Karl-Liebknecht-Str. 24-25, 14476 Potsdam OT Golm [collected in the University of Potsdam faculty slice: human_de]"
Lothar H. Wieler,Prof. Dr. | Fachgebiet Digital Global Public Health,Digital Engineering Fakultät - Fachgebiet Digital Global Public Health; Digital Engineering Fakultät (gemeinsame Fakultät der Universität Potsdam und des Hasso-Plattner-Instituts),"Hasso-Plattner-Institut: the UP Digital-Engineering faculty page lists this person under 'Fachgebiete' with the link pointing to the HPI chair page (hpi.de/forschung/fachgebiete/...), and hpi.de lists the same person under 'HPI-Fachgebiete' - i.e. shown as HPI Fachgebietsleiter/in (chair holder at HPI) while being a professor of the joint UP Digital Engineering Fakultät",https://hpi.de/forschung/fachgebiete/digital-global-public-health.html,https://www.uni-potsdam.de/de/digital-engineering/forschung/fachgebiete,"campus=Griebnitzsee; evidence: DE-Fakultaet/HPI ""Kontakt"" block gives Prof.-Dr.-Helmert-Str. 2-3, 14482 Potsdam [collected in the University of Potsdam faculty slice: human_de]"
Dirk Wiemann,Professur für Englische Literatur,"Institut für Anglistik und Amerikanistik, Philosophische Fakultät",,https://www.uni-potsdam.de/en/iaa-elit/index,https://www.uni-potsdam.de/de/philfak/fakultaet/personalia/professorium,"campus=Neues Palais (Am Neuen Palais 10, 14469 Potsdam); evidence=institute website postal address [collected in the University of Potsdam faculty slice: wiso_phil]"
Tobias Wiemer,Professur für Technik und Technische Bildung,"Fachgruppe Ökonomische und Technische Bildung, Wirtschafts- und Sozialwissenschaftliche Fakultät",,https://www.uni-potsdam.de/de/wat/index,https://www.uni-potsdam.de/de/wiso/fakultaet/professuren-personen,"campus=Golm (Karl-Liebknecht-Str. 24-25, 14476 Potsdam OT Golm); evidence=WAT institute page address; the individual chair page shows only the generic UP address, confidence=medium [collected in the University of Potsdam faculty slice: wiso_phil]"
Monika Wienfort,Professur für Brandenburgisch-Preußische Geschichte,"Historisches Institut, Philosophische Fakultät",,https://www.uni-potsdam.de/de/bp-geschichte/index,https://www.uni-potsdam.de/de/philfak/fakultaet/personalia/professorium,"campus=Neues Palais (Am Neuen Palais 10, 14469 Potsdam); evidence=institute website postal address [collected in the University of Potsdam faculty slice: wiso_phil]"
Karoline Wiesner,Ordentliche Professuren - Komplexitätswissenschaft,"Komplexitätswissenschaft, Institut für Physik und Astronomie",,,https://www.uni-potsdam.de/de/physik/institut/professuren,"campus=Golm. Evidence: institute contact block 'Campus Golm, Haus 28, Karl-Liebknecht-Straße 24/25, 14476 Potsdam OT Golm'. [collected in the University of Potsdam faculty slice: mathnat]"
Phillip A. Wigge,Gemeinsam berufene Professuren - Plant Nutritional Genomics,"Plant Nutritional Genomics, Institut für Biochemie und Biologie",Leibniz-Institut für Gemüse und Zierpflanzenbau (IGZ) - gemeinsame Berufung,,https://www.uni-potsdam.de/de/ibb/arbeitsgruppen/professuren-ags,"campus=Golm. Evidence: IBB 'Standorte' page names 'Standort Golm ... Karl-Liebknecht-Straße 24-25, 14476 Potsdam' as Hauptstandort der Arbeitsgruppen; second IBB site 'Maulbeerallee' (Botanischer Garten, near Neues Palais) exists for the Botanical Garden. Joint appointment: primary site is the partner institute (IGZ Großbeeren - off-campus), UP home institute is at Golm. [collected in the University of Potsdam faculty slice: mathnat]"
Hubert Wiggering,AG Landwissenschaften - Leitung: Prof. Hubert Wiggering (im Ruhestand),"AG Landwissenschaften, Institut für Umweltwissenschaften und Geographie",,,https://www.uni-potsdam.de/de/umwelt/forschung/uebersicht,"campus=Golm. Evidence: 'Kontakt und Lageplan' page: 'Universität Potsdam, OT Golm, Karl-Liebknecht-Str. 24-25, 14476 Potsdam'; offices in Haus 32 and Haus 12 (Geoökologie) and Haus 24 (Geographie). confidence=low / FLAGGED: page itself says '(im Ruhestand)' = retired, which the spec excludes; row kept so the omission is visible. Still named as AG head. [collected in the University of Potsdam faculty slice: mathnat]"
Wilhelm Huisinga,Professuren am Institut für Mathematik - Mathematische Modellierung und Systembiologie | Prof. Dr.,"Mathematische Modellierung und Systembiologie, Institut für Mathematik","Institut für Biochemie und Biologie, Universität Potsdam - Zweitmitgliedschaft (IBB page lists him under 'Professuren mit Zweitmitgliedschaft am Institut für Biochemie und Biologie'); also listed by the Informatik institute under 'Weitere Informatik(nahe) Professuren am Institut für Mathematik'",https://www.math.uni-potsdam.de/professuren/mathematische-modellierung-und-systembiologie,https://www.math.uni-potsdam.de/professuren,"campus=Golm. Evidence: institute contact block 'Institut für Mathematik, Campus Golm, Haus 9, Karl-Liebknecht-Str. 24-25, D-14476 Potsdam OT Golm'. Counted once here (home institute = Mathematik). [collected in the University of Potsdam faculty slice: mathnat]"
Martin Karl Wilhelm Pohl,Gemeinsam berufene Professuren - DESY Zeuthen,Institut für Physik und Astronomie,DESY Zeuthen - gemeinsame Berufung (listed by UP under 'Gemeinsam berufene Professuren'),,https://www.uni-potsdam.de/de/physik/institut/professuren,"campus=Golm. Evidence: institute contact block 'Campus Golm, Haus 28, Karl-Liebknecht-Straße 24/25, 14476 Potsdam OT Golm'. Nominal UP institute is at Golm, but the person's day-to-day site is the partner institute: DESY Zeuthen is in Zeuthen, Brandenburg - off-campus. Joint appointment. [collected in the University of Potsdam faculty slice: mathnat]"
Max Wilke,ProfessorInnen - Mineralogie | Prof. Dr.,"Mineralogie, Institut für Geowissenschaften",,,https://www.uni-potsdam.de/de/geo/institut/mitarbeiter,"campus=Golm. Evidence: institute contact block 'Campus Golm / Haus 27, Karl-Liebknecht-Str. 24-25, 14476 Potsdam'. [collected in the University of Potsdam faculty slice: mathnat]"
Lothar Willmitzer,Honorarprofessuren - Molekulare Physiologie,"Molekulare Physiologie, Institut für Biochemie und Biologie",Max-Planck-Institut für Molekulare Pflanzenphysiologie - printed after the name; primary employer,,https://www.uni-potsdam.de/de/ibb/arbeitsgruppen/professuren-ags,"campus=Golm. Evidence: IBB 'Standorte' page names 'Standort Golm ... Karl-Liebknecht-Straße 24-25, 14476 Potsdam' as Hauptstandort der Arbeitsgruppen; second IBB site 'Maulbeerallee' (Botanischer Garten, near Neues Palais) exists for the Botanical Garden. confidence=low / FLAGGED: Honorarprofessur; spec says EXCLUDE honorary. Row kept for visibility. MPI-MP is on the Golm science park (Am Mühlenberg 1, 14476 Potsdam-Golm), adjacent to but not part of the UP Golm campus. [collected in the University of Potsdam faculty slice: mathnat]"
Alexander Windoffer,"Professur für Öffentliches Recht, insbesondere Besonderes Verwaltungsrecht und Verwaltungswissenschaften","Fachbereich Öffentliches Recht, Juristische Fakultät",Sprecher des Fachbereichs Öffentliches Recht,http://www.uni-potsdam.de/besonderes-verwaltungsrecht,https://www.uni-potsdam.de/de/jura/ful/lehrstuehle-und-professuren/oeffentliches-recht,"campus=Griebnitzsee (August-Bebel-Str. 89, 14482 Potsdam); evidence=chair page postal address [collected in the University of Potsdam faculty slice: wiso_phil]"
Ricarda Winkelmann,Gemeinsam berufene Professuren - Potsdam-Institut für Klimafolgenforschung,Institut für Physik und Astronomie,Potsdam-Institut für Klimafolgenforschung - gemeinsame Berufung (listed by UP under 'Gemeinsam berufene Professuren'),,https://www.uni-potsdam.de/de/physik/institut/professuren,"campus=Golm. Evidence: institute contact block 'Campus Golm, Haus 28, Karl-Liebknecht-Straße 24/25, 14476 Potsdam OT Golm'. Nominal UP institute is at Golm, but the person's day-to-day site is the partner institute: PIK is on the Telegrafenberg, 14473 Potsdam - off-campus. Joint appointment. [collected in the University of Potsdam faculty slice: mathnat]"
Winnie-Karen Giera,Juniorprofessur für Deutschdidaktik im inklusiven Kontext/Förderschwerpunkt Sprache und Kommunikation (Sekundarstufe l),"Institut für Germanistik, Philosophische Fakultät",,https://www.uni-potsdam.de/de/inklusive-deutschdidaktik/,https://www.uni-potsdam.de/de/philfak/fakultaet/personalia/professorium,"campus=Neues Palais (Am Neuen Palais 10, 14469 Potsdam); evidence=institute website postal address; institute page adds 'Tenure Track' [collected in the University of Potsdam faculty slice: wiso_phil]"
Pia-Maria Wippert,Prof. Dr. | Professur Medizinische Soziologie und Psychobiologie,"Department Sport- und Gesundheitswissenschaften, Humanwissenschaftliche Fakultät",,https://www.uni-potsdam.de/de/medizinischesoziologie-psychobiologie/team/pia-maria-wippert,https://www.uni-potsdam.de/de/bildungswissenschaften/studienbereiche/sport-1,"campus=Neues Palais; evidence: chair page Kontakt ""Am Neuen Palais 10, 14469 Potsdam""; Kognitionswissenschaften list spells ""Pia-Marie Wippert"", chair page ""Pia-Maria Wippert"" [collected in the University of Potsdam faculty slice: human_de]"
Lutz Wisotzki,Gemeinsam berufene Professuren - Leibniz-Institut für Astrophysik,Institut für Physik und Astronomie,Leibniz-Institut für Astrophysik - gemeinsame Berufung (listed by UP under 'Gemeinsam berufene Professuren'),,https://www.uni-potsdam.de/de/physik/institut/professuren,"campus=Golm. Evidence: institute contact block 'Campus Golm, Haus 28, Karl-Liebknecht-Straße 24/25, 14476 Potsdam OT Golm'. Nominal UP institute is at Golm, but the person's day-to-day site is the partner institute: AIP is at An der Sternwarte 16, 14482 Potsdam-Babelsberg - off the Golm campus, near Griebnitzsee. Joint appointment. [collected in the University of Potsdam faculty slice: mathnat]"
Jörg Wissel,Apl. Prof. Dr. med. | Außerplanmäßige Professur,"Department Sport- und Gesundheitswissenschaften, Humanwissenschaftliche Fakultät",,,https://www.uni-potsdam.de/de/humfak/fakultaet/struktur-und-professuren-der-fakultaet/ausserplanmaessige-professuren,"campus=unclear - the apl.-Professuren page lists names only, no addresses; confidence=low - the faculty states 'Die ausserplanmaessige Professur allein begruendet kein Dienstverhaeltnis', i.e. a title without a post, which the collection rules would normally exclude; included so it can be decided downstream [collected in the University of Potsdam faculty slice: human_de]"
Hans-Georg Wolf,Professur für Entwicklung und Variation der englischen Sprache,"Institut für Anglistik und Amerikanistik, Philosophische Fakultät",,https://www.uni-potsdam.de/en/iaa-dvel/overview,https://www.uni-potsdam.de/de/philfak/fakultaet/personalia/professorium,"campus=Neues Palais (Am Neuen Palais 10, 14469 Potsdam); evidence=institute website postal address [collected in the University of Potsdam faculty slice: wiso_phil]"
Wolfgang Lauterbach,Prof. Dr. | Professur für Sozialwissenschaftliche Bildungsforschung,"Department Erziehungswissenschaft, Humanwissenschaftliche Fakultät (Strukturbereich Bildungswissenschaften)",,https://www.uni-potsdam.de/de/sozbildung/team/wolfgang-lauterbach.html,https://www.uni-potsdam.de/de/bildungswissenschaften/studienbereiche/erziehungswissenschaft,"campus=Golm (Wissenschaftspark); evidence: unit ""Kontakt"" block gives Karl-Liebknecht-Str. 24-25, 14476 Potsdam OT Golm; also Studiendekan der Humanwissenschaftlichen Fakultaet [collected in the University of Potsdam faculty slice: human_de]"
Wolfgang Schwanghart,HochschullehrerInnen - Naturgefahren | PD Dr.,"Naturgefahren, Institut für Umweltwissenschaften und Geographie",,,https://www.uni-potsdam.de/de/umwelt/institut/alle-mitarbeiterinnen,"campus=Golm. Evidence: 'Kontakt und Lageplan' page: 'Universität Potsdam, OT Golm, Karl-Liebknecht-Str. 24-25, 14476 Potsdam'; offices in Haus 32 and Haus 12 (Geoökologie) and Haus 24 (Geographie). confidence=low: Privatdozent, not a professor, but the institute lists him in its 'HochschullehrerInnen' table. Missing: whether he heads an independent group. [collected in the University of Potsdam faculty slice: mathnat]"
Alexander Wöll,Professur für Kultur und Literatur Mittel- und Osteuropas,"Institut für Slavistik, Philosophische Fakultät",,http://www.uni-potsdam.de/de/slavistik-kulturliteratur/prof-dr-alexander-woell.html,https://www.uni-potsdam.de/de/philfak/fakultaet/personalia/professorium,"campus=Neues Palais (Am Neuen Palais 10, 14469 Potsdam); evidence=institute website postal address [collected in the University of Potsdam faculty slice: wiso_phil]"
Katharina Wrohlich,"Professur für Öffentliche Finanzen, Gender- und Familienoekonomie (Gemeinsame Berufung mit dem DIW Berlin)","Fachgruppe Volkswirtschaftslehre, Wirtschafts- und Sozialwissenschaftliche Fakultät",DIW Berlin: joint appointment (gemeinsame Berufung); personal page hosted at diw.de,https://www.diw.de/de/diw_01.c.10990.de/personen/wrohlich__katharina.html,https://www.uni-potsdam.de/de/wiso/fakultaet/professuren-personen,"JOINT APPOINTMENT UP + DIW Berlin. campus=unclear for the UP part, day-to-day seat is DIW Berlin. confidence=low [collected in the University of Potsdam faculty slice: wiso_phil]"
Monika Wulf,Außerplanmäßige Professuren - AG Vegetationsökologie,"AG Vegetationsökologie, Institut für Biochemie und Biologie",Leibniz-Zentrum für Agrarlandschaftsforschung (ZALF) - printed in brackets after the name,,https://www.uni-potsdam.de/de/ibb/arbeitsgruppen/professuren-ags,"campus=Golm. Evidence: IBB 'Standorte' page names 'Standort Golm ... Karl-Liebknecht-Straße 24-25, 14476 Potsdam' as Hauptstandort der Arbeitsgruppen; second IBB site 'Maulbeerallee' (Botanischer Garten, near Neues Palais) exists for the Botanical Garden. confidence=low: außerplanmäßige Professur; included because the institute lists each with a named AG (spec: apl. only if they head a group). Day-to-day site is the partner institute, not the Golm campus. [collected in the University of Potsdam faculty slice: mathnat]"
Huirong Yan,Gemeinsam berufene Professuren - DESY Zeuthen,Institut für Physik und Astronomie,DESY Zeuthen - gemeinsame Berufung (listed by UP under 'Gemeinsam berufene Professuren'),,https://www.uni-potsdam.de/de/physik/institut/professuren,"campus=Golm. Evidence: institute contact block 'Campus Golm, Haus 28, Karl-Liebknecht-Straße 24/25, 14476 Potsdam OT Golm'. Nominal UP institute is at Golm, but the person's day-to-day site is the partner institute: DESY Zeuthen is in Zeuthen, Brandenburg - off-campus. Joint appointment. [collected in the University of Potsdam faculty slice: mathnat]"
Yuri Shprits,Gemeinsam berufene Professuren - Helmholtz-Zentrum für Geoforschung,Institut für Physik und Astronomie,Helmholtz-Zentrum für Geoforschung - gemeinsame Berufung (listed by UP under 'Gemeinsam berufene Professuren'),,https://www.uni-potsdam.de/de/physik/institut/professuren,"campus=Golm. Evidence: institute contact block 'Campus Golm, Haus 28, Karl-Liebknecht-Straße 24/25, 14476 Potsdam OT Golm'. Nominal UP institute is at Golm, but the person's day-to-day site is the partner institute: GFZ is on the Telegrafenberg, 14473 Potsdam - off-campus. Joint appointment. [collected in the University of Potsdam faculty slice: mathnat]"
Eleni Tzirita Zacharatou,Prof. Dr. | Fachgebiet Spatial Analytics and Large Scale Data Processing,Digital Engineering Fakultät - Fachgebiet Spatial Analytics and Large Scale Data Processing; Digital Engineering Fakultät (gemeinsame Fakultät der Universität Potsdam und des Hasso-Plattner-Instituts),"Hasso-Plattner-Institut: the UP Digital-Engineering faculty page lists this person under 'Fachgebiete' with the link pointing to the HPI chair page (hpi.de/forschung/fachgebiete/...), and hpi.de lists the same person under 'HPI-Fachgebiete' - i.e. shown as HPI Fachgebietsleiter/in (chair holder at HPI) while being a professor of the joint UP Digital Engineering Fakultät",https://hpi.de/en/database-group/home/,https://www.uni-potsdam.de/de/digital-engineering/forschung/fachgebiete,"campus=Griebnitzsee; evidence: DE-Fakultaet/HPI ""Kontakt"" block gives Prof.-Dr.-Helmert-Str. 2-3, 14482 Potsdam [collected in the University of Potsdam faculty slice: human_de]"
Arno Zang,Gemeinsam berufene und außerplanmäßige ProfessorInnen und PrivatdozentInnen an außeruniversitären Forschungseinrichtungen - Geophysik und Felsmechanik | Prof. Dr.,"Geophysik und Felsmechanik, Institut für Geowissenschaften",GFZ - email arno.zang@gfz-potsdam.de,,https://www.uni-potsdam.de/de/geo/institut/mitarbeiter,"campus=Golm. Evidence: institute contact block 'Campus Golm / Haus 27, Karl-Liebknecht-Str. 24-25, 14476 Potsdam'. Joint/apl. appointment: primary site is GFZ Telegrafenberg - off-campus; the UP institute itself is at Golm Haus 27. [collected in the University of Potsdam faculty slice: mathnat]"
Rudolf Zeidler,Professuren am Institut für Mathematik - Geometrie | Prof. Dr.,"Geometrie, Institut für Mathematik",,https://www.math.uni-potsdam.de/professuren/geometrie,https://www.math.uni-potsdam.de/professuren,"campus=Golm. Evidence: institute contact block 'Institut für Mathematik, Campus Golm, Haus 9, Karl-Liebknecht-Str. 24-25, D-14476 Potsdam OT Golm'. [collected in the University of Potsdam faculty slice: mathnat]"
Malte Zimmermann,Prof. Dr. | Professur Allgemeine Sprachwissenschaft: Grammatiktheorie mit dem Schwerpunkt Semantik,"Department Linguistik, Humanwissenschaftliche Fakultät (Strukturbereich Kognitionswissenschaften)",,https://www.uni-potsdam.de/de/ling/professuren/professur-fuer-allgemeine-sprachwissenschaft-grammatiktheorie-mit-dem-schwerpunkt-semantik,https://www.uni-potsdam.de/de/kognitionswissenschaften/zusammensetzung-des-strukturbereichs/professuren-im-department-linguistik,"campus=Golm; evidence: Department Linguistik contact block ""Campus Golm, Karl-Liebknecht-Str. 24/25, Haus 14"" [collected in the University of Potsdam faculty slice: human_de]"
Andreas Zimmermann,"Lehrstuhl für Öffentliches Recht, insbesondere Staatsrecht, Europa- und Völkerrecht sowie Europäisches Wirtschaftsrecht und Wirtschaftsvölkerrecht","Fachbereich Öffentliches Recht, Juristische Fakultät",,http://www.uni-potsdam.de/ls-zimmermann,https://www.uni-potsdam.de/de/jura/ful/lehrstuehle-und-professuren/oeffentliches-recht,"campus=Griebnitzsee (August-Bebel-Str. 89, 14482 Potsdam); evidence=chair page postal address [collected in the University of Potsdam faculty slice: wiso_phil]"
Gert Zöller,Professuren am Institut für Mathematik - Angewandte Mathematik | apl. Prof. Dr.,"Angewandte Mathematik, Institut für Mathematik",,https://www.math.uni-potsdam.de/professuren/angewandte-mathematik,https://www.math.uni-potsdam.de/professuren,"campus=Golm. Evidence: institute contact block 'Institut für Mathematik, Campus Golm, Haus 9, Karl-Liebknecht-Str. 24-25, D-14476 Potsdam OT Golm'. confidence=low: außerplanmäßige Professur; page lists him as co-holder of the Angewandte Mathematik Professur, unclear whether he heads an own group. [collected in the University of Potsdam faculty slice: mathnat]"
Zoran Nikoloski,Ordentliche Professuren - Bioinformatik,"AG Bioinformatik, Institut für Biochemie und Biologie",,,https://www.uni-potsdam.de/de/ibb/arbeitsgruppen/professuren-ags,"campus=Golm. Evidence: IBB 'Standorte' page names 'Standort Golm ... Karl-Liebknecht-Straße 24-25, 14476 Potsdam' as Hauptstandort der Arbeitsgruppen; second IBB site 'Maulbeerallee' (Botanischer Garten, near Neues Palais) exists for the Botanical Garden. [collected in the University of Potsdam faculty slice: mathnat]"
Damaris Zurell,Ordentliche Professuren - Ökologie/Makroökologie,"AG Ökologie/Makroökologie, Institut für Biochemie und Biologie",,,https://www.uni-potsdam.de/de/ibb/arbeitsgruppen/professuren-ags,"campus=Golm. Evidence: IBB 'Standorte' page names 'Standort Golm ... Karl-Liebknecht-Straße 24-25, 14476 Potsdam' as Hauptstandort der Arbeitsgruppen; second IBB site 'Maulbeerallee' (Botanischer Garten, near Neues Palais) exists for the Botanical Garden. [collected in the University of Potsdam faculty slice: mathnat]"
